date,n34,n3,n4,n12,soi,mei,dmi,tni,oni,soi_warm,contrast,local_n34,local_relative,roni,n34_smoothed,E,C,n34_cpc
1854-01-01,,,,,,,,,,,,,,,,0.12973,-0.86703,
1854-02-01,,,,,,,,,,,,,,,,-0.14916,-0.61593,
1854-03-01,,,,,,,,,,,,,,,,-0.65337,-0.14809,
1854-04-01,,,,,,,,,,,,,,,,-0.79331,0.00189,
1854-05-01,,,,,,,,,,,,,,,,-0.82572,0.14345,
1854-06-01,,,,,,,,,,,,,,,,0.29447,-0.71828,
1854-07-01,,,,,,,,,,,,,,,,-0.0328,-0.39414,
1854-08-01,,,,,,,,,,,,,,,,-0.15815,-1.11976,
1854-09-01,,,,,,,,,,,,,,,,-0.26175,-0.80361,
1854-10-01,,,,,,,,,,,,,,,,0.40504,-1.72937,
1854-11-01,,,,,,,,,,,,,,,,-0.17599,-1.49362,
1854-12-01,,,,,,,,,,,,,,,,-0.32609,-1.75207,
1855-01-01,,,,,,,,,,,,,,,,-0.47644,-0.74646,
1855-02-01,,,,,,,,,,,,,,,,-0.10347,-0.04035,
1855-03-01,,,,,,,,,,,,,,,,-0.50612,-0.06501,
1855-04-01,,,,,,,,,,,,,,,,-0.36899,-0.40979,
1855-05-01,,,,,,,,,,,,,,,,-0.03424,-0.77498,
1855-06-01,,,,,,,,,,,,,,,,0.21388,-1.44899,
1855-07-01,,,,,,,,,,,,,,,,1.18446,-2.09324,
1855-08-01,,,,,,,,,,,,,,,,0.35712,-0.58362,
1855-09-01,,,,,,,,,,,,,,,,-0.43576,1.51696,
1855-10-01,,,,,,,,,,,,,,,,0.66112,0.52573,
1855-11-01,,,,,,,,,,,,,,,,0.02334,0.62087,
1855-12-01,,,,,,,,,,,,,,,,-0.05355,0.7471,
1856-01-01,,,,,,,,,,,,,,,,0.01043,0.53032,
1856-02-01,,,,,,,,,,,,,,,,-0.53478,0.22021,
1856-03-01,,,,,,,,,,,,,,,,-0.42852,0.09429,
1856-04-01,,,,,,,,,,,,,,,,-0.72431,-0.88699,
1856-05-01,,,,,,,,,,,,,,,,-1.20098,-0.82635,
1856-06-01,,,,,,,,,,,,,,,,-1.86062,-0.04821,
1856-07-01,,,,,,,,,,,,,,,,-1.47652,-0.78186,
1856-08-01,,,,,,,,,,,,,,,,-0.85432,-1.99031,
1856-09-01,,,,,,,,,,,,,,,,-0.18096,-2.83972,
1856-10-01,,,,,,,,,,,,,,,,0.28668,-3.33073,
1856-11-01,,,,,,,,,,,,,,,,0.37336,-3.63174,
1856-12-01,,,,,,,,,,,,,,,,0.713,-4.36209,
1857-01-01,,,,,,,,,,,,,,,,-0.33068,-3.28443,
1857-02-01,,,,,,,,,,,,,,,,-0.11056,-2.95375,
1857-03-01,,,,,,,,,,,,,,,,-0.18721,-2.65391,
1857-04-01,,,,,,,,,,,,,,,,-0.71656,-2.11793,
1857-05-01,,,,,,,,,,,,,,,,-1.55866,-0.64739,
1857-06-01,,,,,,,,,,,,,,,,-1.52507,-0.09942,
1857-07-01,,,,,,,,,,,,,,,,0.23777,-0.96669,
1857-08-01,,,,,,,,,,,,,,,,0.7145,-1.58148,
1857-09-01,,,,,,,,,,,,,,,,0.54796,-0.93522,
1857-10-01,,,,,,,,,,,,,,,,0.51772,-1.19552,
1857-11-01,,,,,,,,,,,,,,,,0.19322,-0.99863,
1857-12-01,,,,,,,,,,,,,,,,1.1438,-1.37025,
1858-01-01,,,,,,,,,,,,,,,,0.93521,-0.89568,
1858-02-01,,,,,,,,,,,,,,,,0.84103,-0.88221,
1858-03-01,,,,,,,,,,,,,,,,0.16015,-0.86366,
1858-04-01,,,,,,,,,,,,,,,,-0.03222,-0.8268,
1858-05-01,,,,,,,,,,,,,,,,-0.11547,-0.70521,
1858-06-01,,,,,,,,,,,,,,,,-0.07139,-0.72519,
1858-07-01,,,,,,,,,,,,,,,,0.02413,-0.79744,
1858-08-01,,,,,,,,,,,,,,,,-0.44922,-0.67782,
1858-09-01,,,,,,,,,,,,,,,,-0.53667,-0.74354,
1858-10-01,,,,,,,,,,,,,,,,0.08484,-1.01318,
1858-11-01,,,,,,,,,,,,,,,,0.7027,-1.06597,
1858-12-01,,,,,,,,,,,,,,,,-0.56509,-0.35094,
1859-01-01,,,,,,,,,,,,,,,,-1.0678,0.19294,
1859-02-01,,,,,,,,,,,,,,,,-1.15825,0.10185,
1859-03-01,,,,,,,,,,,,,,,,-0.65868,-0.20861,
1859-04-01,,,,,,,,,,,,,,,,-1.23961,-0.34528,
1859-05-01,,,,,,,,,,,,,,,,-1.17633,-0.17031,
1859-06-01,,,,,,,,,,,,,,,,-1.25183,-0.17197,
1859-07-01,,,,,,,,,,,,,,,,-0.97343,0.09006,
1859-08-01,,,,,,,,,,,,,,,,-1.05546,0.19014,
1859-09-01,,,,,,,,,,,,,,,,-1.18529,-0.17876,
1859-10-01,,,,,,,,,,,,,,,,-0.95663,-0.36795,
1859-11-01,,,,,,,,,,,,,,,,-0.25193,-0.46137,
1859-12-01,,,,,,,,,,,,,,,,-0.03284,-0.7777,
1860-01-01,,,,,,,,,,,,,,,,-0.88641,-0.6917,
1860-02-01,,,,,,,,,,,,,,,,-0.27117,-1.32988,
1860-03-01,,,,,,,,,,,,,,,,-0.00773,-1.26912,
1860-04-01,,,,,,,,,,,,,,,,-2.08348,-0.66704,
1860-05-01,,,,,,,,,,,,,,,,-2.42978,-0.29121,
1860-06-01,,,,,,,,,,,,,,,,-1.66796,-0.20214,
1860-07-01,,,,,,,,,,,,,,,,-0.8991,-0.65155,
1860-08-01,,,,,,,,,,,,,,,,-1.30561,-0.79125,
1860-09-01,,,,,,,,,,,,,,,,-0.92301,-1.25761,
1860-10-01,,,,,,,,,,,,,,,,-0.98983,-1.88519,
1860-11-01,,,,,,,,,,,,,,,,-1.60386,-1.36349,
1860-12-01,,,,,,,,,,,,,,,,-0.65546,-1.97008,
1861-01-01,,,,,,,,,,,,,,,,0.2701,-2.71338,
1861-02-01,,,,,,,,,,,,,,,,0.81369,-2.79281,
1861-03-01,,,,,,,,,,,,,,,,-0.16204,-1.79404,
1861-04-01,,,,,,,,,,,,,,,,-0.40374,-1.84317,
1861-05-01,,,,,,,,,,,,,,,,-0.74753,-1.60036,
1861-06-01,,,,,,,,,,,,,,,,-0.62512,-1.46451,
1861-07-01,,,,,,,,,,,,,,,,-0.79893,-1.0185,
1861-08-01,,,,,,,,,,,,,,,,0.25471,-1.55449,
1861-09-01,,,,,,,,,,,,,,,,1.00823,-2.09088,
1861-10-01,,,,,,,,,,,,,,,,0.25141,-1.70097,
1861-11-01,,,,,,,,,,,,,,,,-0.065,-1.50931,
1861-12-01,,,,,,,,,,,,,,,,-0.39682,-1.28832,
1862-01-01,,,,,,,,,,,,,,,,-1.08289,-0.97575,
1862-02-01,,,,,,,,,,,,,,,,-0.49183,-1.26545,
1862-03-01,,,,,,,,,,,,,,,,-0.60874,-1.43815,
1862-04-01,,,,,,,,,,,,,,,,-1.03657,-1.48036,
1862-05-01,,,,,,,,,,,,,,,,-1.28198,-1.59571,
1862-06-01,,,,,,,,,,,,,,,,0.35375,-2.89592,
1862-07-01,,,,,,,,,,,,,,,,0.63598,-2.36185,
1862-08-01,,,,,,,,,,,,,,,,0.39933,-1.88176,
1862-09-01,,,,,,,,,,,,,,,,0.84134,-1.18357,
1862-10-01,,,,,,,,,,,,,,,,0.97836,-2.03111,
1862-11-01,,,,,,,,,,,,,,,,1.21453,-1.89223,
1862-12-01,,,,,,,,,,,,,,,,-0.87285,-1.1191,
1863-01-01,,,,,,,,,,,,,,,,-0.24924,-1.40034,
1863-02-01,,,,,,,,,,,,,,,,1.32904,-1.72008,
1863-03-01,,,,,,,,,,,,,,,,-0.0681,-1.48058,
1863-04-01,,,,,,,,,,,,,,,,-0.4441,-1.55196,
1863-05-01,,,,,,,,,,,,,,,,-0.70933,-1.33755,
1863-06-01,,,,,,,,,,,,,,,,-0.76559,-1.50195,
1863-07-01,,,,,,,,,,,,,,,,1.05731,-1.72129,
1863-08-01,,,,,,,,,,,,,,,,0.25139,-1.42693,
1863-09-01,,,,,,,,,,,,,,,,0.14242,-1.26397,
1863-10-01,,,,,,,,,,,,,,,,0.12869,-1.24672,
1863-11-01,,,,,,,,,,,,,,,,0.47586,-1.27022,
1863-12-01,,,,,,,,,,,,,,,,2.51185,-2.04343,
1864-01-01,,,,,,,,,,,,,,,,0.3253,-1.19352,
1864-02-01,,,,,,,,,,,,,,,,-0.31737,-1.02419,
1864-03-01,,,,,,,,,,,,,,,,-0.22732,-1.12196,
1864-04-01,,,,,,,,,,,,,,,,-0.70396,-0.9011,
1864-05-01,,,,,,,,,,,,,,,,-1.05325,-0.76052,
1864-06-01,,,,,,,,,,,,,,,,-0.09896,-1.0622,
1864-07-01,,,,,,,,,,,,,,,,-0.06878,-1.06649,
1864-08-01,,,,,,,,,,,,,,,,0.18028,-1.21488,
1864-09-01,,,,,,,,,,,,,,,,0.49774,-1.2603,
1864-10-01,,,,,,,,,,,,,,,,0.7497,-1.2724,
1864-11-01,,,,,,,,,,,,,,,,0.8869,-1.33386,
1864-12-01,,,,,,,,,,,,,,,,1.65938,-1.32824,
1865-01-01,,,,,,,,,,,,,,,,-1.05964,-0.87052,
1865-02-01,,,,,,,,,,,,,,,,-0.49378,-0.58355,
1865-03-01,,,,,,,,,,,,,,,,0.09259,-0.81112,
1865-04-01,,,,,,,,,,,,,,,,-0.90608,-0.77692,
1865-05-01,,,,,,,,,,,,,,,,-0.38689,-0.99409,
1865-06-01,,,,,,,,,,,,,,,,-0.81906,-0.96522,
1865-07-01,,,,,,,,,,,,,,,,-1.13924,-0.95063,
1865-08-01,,,,,,,,,,,,,,,,-0.10712,-1.14631,
1865-09-01,,,,,,,,,,,,,,,,0.08566,-1.11402,
1865-10-01,,,,,,,,,,,,,,,,0.12748,-1.15705,
1865-11-01,,,,,,,,,,,,,,,,0.19114,-1.17261,
1865-12-01,,,,,,,,,,,,,,,,0.31172,-1.06887,
1866-01-01,,,,,,,,,,,,,,,,1.28217,-1.29489,
1866-02-01,,,,,,,,,,,,,,,,0.81555,-1.12465,
1866-03-01,,,,,,,,,,,,,,,,-0.03217,-1.11913,
1866-04-01,,,,,,,,,,,,,,,,-0.0987,-1.1848,
1866-05-01,,,,,,,,,,,,,,,,-0.13066,-1.08686,
1866-06-01,,,,,,,,,,,,,,,,-0.1569,-1.13944,
1866-07-01,,,,,,,,,,,,,,,,-0.06576,-1.10685,
1866-08-01,,,,,,,,,,,,,,,,0.0301,-1.11744,
1866-09-01,,,,,,,,,,,,,,,,0.11165,-0.98013,
1866-10-01,,,,,,,,,,,,,,,,0.03449,-1.21706,
1866-11-01,,,,,,,,,,,,,,,,0.04486,-1.26987,
1866-12-01,,,,,,,,,,,,,,,,-0.05841,-1.0542,
1867-01-01,,,,,,,,,,,,,,,,-0.17112,-1.00734,
1867-02-01,,,,,,,,,,,,,,,,-0.52097,-1.00296,
1867-03-01,,,,,,,,,,,,,,,,-1.69948,-0.83679,
1867-04-01,,,,,,,,,,,,,,,,-2.02573,-0.78984,
1867-05-01,,,,,,,,,,,,,,,,1.41912,-1.33054,
1867-06-01,,,,,,,,,,,,,,,,0.72383,-1.41677,
1867-07-01,,,,,,,,,,,,,,,,0.13597,-1.318,
1867-08-01,,,,,,,,,,,,,,,,0.05208,-1.2606,
1867-09-01,,,,,,,,,,,,,,,,0.09302,-1.27282,
1867-10-01,,,,,,,,,,,,,,,,0.20341,-1.28148,
1867-11-01,,,,,,,,,,,,,,,,0.45224,-1.2484,
1867-12-01,,,,,,,,,,,,,,,,-1.33547,-0.78752,
1868-01-01,,,,,,,,,,,,,,,,-1.25993,-0.7058,
1868-02-01,,,,,,,,,,,,,,,,-0.04562,-0.95567,
1868-03-01,,,,,,,,,,,,,,,,0.65208,-1.41612,
1868-04-01,,,,,,,,,,,,,,,,0.40852,-1.56726,
1868-05-01,,,,,,,,,,,,,,,,1.25532,-1.85222,
1868-06-01,,,,,,,,,,,,,,,,0.6047,-1.72612,
1868-07-01,,,,,,,,,,,,,,,,0.54228,-1.5932,
1868-08-01,,,,,,,,,,,,,,,,0.77818,-1.64839,
1868-09-01,,,,,,,,,,,,,,,,0.98124,-1.68265,
1868-10-01,,,,,,,,,,,,,,,,1.12865,-1.71987,
1868-11-01,,,,,,,,,,,,,,,,1.30018,-1.6925,
1868-12-01,,,,,,,,,,,,,,,,1.51123,-1.69031,
1869-01-01,,,,,,,,,,,,,,,,1.76857,-1.70037,
1869-02-01,,,,,,,,,,,,,,,,0.18033,-1.19689,
1869-03-01,,,,,,,,,,,,,,,,-0.01505,-1.2017,
1869-04-01,,,,,,,,,,,,,,,,-0.84012,-1.05375,
1869-05-01,,,,,,,,,,,,,,,,-1.4638,-0.62912,
1869-06-01,,,,,,,,,,,,,,,,-1.12313,-0.84381,
1869-07-01,,,,,,,,,,,,,,,,-0.65395,-1.34622,
1869-08-01,,,,,,,,,,,,,,,,-0.95889,-2.11125,
1869-09-01,,,,,,,,,,,,,,,,-0.54137,-2.48169,
1869-10-01,,,,,,,,,,,,,,,,-0.86159,-2.11254,
1869-11-01,,,,,,,,,,,,,,,,-1.0391,-0.57529,
1869-12-01,,,,,,,,,,,,,,,,-1.56707,-1.07143,
1870-01-01,,,,,,,-0.438,,,,,-1.2445,-0.8293,,,-1.07986,-0.89015,
1870-02-01,,,,,,,-0.337,,,,,-2.2665,-1.7728,,,0.45674,-2.91057,
1870-03-01,,,,,,,0.177,,,,,-1.9143,-1.3651,,,0.97559,-2.92043,
1870-04-01,,,,,,,-0.048,,,,,-2.043,-1.4554,,,1.14076,-3.23896,
1870-05-01,,,,,,,-0.48,,,,,-2.0863,-1.4048,,,0.46314,-3.12639,
1870-06-01,,,,,,,-0.548,,,,,-1.7656,-1.0299,,,-0.7097,-2.07391,
1870-07-01,,,,,,,-0.65,,,,,-1.6697,-0.9765,,,-1.1749,-1.81316,
1870-08-01,,,,,,,-0.522,,,,,-1.4511,-0.9544,,,0.39107,-1.8697,
1870-09-01,,,,,,,-0.728,,,,,-1.3783,-0.7773,,,-0.21495,-1.70082,
1870-10-01,,,,,,,-0.636,,,,,-1.5997,-0.821,,,-1.09862,-1.70126,
1870-11-01,,,,,,,-0.401,,,,,-1.4184,-0.715,,,-1.19394,-1.45629,
1870-12-01,,,,,,,-0.376,,,,,-1.4246,-0.7081,,,-0.9283,-1.55818,
1871-01-01,,,,,,,-0.273,,,,,-1.0959,-0.414,,,-0.7352,-1.30997,
1871-02-01,,,,,,,-0.17,,,,,-1.1788,-0.5539,,,0.24161,-1.66345,
1871-03-01,,,,,,,-0.212,,,,,-0.6357,-0.1832,,,0.69986,-1.27677,
1871-04-01,,,,,,,-0.148,,,,,-0.2556,0.1828,,,0.6479,-0.94532,
1871-05-01,,,,,,,-0.115,,,,,-0.5356,-0.0402,,,-0.10654,-0.85397,
1871-06-01,,,,,,,-0.163,,,,,-0.5575,-0.0653,,,0.26025,-0.9934,
1871-07-01,,,,,,,-0.444,,,,,-0.4378,-0.0607,,,0.45744,-0.97963,
1871-08-01,,,,,,,-0.375,,,,,-0.1689,0.387,,,0.45209,-0.77411,
1871-09-01,,,,,,,-0.336,,,,,-0.0717,0.5403,,,0.50797,-0.64542,
1871-10-01,,,,,,,-0.527,,,,,-0.4737,0.1686,,,0.57014,-1.29704,
1871-11-01,,,,,,,-0.217,,,,,-0.5843,-0.0784,,,0.41921,-1.29241,
1871-12-01,,,,,,,-0.229,,,,,-0.641,-0.101,,,-0.52698,-0.94292,
1872-01-01,,,,,,,-0.037,,,,,-0.997,-0.4139,,,-0.66557,-0.95879,
1872-02-01,,,,,,,0.041,,,,,-1.1546,-0.5442,,,-0.75951,-0.89626,
1872-03-01,,,,,,,-0.075,,,,,-1.2683,-0.5603,,,-0.61354,-1.07247,
1872-04-01,,,,,,,-0.083,,,,,-1.3056,-0.5077,,,-0.58694,-1.33249,
1872-05-01,,,,,,,-0.148,,,,,-1.1616,-0.4192,,,-0.99938,-1.09705,
1872-06-01,,,,,,,-0.083,,,,,-1.29,-0.6653,,,-0.95028,-1.19506,
1872-07-01,,,,,,,-0.285,,,,,-0.0441,0.4376,,,-0.54,-0.29309,
1872-08-01,,,,,,,-0.325,,,,,-1.3414,-0.7756,,,-0.20818,-1.70318,
1872-09-01,,,,,,,-0.333,,,,,-1.1135,-0.4082,,,0.27763,-1.7621,
1872-10-01,,,,,,,-0.27,,,,,-1.7951,-1.0931,,,0.14154,-2.32149,
1872-11-01,,,,,,,-0.106,,,,,-1.654,-0.9772,,,-0.37043,-2.17032,
1872-12-01,,,,,,,-0.11,,,,,-1.5671,-0.7656,,,-1.90515,-1.49199,
1873-01-01,,,,,,,0.063,,,,,-1.5289,-0.8833,,,-0.67434,-1.83952,
1873-02-01,,,,,,,-0.319,,,,,-1.7523,-0.9735,,,-1.65716,-1.77873,
1873-03-01,,,,,,,-0.404,,,,,-1.6543,-0.7198,,,-2.24998,-1.38507,
1873-04-01,,,,,,,-0.272,,,,,-1.3671,-0.3617,,,-2.58095,-1.0936,
1873-05-01,,,,,,,-0.411,,,,,-1.1173,-0.3114,,,-0.80815,-1.33176,
1873-06-01,,,,,,,-0.587,,,,,-0.7315,0.0139,,,0.13783,-1.55436,
1873-07-01,,,,,,,-0.69,,,,,-0.4325,0.1802,,,0.17602,-1.19979,
1873-08-01,,,,,,,-0.8,,,,,-0.1497,0.497,,,0.02874,-0.81132,
1873-09-01,,,,,,,-0.694,,,,,-0.1948,0.3763,,,-0.76726,-0.6715,
1873-10-01,,,,,,,-0.479,,,,,-1.0742,-0.4365,,,-1.03312,-1.17597,
1873-11-01,,,,,,,-0.353,,,,,-1.0644,-0.4578,,,-1.1652,-0.9265,
1873-12-01,,,,,,,-0.303,,,,,-1.0478,-0.4163,,,-1.11303,-0.82579,
1874-01-01,,,,,,,-0.381,,,,,-1.474,-0.7742,,,-1.06516,-1.27142,
1874-02-01,,,,,,,-0.388,,,,,-1.8085,-1.1113,,,-1.35586,-1.46278,
1874-03-01,,,,,,,-0.586,,,,,-1.7873,-0.9317,,,-1.04761,-1.75031,
1874-04-01,,,,,,,-0.753,,,,,-1.677,-0.7681,,,-1.0772,-1.57257,
1874-05-01,,,,,,,-0.441,,,,,-1.5239,-0.489,,,-1.4192,-1.7316,
1874-06-01,,,,,,,-0.465,,,,,-1.3452,-0.4855,,,-2.08142,-1.06999,
1874-07-01,,,,,,,-0.338,,,,,-1.4619,-0.7875,,,-1.28023,-1.29941,
1874-08-01,,,,,,,-0.344,,,,,-1.2895,-0.7041,,,-0.65408,-1.32351,
1874-09-01,,,,,,,-0.814,,,,,-1.3151,-0.569,,,-0.45148,-1.40358,
1874-10-01,,,,,,,-1.158,,,,,-1.38,-0.52,,,-1.67693,-1.04703,
1874-11-01,,,,,,,-0.603,,,,,-1.6553,-0.7504,,,-1.70365,-1.31775,
1874-12-01,,,,,,,-0.79,,,,,-1.4213,-0.6595,,,-1.51817,-1.17427,
1875-01-01,,,,,,,-0.449,,,,,-0.8673,-0.2758,,,-0.72062,-0.96362,
1875-02-01,,,,,,,-0.187,,,,,-0.9698,-0.4082,,,-0.27243,-1.1901,
1875-03-01,,,,,,,-0.098,,,,,-0.814,-0.1909,,,-0.49713,-0.96581,
1875-04-01,,,,,,,0.029,,,,,-1.0504,-0.3503,,,-0.89963,-1.18435,
1875-05-01,,,,,,,-0.135,,,,,-0.9824,-0.2475,,,-1.31576,-0.87509,
1875-06-01,,,,,,,-0.093,,,,,-1.1604,-0.3784,,,-1.29231,-0.95083,
1875-07-01,,,,,,,-0.511,,,,,-0.9566,-0.2482,,,-0.92398,-1.04793,
1875-08-01,,,,,,,-0.248,,,,,-1.028,-0.3271,,,-0.68559,-1.21974,
1875-09-01,,,,,,,-0.396,,,,,-1.0412,-0.4695,,,-0.45562,-1.27475,
1875-10-01,,,,,,,-0.658,,,,,-1.3512,-0.8464,,,-0.3285,-1.54446,
1875-11-01,,,,,,,-0.89,,,,,-1.1594,-0.7017,,,-0.45227,-1.50628,
1875-12-01,,,,,,,-0.46,,,,,-1.0096,-0.5441,,,-0.62295,-1.39683,
1876-01-01,,,,,,,-0.361,,,,,-0.7085,-0.0879,,,-1.72333,-0.70232,
1876-02-01,,,,,,,-0.504,,,,,-1.1783,-0.4136,,,-1.9481,-0.97171,
1876-03-01,,,,,,,-0.402,,,,,-1.3714,-0.6237,,,-1.66318,-1.21004,
1876-04-01,,,,,,,-0.476,,,,,-1.8679,-0.9878,,,-1.59966,-1.62345,
1876-05-01,,,,,,,-0.472,,,,,-1.6369,-0.6557,,,-1.57391,-1.65185,
1876-06-01,,,,,,,-0.423,,,,,-0.8011,-0.0835,,,-1.31541,-0.50688,
1876-07-01,,,,,,,-0.391,,,,,-0.1941,0.4893,,,-0.61164,-0.46234,
1876-08-01,,,,,,,-0.267,,,,,-0.3821,0.2739,,,-0.19332,-0.84993,
1876-09-01,,,,,,,-0.079,,,,,-0.4701,0.2619,,,0.71934,-1.32989,
1876-10-01,,,,,,,-0.213,,,,,-0.0656,0.5448,,,1.15416,-1.01921,
1876-11-01,,,,,,,-0.358,,,,,-0.0151,0.5058,,,1.17269,-0.94401,
1876-12-01,,,,,,,-0.297,,,,,0.2608,0.6886,,,1.35402,-0.81198,
1877-01-01,,,,,,,-0.311,,,,,0.4795,0.9281,,,1.41754,-0.73095,
1877-02-01,,,,,,,0.367,,,,,0.4103,0.7956,,,0.99136,-0.57453,
1877-03-01,,,,,,,0.13,,,,,0.6941,1.1234,,,0.71462,-0.21992,
1877-04-01,,,,,,,-0.28,,,,,0.4498,0.7603,,,2.56039,-1.04251,
1877-05-01,,,,,,,-0.684,,,,,0.2002,0.451,,,2.49438,-1.15797,
1877-06-01,,,,,,,-0.49,,,,,0.2056,0.3627,,,3.069,-1.17732,
1877-07-01,,,,,,,-0.587,,,,,0.925,0.9082,,,3.24268,-0.62222,
1877-08-01,,,,,,,0.214,,,,,1.8816,1.8308,,,3.27417,0.12574,
1877-09-01,,,,,,,0.52,,,,,1.998,1.7586,,,3.48743,0.19958,
1877-10-01,,,,,,,0.417,,,,,2.0742,1.7821,,,3.63777,0.11245,
1877-11-01,,,,,,,0.558,,,,,2.4021,2.1088,,,3.90942,0.1989,
1877-12-01,,,,,,,0.154,,,,,2.4009,2.0418,,,3.97806,0.35266,
1878-01-01,,,,,,,-0.261,,,,,2.4261,2.06,,,3.55588,0.70203,
1878-02-01,,,,,,,-0.398,,,,,2.5325,2.1831,,,3.25585,0.95425,
1878-03-01,,,,,,,-0.015,,,,,0.8133,0.6829,,,2.25196,-0.4749,
1878-04-01,,,,,,,-0.085,,,,,1.1087,1.1257,,,0.45418,0.43809,
1878-05-01,,,,,,,-0.354,,,,,1.083,1.0753,,,0.60949,0.32615,
1878-06-01,,,,,,,-0.311,,,,,-0.2565,-0.1484,,,0.36868,-0.78765,
1878-07-01,,,,,,,-0.383,,,,,-0.9932,-0.8111,,,0.38959,-1.49706,
1878-08-01,,,,,,,-0.272,,,,,-0.7962,-0.6137,,,0.87426,-1.52479,
1878-09-01,,,,,,,-0.208,,,,,-1.0736,-0.8534,,,0.75309,-1.73059,
1878-10-01,,,,,,,-0.674,,,,,-1.415,-1.1411,,,0.54388,-1.91901,
1878-11-01,,,,,,,-0.461,,,,,-1.6343,-1.2074,,,0.7601,-2.23583,
1878-12-01,,,,,,,-0.471,,,,,-1.4077,-1.0535,,,0.2923,-1.89098,
1879-01-01,,,,,,,-0.428,,,,,-1.2327,-0.8171,,,0.71471,-1.87429,
1879-02-01,,,,,,,-0.417,,,,,-0.4293,-0.0452,,,-0.41948,-0.67921,
1879-03-01,,,,,,,-0.453,,,,,-0.8232,-0.2903,,,0.10117,-1.45436,
1879-04-01,,,,,,,-0.542,,,,,-0.8728,-0.3359,,,0.07878,-1.56344,
1879-05-01,,,,,,,-0.513,,,,,-0.9589,-0.4144,,,-0.17009,-1.51997,
1879-06-01,,,,,,,-0.274,,,,,-1.1889,-0.6466,,,-0.40825,-1.72769,
1879-07-01,,,,,,,-0.374,,,,,-1.4749,-0.9543,,,-0.08616,-2.12274,
1879-08-01,,,,,,,-0.64,,,,,-1.3618,-0.7948,,,0.35263,-2.25057,
1879-09-01,,,,,,,-0.59,,,,,-1.2648,-0.6809,,,0.50682,-2.13163,
1879-10-01,,,,,,,-0.789,,,,,-1.6104,-0.9612,,,0.01777,-2.18864,
1879-11-01,,,,,,,-0.761,,,,,-1.6719,-0.9777,,,-0.47686,-2.06351,
1879-12-01,,,,,,,-0.605,,,,,-1.3819,-0.6559,,,-0.58407,-1.73462,
1880-01-01,,,,,,,-0.463,,,,,-1.7745,-1.054,,,-0.71795,-2.00684,
1880-02-01,,,,,,,-0.262,,,,,-1.4305,-0.8969,,,1.18783,-2.26215,
1880-03-01,,,,,,,-0.327,,,,,-0.7964,-0.3476,,,0.94927,-1.59781,
1880-04-01,,,,,,,0.002,,,,,-1.2328,-0.7223,,,1.08951,-1.96362,
1880-05-01,,,,,,,-0.14,,,,,-0.5695,0.0868,,,0.4234,-1.14628,
1880-06-01,,,,,,,-0.3,,,,,-0.4823,0.3283,,,-0.02199,-0.90778,
1880-07-01,,,,,,,-0.528,,,,,-0.4243,0.3701,,,0.01331,-0.77706,
1880-08-01,,,,,,,-0.586,,,,,-0.3885,0.2411,,,0.40359,-1.05909,
1880-09-01,,,,,,,-0.574,,,,,-0.1796,0.3876,,,0.64852,-1.03325,
1880-10-01,,,,,,,-0.755,,,,,-0.2068,0.3762,,,0.86525,-0.9481,
1880-11-01,,,,,,,-0.553,,,,,-0.204,0.4053,,,0.88856,-0.87923,
1880-12-01,,,,,,,-0.348,,,,,-0.1433,0.3237,,,0.41846,-0.65516,
1881-01-01,,,,,,,-0.174,,,,,0.0605,0.5361,,,0.39161,-0.37661,
1881-02-01,,,,,,,-0.507,,,,,-0.0031,0.3681,,,0.1407,-0.18511,
1881-03-01,,,,,,,-0.349,,,,,0.244,0.4586,,,0.00581,0.33251,
1881-04-01,,,,,,,-0.45,,,,,0.1144,0.2665,,,-0.26185,0.22878,
1881-05-01,,,,,,,-0.14,,,,,0.0687,0.2388,,,-0.3516,0.14643,
1881-06-01,,,,,,,0.179,,,,,-0.1607,0.1118,,,-0.22652,-0.23484,
1881-07-01,,,,,,,-0.116,,,,,-0.2657,0.0991,,,-0.58586,-0.26339,
1881-08-01,,,,,,,-0.078,,,,,-0.3198,0.0958,,,-0.9182,-0.18433,
1881-09-01,,,,,,,-0.298,,,,,-0.3288,0.1805,,,-0.71774,-0.37556,
1881-10-01,,,,,,,-0.462,,,,,-0.6498,-0.0556,,,-0.70727,-0.66223,
1881-11-01,,,,,,,-0.376,,,,,-0.682,-0.1357,,,-1.45138,-0.2433,
1881-12-01,,,,,,,-0.496,,,,,-0.0693,0.3786,,,-1.73268,0.66848,
1882-01-01,,,,,,,-0.558,,,,,-0.5061,-0.2321,,,-1.43705,0.63209,
1882-02-01,,,,,,,-0.68,,,,,-0.2562,0.1008,,,-1.14098,0.52974,
1882-03-01,,,,,,,-0.149,,,,,-0.0035,0.4418,,,-1.15038,0.78999,
1882-04-01,,,,,,,-0.134,,,,,0.0792,0.5546,,,-1.09476,0.61528,
1882-05-01,,,,,,,-0.068,,,,,-0.0072,0.5718,,,-1.46353,0.54949,
1882-06-01,,,,,,,-0.071,,,,,-0.7302,0.0227,,,-2.13959,0.03666,
1882-07-01,,,,,,,-0.233,,,,,-0.9649,-0.3048,,,-1.78672,-0.37622,
1882-08-01,,,,,,,-0.496,,,,,-0.738,-0.0869,,,-1.5488,-0.33192,
1882-09-01,,,,,,,-0.652,,,,,-1.0782,-0.4613,,,-1.05855,-0.8476,
1882-10-01,,,,,,,-0.51,,,,,-1.3384,-0.7156,,,-0.47167,-1.13501,
1882-11-01,,,,,,,-0.377,,,,,-1.3839,-0.8973,,,-0.79863,-0.98287,
1882-12-01,,,,,,,-0.431,,,,,-1.0066,-0.5721,,,-0.81182,-0.75421,
1883-01-01,,,,,,,-0.706,,,,,-0.6477,-0.1585,,,-0.78145,-0.45537,
1883-02-01,,,,,,,-0.207,,,,,-0.2636,0.3938,,,-0.46566,-0.16813,
1883-03-01,,,,,,,-0.303,,,,,-0.1051,0.5677,,,-0.10943,-0.07323,
1883-04-01,,,,,,,-0.127,,,,,0.1252,0.7741,,,0.40626,-0.1591,
1883-05-01,,,,,,,-0.19,,,,,-0.3253,0.3118,,,0.05876,-0.41544,
1883-06-01,,,,,,,-0.084,,,,,-0.5023,0.1501,,,-0.31254,-0.54447,
1883-07-01,,,,,,,-0.288,,,,,-0.3921,0.2764,,,-0.71693,-0.23707,
1883-08-01,,,,,,,-0.125,,,,,-0.475,0.264,,,-0.24994,-0.81942,
1883-09-01,,,,,,,-0.502,,,,,-0.5729,0.1311,,,-0.11305,-0.85165,
1883-10-01,,,,,,,-0.348,,,,,-0.5703,0.1721,,,0.38073,-1.02006,
1883-11-01,,,,,,,-0.359,,,,,-0.3555,0.2914,,,0.56742,-0.96953,
1883-12-01,,,,,,,-0.325,,,,,-0.4459,0.2758,,,-0.30343,-0.64787,
1884-01-01,,,,,,,-0.408,,,,,-0.0422,0.6129,,,-0.56866,0.11337,
1884-02-01,,,,,,,-0.183,,,,,0.0529,0.5824,,,-0.49606,0.28119,
1884-03-01,,,,,,,-0.312,,,,,-0.4651,0.2201,,,-0.35367,-0.12132,
1884-04-01,,,,,,,0.075,,,,,-0.0362,0.6955,,,-0.28365,-0.42895,
1884-05-01,,,,,,,0.249,,,,,-0.0675,0.5914,,,-0.04105,-0.04358,
1884-06-01,,,,,,,-0.203,,,,,-0.2325,0.5046,,,0.0639,-0.39727,
1884-07-01,,,,,,,-0.003,,,,,-0.5106,0.2489,,,-0.2067,-0.32133,
1884-08-01,,,,,,,-0.306,,,,,-0.6003,0.1505,,,0.73317,-1.2113,
1884-09-01,,,,,,,-0.471,,,,,0.0783,0.6594,,,1.01996,-0.58765,
1884-10-01,,,,,,,-0.368,,,,,0.0083,0.5969,,,0.71042,-0.54446,
1884-11-01,,,,,,,-0.474,,,,,0.2763,0.9159,,,0.90508,-0.59706,
1884-12-01,,,,,,,-0.417,,,,,0.3123,0.934,,,0.82974,-0.43895,
1885-01-01,,,,,,,-0.463,,,,,0.2733,0.8225,,,0.4212,-0.26515,
1885-02-01,,,,,,,-0.09,,,,,-0.0276,0.5331,,,0.05734,-0.37242,
1885-03-01,,,,,,,-0.169,,,,,-0.2222,0.3997,,,-0.50439,0.01379,
1885-04-01,,,,,,,-0.198,,,,,-0.5305,0.1764,,,-0.58888,-0.34031,
1885-05-01,,,,,,,-0.199,,,,,-0.3527,0.3564,,,-0.59106,-0.2992,
1885-06-01,,,,,,,-0.13,,,,,-0.2475,0.6098,,,-0.13367,-0.84681,
1885-07-01,,,,,,,-0.218,,,,,-0.283,0.5323,,,-1.03245,-0.29815,
1885-08-01,,,,,,,-0.229,,,,,-0.1979,0.4831,,,-0.17621,-0.28801,
1885-09-01,,,,,,,-0.351,,,,,0.3021,0.8588,,,0.18739,0.19185,
1885-10-01,,,,,,,-0.219,,,,,0.7472,1.1057,,,0.06093,0.72056,
1885-11-01,,,,,,,-0.475,,,,,0.6957,1.0629,,,0.6724,0.17309,
1885-12-01,,,,,,,-0.385,,,,,0.6606,1.0744,,,0.62104,0.03471,
1886-01-01,,,,,,,-0.613,,,,,0.3137,0.8004,,,0.3568,-0.2444,
1886-02-01,,,,,,,-0.766,,,,,-0.3907,0.1399,,,-0.87498,-0.08533,
1886-03-01,,,,,,,-0.455,,,,,-0.9216,-0.3885,,,-1.5157,-0.19723,
1886-04-01,,,,,,,-0.282,,,,,-0.8517,-0.3646,,,-1.59052,-0.22873,
1886-05-01,,,,,,,-0.445,,,,,-1.2725,-0.689,,,-1.39795,-1.1435,
1886-06-01,,,,,,,-0.347,,,,,-1.868,-1.1154,,,-1.15559,-2.06745,
1886-07-01,,,,,,,-0.725,,,,,-1.5955,-0.8783,,,-1.0125,-1.90355,
1886-08-01,,,,,,,-0.918,,,,,-1.4498,-0.6042,,,-0.91396,-1.81909,
1886-09-01,,,,,,,-0.989,,,,,-1.402,-0.6186,,,-0.32776,-1.82692,
1886-10-01,,,,,,,-0.897,,,,,-1.7803,-0.966,,,-0.21386,-2.2904,
1886-11-01,,,,,,,-0.684,,,,,-1.9116,-1.0948,,,-0.09793,-2.81423,
1886-12-01,,,,,,,-0.56,,,,,-2.4433,-1.5275,,,0.31648,-3.74021,
1887-01-01,,,,,,,-0.459,,,,,-2.5571,-1.6017,,,0.21151,-3.72738,
1887-02-01,,,,,,,-0.389,,,,,-2.4282,-1.5429,,,-0.00202,-3.42626,
1887-03-01,,,,,,,-0.282,,,,,-1.7024,-0.8113,,,0.08751,-3.01752,
1887-04-01,,,,,,,-0.258,,,,,-1.4583,-0.5776,,,0.49215,-2.7226,
1887-05-01,,,,,,,-0.291,,,,,-1.3657,-0.4302,,,0.08971,-2.47513,
1887-06-01,,,,,,,-0.172,,,,,-1.137,-0.2565,,,-0.12972,-1.90451,
1887-07-01,,,,,,,-0.233,,,,,-0.8196,-0.0189,,,0.0151,-1.6871,
1887-08-01,,,,,,,-0.01,,,,,-0.5701,0.1469,,,0.51121,-1.61746,
1887-09-01,,,,,,,-0.286,,,,,-0.4283,0.2426,,,0.49398,-1.37968,
1887-10-01,,,,,,,-0.517,,,,,-0.4427,0.1704,,,0.20625,-1.12054,
1887-11-01,,,,,,,-0.289,,,,,-0.2445,0.2547,,,-0.24564,-0.39081,
1887-12-01,,,,,,,-0.295,,,,,-0.158,0.3296,,,-0.05629,-0.37922,
1888-01-01,,,,,,,-0.34,,,,,0.1573,0.6432,,,0.14224,-0.12997,
1888-02-01,,,,,,,-0.603,,,,,0.47,0.8457,,,-0.22045,0.46497,
1888-03-01,,,,,,,-0.733,,,,,0.3248,0.7683,,,0.13883,0.18608,
1888-04-01,,,,,,,-0.862,,,,,0.1571,0.6043,,,0.62431,-0.32986,
1888-05-01,,,,,,,-0.504,,,,,0.1361,0.5304,,,1.30285,-0.72076,
1888-06-01,,,,,,,-0.424,,,,,0.3387,0.7958,,,1.26575,-0.61256,
1888-07-01,,,,,,,-0.449,,,,,0.3063,0.8217,,,1.30597,-0.63314,
1888-08-01,,,,,,,-0.37,,,,,0.432,0.9424,,,1.7591,-0.81511,
1888-09-01,,,,,,,-0.526,,,,,1.0753,1.4245,,,1.71013,0.3775,
1888-10-01,,,,,,,-0.436,,,,,1.4968,1.6403,,,1.69928,0.69817,
1888-11-01,,,,,,,-0.553,,,,,1.7217,1.8209,,,2.34195,0.03773,
1888-12-01,,,,,,,-0.452,,,,,2.1544,2.1663,,,2.36444,0.37942,
1889-01-01,,,,,,,-0.663,,,,,2.2113,2.117,,,1.92057,0.98655,
1889-02-01,,,,,,,-0.246,,,,,2.0061,2.0402,,,1.51096,1.10479,
1889-03-01,,,,,,,-0.653,,,,,1.0846,1.2264,,,1.08222,0.47222,
1889-04-01,,,,,,,-0.818,,,,,0.6191,0.9189,,,0.76293,0.002,
1889-05-01,,,,,,,-0.664,,,,,0.2991,0.6929,,,-0.07998,-0.04386,
1889-06-01,,,,,,,-0.562,,,,,-0.4037,0.0588,,,0.06332,-1.10847,
1889-07-01,,,,,,,-0.515,,,,,-1.7579,-1.3333,,,-0.87031,-1.26645,
1889-08-01,,,,,,,-0.664,,,,,-1.707,-1.1228,,,-0.53955,-2.05258,
1889-09-01,,,,,,,-0.911,,,,,-1.8464,-1.1801,,,-0.73409,-2.08424,
1889-10-01,,,,,,,-1.139,,,,,-2.4555,-1.6979,,,-0.62841,-2.75126,
1889-11-01,,,,,,,-0.871,,,,,-2.1305,-1.4544,,,-0.63851,-2.41112,
1889-12-01,,,,,,,-0.41,,,,,-1.9971,-1.3476,,,-0.32695,-2.49734,
1890-01-01,,,,,,,-0.105,,,,,-2.0416,-1.2454,,,-0.26968,-2.78055,
1890-02-01,,,,,,,-0.066,,,,,-2.5004,-1.572,,,-0.60343,-3.0307,
1890-03-01,,,,,,,-0.199,,,,,-1.6722,-0.7841,,,-0.8866,-1.89166,
1890-04-01,,,,,,,-0.202,,,,,-1.576,-0.7128,,,-0.7247,-1.76074,
1890-05-01,,,,,,,-0.336,,,,,-1.0618,-0.2413,,,-0.52829,-1.4033,
1890-06-01,,,,,,,-0.769,,,,,-1.0899,-0.269,,,-0.66557,-1.2364,
1890-07-01,,,,,,,-0.917,,,,,-1.1743,-0.327,,,-1.36031,-1.03941,
1890-08-01,,,,,,,-0.706,,,,,-1.0807,-0.1199,,,-0.96085,-1.30755,
1890-09-01,,,,,,,-1.091,,,,,-1.2408,-0.2787,,,-0.72042,-1.62254,
1890-10-01,,,,,,,-1.167,,,,,-1.2885,-0.3341,,,-0.95204,-1.58926,
1890-11-01,,,,,,,-0.906,,,,,-1.3873,-0.3903,,,-1.32709,-1.51561,
1890-12-01,,,,,,,-0.583,,,,,-0.3489,0.4278,,,-0.61476,-0.84483,
1891-01-01,,,,,,,-0.319,,,,,0.0592,0.748,,,-0.03422,-0.59265,
1891-02-01,,,,,,,-0.573,,,,,-0.1863,0.5058,,,0.12656,-0.75359,
1891-03-01,,,,,,,-0.612,,,,,-0.2966,0.3483,,,0.452,-0.97426,
1891-04-01,,,,,,,-0.286,,,,,0.211,0.7236,,,1.21176,-0.7763,
1891-05-01,,,,,,,-0.325,,,,,0.1535,0.6166,,,1.00152,-0.74081,
1891-06-01,,,,,,,-0.099,,,,,0.0044,0.5075,,,1.04385,-0.99414,
1891-07-01,,,,,,,-0.302,,,,,-0.1883,0.3555,,,0.81578,-1.02933,
1891-08-01,,,,,,,-0.006,,,,,-0.3585,0.273,,,0.27981,-0.97312,
1891-09-01,,,,,,,-0.067,,,,,-0.4422,0.1786,,,-0.06029,-0.86122,
1891-10-01,,,,,,,-0.117,,,,,-0.3147,0.1654,,,-0.23233,-0.5829,
1891-11-01,,,,,,,-0.13,,,,,-0.2141,0.2249,,,-0.16509,-0.43315,
1891-12-01,,,,,,,0.068,,,,,-0.3455,0.0863,,,-0.05758,-0.65696,
1892-01-01,,,,,,,-0.233,,,,,-0.518,-0.1125,,,0.24561,-1.08617,
1892-02-01,,,,,,,-0.323,,,,,-0.4989,-0.0457,,,0.03065,-0.9537,
1892-03-01,,,,,,,-0.208,,,,,-0.847,-0.1712,,,-1.01176,-0.8152,
1892-04-01,,,,,,,-0.318,,,,,-0.771,0.0142,,,-1.1761,-0.82074,
1892-05-01,,,,,,,-0.286,,,,,-0.8213,0.0512,,,-1.51208,-0.74842,
1892-06-01,,,,,,,-0.487,,,,,-1.0373,-0.0486,,,-1.39241,-1.35103,
1892-07-01,,,,,,,-0.659,,,,,-1.3399,-0.3187,,,-1.91394,-0.73483,
1892-08-01,,,,,,,-1.041,,,,,-1.5398,-0.6723,,,-1.74761,-1.1762,
1892-09-01,,,,,,,-1.181,,,,,-1.663,-0.8783,,,-1.95689,-1.29148,
1892-10-01,,,,,,,-0.815,,,,,-2.0901,-1.2118,,,-1.90708,-1.70617,
1892-11-01,,,,,,,-0.454,,,,,-1.9424,-1.0155,,,-1.85432,-1.676,
1892-12-01,,,,,,,-0.496,,,,,-1.6919,-0.8098,,,-1.78342,-1.46529,
1893-01-01,,,,,,,-0.446,,,,,-1.5198,-0.7706,,,-1.85473,-1.13978,
1893-02-01,,,,,,,-0.469,,,,,-1.4568,-0.6554,,,-1.8495,-1.01273,
1893-03-01,,,,,,,-0.413,,,,,-1.5987,-0.7104,,,-1.69865,-1.21944,
1893-04-01,,,,,,,-0.583,,,,,-1.5389,-0.6077,,,-1.17193,-1.5737,
1893-05-01,,,,,,,-0.523,,,,,-1.3115,-0.369,,,-0.9376,-1.60164,
1893-06-01,,,,,,,-0.526,,,,,-1.3083,-0.3891,,,-1.15105,-1.53455,
1893-07-01,,,,,,,-0.549,,,,,-1.5001,-0.6296,,,-0.55272,-2.02657,
1893-08-01,,,,,,,-0.757,,,,,-1.6463,-0.823,,,-0.53686,-2.04966,
1893-09-01,,,,,,,-0.692,,,,,-1.5356,-0.6832,,,-0.37824,-2.07508,
1893-10-01,,,,,,,-0.796,,,,,-1.8981,-0.9979,,,-0.43057,-2.26383,
1893-11-01,,,,,,,-0.518,,,,,-1.6665,-0.8224,,,-0.32117,-2.13652,
1893-12-01,,,,,,,-0.364,,,,,-1.5297,-0.631,,,-0.23327,-2.06164,
1894-01-01,,,,,,,-0.077,,,,,-1.4914,-0.579,,,-0.32469,-1.9298,
1894-02-01,,,,,,,-0.261,,,,,-1.5634,-0.6728,,,-0.44443,-1.87838,
1894-03-01,,,,,,,-0.264,,,,,-1.7218,-0.8181,,,-0.47478,-1.88027,
1894-04-01,,,,,,,-0.316,,,,,-1.5024,-0.6248,,,-0.35971,-1.86507,
1894-05-01,,,,,,,-0.213,,,,,-1.2794,-0.4087,,,-0.25673,-1.72938,
1894-06-01,,,,,,,-0.095,,,,,-1.117,-0.2326,,,-0.11407,-1.59227,
1894-07-01,,,,,,,-0.18,,,,,-1.5487,-0.6721,,,0.05854,-2.08027,
1894-08-01,,,,,,,0.125,,,,,-1.2452,-0.3695,,,-0.07262,-1.79886,
1894-09-01,,,,,,,-0.329,,,,,-1.3464,-0.5216,,,-0.04853,-1.94668,
1894-10-01,,,,,,,-0.326,,,,,-1.3098,-0.5645,,,-0.25322,-1.822,
1894-11-01,,,,,,,-0.275,,,,,-1.3127,-0.6128,,,-0.58642,-1.41332,
1894-12-01,,,,,,,-0.251,,,,,-0.8672,-0.2346,,,-0.58068,-1.15339,
1895-01-01,,,,,,,-0.184,,,,,-0.8301,-0.2532,,,-0.5081,-1.02897,
1895-02-01,,,,,,,-0.056,,,,,-1.0886,-0.6192,,,0.33403,-1.46556,
1895-03-01,,,,,,,-0.108,,,,,-1.0021,-0.3156,,,-0.88369,-0.97136,
1895-04-01,,,,,,,-0.177,,,,,-0.7486,-0.0962,,,-0.25453,-1.10483,
1895-05-01,,,,,,,-0.157,,,,,-0.0361,0.5972,,,0.00889,-0.50476,
1895-06-01,,,,,,,-0.105,,,,,-0.3674,0.2598,,,-0.02445,-0.70689,
1895-07-01,,,,,,,-0.41,,,,,-0.3619,0.2253,,,0.155,-0.8289,
1895-08-01,,,,,,,-0.071,,,,,-0.3184,0.1957,,,0.54544,-1.02697,
1895-09-01,,,,,,,-0.306,,,,,0.0482,0.5105,,,0.55606,-0.65867,
1895-10-01,,,,,,,-0.155,,,,,0.0516,0.4636,,,0.6896,-0.66262,
1895-11-01,,,,,,,-0.482,,,,,0.0549,0.5083,,,0.64944,-0.58601,
1895-12-01,,,,,,,-0.372,,,,,0.2499,0.6801,,,0.58434,-0.49144,
1896-01-01,,,,,,,-0.386,,,,,0.0095,0.4887,,,0.34823,-0.6305,
1896-02-01,,,,,,,-0.587,,,,,-0.0023,0.4082,,,0.00132,-0.40288,
1896-03-01,,,,,,,-0.562,,,,,0.0046,0.3655,,,-0.00432,-0.34919,
1896-04-01,,,,,,,-0.292,,,,,0.0341,0.3054,,,0.06587,-0.42155,
1896-05-01,,,,,,,-0.216,,,,,-0.1139,0.3361,,,-0.4461,-0.25424,
1896-06-01,,,,,,,-0.156,,,,,0.2457,0.778,,,0.06006,-0.21523,
1896-07-01,,,,,,,-0.1,,,,,0.7184,1.1074,,,0.49793,0.04918,
1896-08-01,,,,,,,-0.132,,,,,0.7603,1.0775,,,1.40529,-0.19993,
1896-09-01,,,,,,,-0.011,,,,,0.7946,1.1245,,,1.45592,-0.18469,
1896-10-01,,,,,,,0.302,,,,,0.8634,1.1312,,,1.78903,-0.23279,
1896-11-01,,,,,,,0.04,,,,,1.4796,1.5776,,,2.12425,0.19131,
1896-12-01,,,,,,,0.097,,,,,1.5509,1.5584,,,2.32458,0.17587,
1897-01-01,,,,,,,-0.183,,,,,1.4102,1.4428,,,1.94629,0.17967,
1897-02-01,,,,,,,-0.314,,,,,0.8784,0.965,,,1.3535,-0.13,
1897-03-01,,,,,,,-0.284,,,,,0.2066,0.31,,,0.80975,-0.74299,
1897-04-01,,,,,,,-0.178,,,,,-0.3174,-0.1076,,,0.7002,-1.45083,
1897-05-01,,,,,,,-0.184,,,,,-0.4293,-0.0733,,,-0.09687,-0.52683,
1897-06-01,,,,,,,-0.252,,,,,-0.5247,-0.1077,,,-0.19866,-0.28463,
1897-07-01,,,,,,,-0.245,,,,,-0.4622,-0.1631,,,-0.30626,-0.12961,
1897-08-01,,,,,,,-0.22,,,,,-0.6126,-0.2617,,,0.06487,-0.62553,
1897-09-01,,,,,,,-0.56,,,,,-0.4796,-0.0949,,,0.48746,-1.22656,
1897-10-01,,,,,,,-1.125,,,,,-0.8276,-0.3984,,,0.42915,-1.5009,
1897-11-01,,,,,,,-0.904,,,,,-1.441,-0.9275,,,0.09828,-2.08194,
1897-12-01,,,,,,,-0.744,,,,,-0.7784,-0.293,,,-0.07906,-1.62696,
1898-01-01,,,,,,,-0.549,,,,,-0.3953,0.1444,,,-0.24217,-0.90086,
1898-02-01,,,,,,,-0.445,,,,,-0.7566,-0.162,,,-0.38852,-1.26857,
1898-03-01,,,,,,,-0.331,,,,,-1.3864,-0.626,,,-0.55532,-1.74109,
1898-04-01,,,,,,,-0.379,,,,,-0.8571,-0.0345,,,-0.56543,-1.44237,
1898-05-01,,,,,,,-0.494,,,,,-0.6208,0.1586,,,-0.59337,-1.0752,
1898-06-01,,,,,,,-0.432,,,,,-0.7599,0.0306,,,-0.75754,-1.03927,
1898-07-01,,,,,,,-0.823,,,,,-1.2638,-0.4454,,,-0.25168,-1.77642,
1898-08-01,,,,,,,-0.819,,,,,-1.4648,-0.5403,,,-0.45383,-1.84483,
1898-09-01,,,,,,,-0.889,,,,,-1.2516,-0.4272,,,-0.2743,-1.6516,
1898-10-01,,,,,,,-0.917,,,,,-1.2228,-0.4548,,,0.06346,-1.75541,
1898-11-01,,,,,,,-0.661,,,,,-1.2794,-0.5596,,,0.01864,-1.80465,
1898-12-01,,,,,,,-0.473,,,,,-1.363,-0.6057,,,-0.1745,-1.69823,
1899-01-01,,,,,,,-0.419,,,,,-0.8815,-0.0365,,,0.1254,-1.99416,
1899-02-01,,,,,,,-0.293,,,,,-1.1461,-0.3373,,,0.35425,-2.33564,
1899-03-01,,,,,,,-0.177,,,,,-0.9182,-0.1246,,,0.96787,-2.24341,
1899-04-01,,,,,,,-0.13,,,,,-0.312,0.5184,,,0.57364,-1.25596,
1899-05-01,,,,,,,-0.091,,,,,-0.4184,0.3365,,,0.59542,-1.16866,
1899-06-01,,,,,,,-0.375,,,,,-0.5999,0.1457,,,0.61183,-1.1967,
1899-07-01,,,,,,,-0.573,,,,,-0.36,0.3166,,,0.84719,-1.11538,
1899-08-01,,,,,,,-0.452,,,,,-0.0995,0.428,,,1.2603,-0.90525,
1899-09-01,,,,,,,-0.934,,,,,0.0511,0.5307,,,1.90913,-0.8537,
1899-10-01,,,,,,,-0.428,,,,,0.1676,0.6525,,,1.96066,-0.65103,
1899-11-01,,,,,,,-0.437,,,,,0.8042,1.1683,,,1.97082,-0.00358,
1899-12-01,,,,,,,-0.743,,,,,1.144,1.5026,,,1.3318,0.45694,
1900-01-01,,,,,,,-0.469,,,,,1.1845,1.4883,,,1.62466,0.25294,
1900-02-01,,,,,,,-0.294,,,,,1.1283,1.4024,,,1.01838,0.57765,
1900-03-01,,,,,,,-0.465,,,,,0.885,1.1674,,,0.47055,0.6337,
1900-04-01,,,,,,,-0.319,,,,,0.6313,0.9023,,,0.25386,0.54458,
1900-05-01,,,,,,,-0.16,,,,,0.735,1.1096,,,0.19478,0.51071,
1900-06-01,,,,,,,-0.042,,,,,0.4126,0.8234,,,0.36256,-0.0618,
1900-07-01,,,,,,,-0.318,,,,,0.3359,0.6722,,,-0.13578,0.20322,
1900-08-01,,,,,,,-0.49,,,,,-0.078,0.3269,,,-0.2263,-0.10007,
1900-09-01,,,,,,,-0.538,,,,,-0.1483,0.1987,,,-0.73186,0.2471,
1900-10-01,,,,,,,-0.429,,,,,-0.0851,0.2051,,,-0.51972,0.22494,
1900-11-01,,,,,,,-0.196,,,,,-0.1951,0.0493,,,-0.68075,0.16378,
1900-12-01,,,,,,,-0.633,,,,,-0.0102,0.2573,,,-0.5753,0.15797,
1901-01-01,,,,,,,-0.541,,,,,0.2462,0.5405,,,-0.46639,0.36697,
1901-02-01,,,,,,,-0.868,,,,,0.1716,0.5629,,,-0.43264,0.29496,
1901-03-01,,,,,,,-0.72,,,,,-0.3089,0.0784,,,-0.83696,0.15162,
1901-04-01,,,,,,,-0.513,,,,,-0.3167,0.119,,,-0.59632,-0.10928,
1901-05-01,,,,,,,-0.553,,,,,-0.6981,-0.122,,,-0.65577,-0.49538,
1901-06-01,,,,,,,-0.618,,,,,-0.9157,-0.244,,,-1.12145,-0.59248,
1901-07-01,,,,,,,-0.712,,,,,-0.9876,-0.3413,,,-0.87542,-0.84394,
1901-08-01,,,,,,,-0.825,,,,,-0.8766,-0.2278,,,-0.74345,-0.6835,
1901-09-01,,,,,,,-1.029,,,,,-0.8249,-0.1291,,,0.08291,-1.10766,
1901-10-01,,,,,,,-0.774,,,,,-0.9551,-0.2094,,,0.66765,-1.50159,
1901-11-01,,,,,,,-0.741,,,,,-0.6867,-0.1444,,,1.50553,-1.58603,
1901-12-01,,,,,,,-0.681,,,,,-0.5228,0.0741,,,0.90795,-1.30205,
1902-01-01,,,,,,,-0.473,,,,,-0.2411,0.423,,,0.35976,-0.75543,
1902-02-01,,,,,,,-0.453,,,,,-0.3427,0.3658,,,-0.19368,-0.76139,
1902-03-01,,,,,,,-0.251,,,,,-0.1533,0.5327,,,-0.35554,-0.38439,
1902-04-01,,,,,,,0.051,,,,,0.3883,0.9629,,,-0.21586,0.26673,
1902-05-01,,,,,,,-0.042,,,,,0.2737,0.8819,,,0.60495,-0.16618,
1902-06-01,,,,,,,-0.09,,,,,0.61,1.2669,,,1.07583,-0.2493,
1902-07-01,,,,,,,-0.07,,,,,1.0455,1.7217,,,1.69728,-0.55927,
1902-08-01,,,,,,,0.333,,,,,1.3249,1.9299,,,1.79771,-0.17797,
1902-09-01,,,,,,,0.209,,,,,1.5593,2.1733,,,2.03346,-0.11948,
1902-10-01,,,,,,,-0.238,,,,,1.7023,2.2227,,,1.09385,1.28723,
1902-11-01,,,,,,,-0.047,,,,,1.7172,2.2393,,,1.27639,0.96363,
1902-12-01,,,,,,,-0.266,,,,,1.4171,1.8545,,,0.7059,1.32173,
1903-01-01,,,,,,,-0.479,,,,,1.3029,1.7415,,,0.4702,1.09954,
1903-02-01,,,,,,,-0.571,,,,,1.0624,1.5917,,,0.02366,1.04504,
1903-03-01,,,,,,,-0.365,,,,,0.4692,1.1906,,,-0.83049,0.86279,
1903-04-01,,,,,,,-0.628,,,,,-0.1801,0.6446,,,-1.23644,0.51044,
1903-05-01,,,,,,,-0.267,,,,,-0.4792,0.3589,,,-1.68651,0.42487,
1903-06-01,,,,,,,-0.335,,,,,-0.669,0.1225,,,-1.54159,-0.1434,
1903-07-01,,,,,,,-0.614,,,,,-1.0395,-0.2161,,,-1.18913,-0.93965,
1903-08-01,,,,,,,-0.452,,,,,-1.7387,-0.8123,,,-1.05111,-1.73427,
1903-09-01,,,,,,,-0.69,,,,,-1.6258,-0.6638,,,-0.69201,-1.82677,
1903-10-01,,,,,,,-1.035,,,,,-1.7149,-0.7392,,,-1.02249,-1.67866,
1903-11-01,,,,,,,-0.628,,,,,-1.7529,-0.6904,,,-1.42749,-1.64242,
1903-12-01,,,,,,,-0.441,,,,,-1.4902,-0.4209,,,-1.2632,-1.62771,
1904-01-01,,,,,,,-0.219,,,,,-1.8297,-0.6896,,,-0.99614,-2.26107,
1904-02-01,,,,,,,-0.233,,,,,-1.9173,-0.7683,,,-0.10932,-2.73466,
1904-03-01,,,,,,,-0.218,,,,,-1.8872,-0.7011,,,-0.31778,-2.53891,
1904-04-01,,,,,,,-0.03,,,,,-1.0861,0.0285,,,-0.67236,-1.30443,
1904-05-01,,,,,,,-0.258,,,,,-0.7301,0.4014,,,0.05534,-1.43066,
1904-06-01,,,,,,,-0.286,,,,,-0.5744,0.5149,,,0.67177,-1.53881,
1904-07-01,,,,,,,-0.287,,,,,-0.5145,0.4931,,,0.93823,-1.43835,
1904-08-01,,,,,,,-0.413,,,,,-0.3834,0.5641,,,1.32351,-1.48001,
1904-09-01,,,,,,,-0.678,,,,,-0.4133,0.5219,,,1.17181,-1.12456,
1904-10-01,,,,,,,-0.237,,,,,-0.2112,0.6034,,,1.02845,-0.73712,
1904-11-01,,,,,,,-0.352,,,,,0.268,0.9819,,,0.75451,-0.25353,
1904-12-01,,,,,,,-0.644,,,,,0.5593,1.2569,,,0.6478,-0.18868,
1905-01-01,,,,,,,-0.601,,,,,0.6323,1.325,,,0.51201,-0.02448,
1905-02-01,,,,,,,-0.372,,,,,0.6687,1.3368,,,0.04966,0.29185,
1905-03-01,,,,,,,-0.472,,,,,0.6117,1.2753,,,0.21362,0.23457,
1905-04-01,,,,,,,-0.468,,,,,0.6838,1.3578,,,1.08497,-0.21678,
1905-05-01,,,,,,,-0.205,,,,,0.762,1.4131,,,1.32104,-0.05534,
1905-06-01,,,,,,,-0.448,,,,,0.7049,1.2852,,,0.72953,0.49602,
1905-07-01,,,,,,,-0.275,,,,,0.8528,1.4878,,,0.90254,0.41216,
1905-08-01,,,,,,,-0.22,,,,,1.0527,1.6895,,,1.14175,0.22357,
1905-09-01,,,,,,,0.024,,,,,1.2339,1.8228,,,1.0309,0.57875,
1905-10-01,,,,,,,-0.462,,,,,0.7532,1.3479,,,0.95984,0.1536,
1905-11-01,,,,,,,-0.436,,,,,0.613,1.1447,,,0.70639,0.25367,
1905-12-01,,,,,,,-0.56,,,,,0.7847,1.25,,,0.61393,0.39818,
1906-01-01,,,,,,,-0.605,,,,,0.6705,1.1161,,,0.988,-0.18682,
1906-02-01,,,,,,,-0.485,,,,,0.1702,0.619,,,0.72985,-0.53898,
1906-03-01,,,,,,,-0.51,,,,,-0.0161,0.5719,,,0.51019,-0.77063,
1906-04-01,,,,,,,-0.788,,,,,-0.4312,0.2807,,,-1.01063,-0.08462,
1906-05-01,,,,,,,-0.425,,,,,-0.6767,0.1315,,,-1.49536,-0.26185,
1906-06-01,,,,,,,-0.39,,,,,-0.9582,-0.1848,,,-1.42205,-0.85851,
1906-07-01,,,,,,,-0.986,,,,,-1.1187,-0.4083,,,-1.33724,-0.94818,
1906-08-01,,,,,,,-1.085,,,,,-1.3928,-0.5999,,,-1.01999,-1.33605,
1906-09-01,,,,,,,-1.634,,,,,-1.1301,-0.3049,,,-1.13407,-0.98522,
1906-10-01,,,,,,,-1.012,,,,,-0.8399,-0.0085,,,-1.34763,-0.71751,
1906-11-01,,,,,,,-0.795,,,,,-1.0357,-0.2135,,,-1.37136,-0.88451,
1906-12-01,,,,,,,-0.349,,,,,-1.2122,-0.3575,,,-0.93113,-1.4089,
1907-01-01,,,,,,,-0.37,,,,,-1.1998,-0.3858,,,-0.66778,-1.14587,
1907-02-01,,,,,,,-0.185,,,,,-1.2764,-0.4264,,,-0.62635,-1.43857,
1907-03-01,,,,,,,-0.052,,,,,-1.1971,-0.3313,,,-0.64714,-1.3746,
1907-04-01,,,,,,,-0.367,,,,,-0.9816,-0.116,,,-0.77968,-1.03403,
1907-05-01,,,,,,,-0.308,,,,,-0.6791,0.2006,,,-0.61314,-1.02011,
1907-06-01,,,,,,,-0.346,,,,,-0.6198,0.2192,,,-0.86463,-0.64056,
1907-07-01,,,,,,,-0.602,,,,,-0.6699,0.1436,,,-0.42196,-0.82951,
1907-08-01,,,,,,,-0.933,,,,,-0.2351,0.5327,,,-0.33945,-0.29122,
1907-09-01,,,,,,,-0.526,,,,,-0.4211,0.3761,,,-0.63977,-0.17486,
1907-10-01,,,,,,,-0.403,,,,,-0.3706,0.3486,,,-0.85224,-0.20766,
1907-11-01,,,,,,,-0.388,,,,,-0.6483,0.0579,,,-0.74113,-0.48271,
1907-12-01,,,,,,,-0.221,,,,,-0.596,0.1463,,,-1.02433,-0.25646,
1908-01-01,,,,,,,-0.392,,,,,-0.2193,0.534,,,-1.24807,0.35094,
1908-02-01,,,,,,,-0.35,,,,,-0.3071,0.4826,,,-0.93112,-0.3063,
1908-03-01,,,,,,,-0.251,,,,,-0.626,0.3372,,,-1.05959,-0.64789,
1908-04-01,,,,,,,-0.789,,,,,-1.2351,-0.2519,,,-1.35326,-0.91946,
1908-05-01,,,,,,,-0.23,,,,,-1.1303,-0.1256,,,-1.6062,-0.77488,
1908-06-01,,,,,,,0.042,,,,,-1.0465,0.0557,,,-0.69714,-1.8109,
1908-07-01,,,,,,,-0.598,,,,,-0.9253,0.1714,,,-0.4484,-1.98572,
1908-08-01,,,,,,,-0.461,,,,,-1.0553,-0.0247,,,-0.74728,-1.43178,
1908-09-01,,,,,,,-0.317,,,,,-1.221,-0.176,,,-0.72599,-1.66618,
1908-10-01,,,,,,,-0.468,,,,,-1.4528,-0.4153,,,-0.65082,-1.93457,
1908-11-01,,,,,,,-0.507,,,,,-1.4418,-0.4335,,,-0.62184,-2.03117,
1908-12-01,,,,,,,-0.582,,,,,-1.736,-0.6606,,,-0.58393,-2.26259,
1909-01-01,,,,,,,-0.733,,,,,-1.8194,-0.8588,,,-1.07426,-2.03742,
1909-02-01,,,,,,,-0.5,,,,,-1.5647,-0.6109,,,-1.48183,-1.45095,
1909-03-01,,,,,,,-0.559,,,,,-1.0825,-0.1065,,,-1.48088,-0.76346,
1909-04-01,,,,,,,-0.444,,,,,-1.171,-0.11,,,-1.14,-1.42681,
1909-05-01,,,,,,,-0.801,,,,,-1.0883,-0.0653,,,-0.87189,-1.75082,
1909-06-01,,,,,,,-0.917,,,,,-1.184,-0.1108,,,-0.93158,-1.59216,
1909-07-01,,,,,,,-1.032,,,,,-1.2716,-0.2108,,,-0.77475,-1.78786,
1909-08-01,,,,,,,-0.986,,,,,-1.2524,-0.205,,,-0.95298,-1.6868,
1909-09-01,,,,,,,-0.919,,,,,-1.8248,-0.746,,,-1.04408,-2.23052,
1909-10-01,,,,,,,-0.73,,,,,-1.9603,-0.8618,,,-1.0173,-2.42999,
1909-11-01,,,,,,,-0.424,,,,,-1.8352,-0.6747,,,-1.30858,-2.31352,
1909-12-01,,,,,,,-0.256,,,,,-1.7674,-0.6844,,,-1.55722,-1.9844,
1910-01-01,,,,,,,-0.551,,,,,-1.8318,-0.8009,,,-0.99281,-2.38651,
1910-02-01,,,,,,,-0.168,,,,,-1.9631,-0.9068,,,-0.30979,-2.87832,
1910-03-01,,,,,,,-0.489,,,,,-2.2583,-1.0657,,,-0.91664,-3.13061,
1910-04-01,,,,,,,-0.394,,,,,-1.5225,-0.3765,,,-1.9518,-1.6882,
1910-05-01,,,,,,,-0.531,,,,,-1.3172,-0.3373,,,-1.47273,-1.32905,
1910-06-01,,,,,,,-0.459,,,,,-1.3117,-0.3898,,,-0.99051,-1.46043,
1910-07-01,,,,,,,-1.036,,,,,-1.5235,-0.5292,,,-0.06331,-2.57808,
1910-08-01,,,,,,,-0.82,,,,,-1.5846,-0.5329,,,0.44687,-2.98412,
1910-09-01,,,,,,,-1.022,,,,,-1.6938,-0.7181,,,0.24498,-2.81551,
1910-10-01,,,,,,,-1.053,,,,,-1.5826,-0.5534,,,0.20703,-2.69293,
1910-11-01,,,,,,,-0.682,,,,,-1.4389,-0.404,,,-0.2742,-2.2513,
1910-12-01,,,,,,,-0.296,,,,,-1.4806,-0.43,,,-0.48769,-2.09883,
1911-01-01,,,,,,,-0.195,,,,,-1.4132,-0.4475,,,-0.47153,-1.85969,
1911-02-01,,,,,,,-0.487,,,,,-1.3581,-0.3731,,,-1.22022,-1.18501,
1911-03-01,,,,,,,-0.735,,,,,-1.2958,-0.2797,,,-1.32001,-1.31593,
1911-04-01,,,,,,,-0.744,,,,,-1.1032,-0.0221,,,-0.98936,-1.12847,
1911-05-01,,,,,,,-0.435,,,,,-0.9076,0.2236,,,-0.22969,-1.66463,
1911-06-01,,,,,,,-0.814,,,,,-0.3969,0.6649,,,0.77479,-1.70657,
1911-07-01,,,,,,,-0.774,,,,,-0.0195,1.03,,,0.84018,-1.33895,
1911-08-01,,,,,,,-0.586,,,,,0.0596,1.052,,,1.01319,-1.16006,
1911-09-01,,,,,,,-0.544,,,,,-0.1671,0.766,,,1.16208,-1.27188,
1911-10-01,,,,,,,-0.669,,,,,0.6206,1.4051,,,1.2822,-0.42796,
1911-11-01,,,,,,,-0.229,,,,,0.6933,1.3955,,,1.37524,-0.43258,
1911-12-01,,,,,,,-0.153,,,,,1.0139,1.6095,,,1.6659,-0.42745,
1912-01-01,,,,,,,-0.252,,,,,1.0775,1.6414,,,1.85931,-0.58681,
1912-02-01,,,,,,,-0.302,,,,,0.8753,1.3993,,,1.56322,-0.62132,
1912-03-01,,,,,,,-0.052,,,,,0.7611,1.3182,,,1.05859,-0.31572,
1912-04-01,,,,,,,-0.257,,,,,0.3316,0.8892,,,0.22168,0.03914,
1912-05-01,,,,,,,-0.061,,,,,0.1123,0.7183,,,-0.43579,0.10589,
1912-06-01,,,,,,,-0.002,,,,,-0.5772,0.0733,,,-0.50668,-0.45794,
1912-07-01,,,,,,,-0.672,,,,,-0.643,0.0732,,,-0.40378,-0.69094,
1912-08-01,,,,,,,-0.767,,,,,-0.3782,0.3708,,,-0.36391,-0.41526,
1912-09-01,,,,,,,-0.725,,,,,-0.9668,-0.1619,,,0.08584,-1.2785,
1912-10-01,,,,,,,-0.609,,,,,-1.0319,-0.2063,,,-0.26931,-1.19034,
1912-11-01,,,,,,,-0.734,,,,,-1.1516,-0.3598,,,-0.73674,-0.93284,
1912-12-01,,,,,,,-0.503,,,,,-1.0106,-0.1801,,,-0.61472,-0.87739,
1913-01-01,,,,,,,-0.236,,,,,-0.7242,0.0662,,,0.03016,-0.94504,
1913-02-01,,,,,,,-0.136,,,,,-0.6972,0.0432,,,0.25682,-1.27578,
1913-03-01,,,,,,,-0.135,,,,,-0.7502,0.1277,,,-0.56201,-1.15247,
1913-04-01,,,,,,,-0.266,,,,,-0.506,0.3909,,,-0.89109,-0.76713,
1913-05-01,,,,,,,-0.187,,,,,-0.2668,0.5557,,,-0.50834,-0.93394,
1913-06-01,,,,,,,0.101,,,,,-0.3236,0.5041,,,0.27757,-1.41425,
1913-07-01,,,,,,,-0.338,,,,,-0.3046,0.5009,,,0.50147,-1.37772,
1913-08-01,,,,,,,-0.482,,,,,-0.3149,0.4508,,,0.47723,-0.99276,
1913-09-01,,,,,,,-0.468,,,,,-0.4239,0.3914,,,0.54954,-0.92768,
1913-10-01,,,,,,,-0.135,,,,,-0.4374,0.3012,,,0.52077,-0.84398,
1913-11-01,,,,,,,-0.24,,,,,0.1594,0.8139,,,0.75381,-0.41622,
1913-12-01,,,,,,,-0.248,,,,,0.8001,1.3346,,,1.05945,-0.09742,
1914-01-01,,,,,,,-0.288,,,,,0.9632,1.4478,,,1.16778,-0.07976,
1914-02-01,,,,,,,-0.172,,,,,0.4724,1.0288,,,0.32533,-0.07168,
1914-03-01,,,,,,,-0.353,,,,,0.3028,0.9133,,,-0.0541,0.1127,
1914-04-01,,,,,,,-0.238,,,,,-0.0788,0.5573,,,-0.49649,0.07469,
1914-05-01,,,,,,,-0.106,,,,,0.304,0.9416,,,-0.41391,0.33105,
1914-06-01,,,,,,,0.554,,,,,-0.1005,0.6558,,,-0.18355,-0.42575,
1914-07-01,,,,,,,0.102,,,,,0.323,1.023,,,0.30572,-0.2526,
1914-08-01,,,,,,,-0.024,,,,,0.512,1.167,,,0.50142,-0.03956,
1914-09-01,,,,,,,-0.066,,,,,0.9643,1.548,,,0.78789,0.16207,
1914-10-01,,,,,,,-0.057,,,,,1.1284,1.5541,,,0.80383,0.41491,
1914-11-01,,,,,,,-0.558,,,,,0.7992,1.179,,,0.87383,0.23941,
1914-12-01,,,,,,,-0.711,,,,,1.1486,1.4694,,,0.56896,0.74655,
1915-01-01,,,,,,,-0.629,,,,,1.1438,1.5449,,,0.51184,0.79381,
1915-02-01,,,,,,,-0.688,,,,,0.8903,1.2867,,,0.04704,0.80266,
1915-03-01,,,,,,,-0.402,,,,,0.1897,0.5954,,,-0.0236,0.37078,
1915-04-01,,,,,,,-0.28,,,,,0.5449,0.9345,,,-0.32677,1.08444,
1915-05-01,,,,,,,-0.495,,,,,0.6317,1.0568,,,-0.14446,0.87916,
1915-06-01,,,,,,,-0.203,,,,,0.1816,0.6398,,,0.86163,-0.72528,
1915-07-01,,,,,,,-0.705,,,,,-0.3794,0.0644,,,0.87532,-1.29045,
1915-08-01,,,,,,,-0.44,,,,,-0.7822,-0.2488,,,0.27944,-1.48115,
1915-09-01,,,,,,,-0.377,,,,,-0.9398,-0.357,,,0.05307,-1.61084,
1915-10-01,,,,,,,-0.316,,,,,-1.3719,-0.6965,,,-0.14041,-1.79128,
1915-11-01,,,,,,,-0.227,,,,,-1.6524,-0.8979,,,-0.87261,-1.82543,
1915-12-01,,,,,,,-0.026,,,,,-1.5067,-0.8038,,,-0.6883,-1.97983,
1916-01-01,,,,,,,-0.13,,,,,-0.7714,-0.1424,,,-0.12258,-1.4411,
1916-02-01,,,,,,,-0.031,,,,,-1.0239,-0.365,,,0.09501,-1.96606,
1916-03-01,,,,,,,0.058,,,,,-0.6683,0.0587,,,-0.08868,-1.19262,
1916-04-01,,,,,,,0.139,,,,,-1.6282,-0.7916,,,-0.98305,-1.53373,
1916-05-01,,,,,,,-0.156,,,,,-0.9247,-0.056,,,-1.39998,-0.62525,
1916-06-01,,,,,,,-0.398,,,,,-1.4874,-0.4835,,,-1.57211,-1.28857,
1916-07-01,,,,,,,-0.686,,,,,-1.0536,-0.0873,,,-2.13198,-1.08685,
1916-08-01,,,,,,,-0.852,,,,,-1.2965,-0.318,,,-1.97704,-1.32307,
1916-09-01,,,,,,,-1.268,,,,,-1.5855,-0.5362,,,-1.114,-2.29441,
1916-10-01,,,,,,,-0.97,,,,,-2.3595,-1.2591,,,-1.11526,-3.17955,
1916-11-01,,,,,,,-0.706,,,,,-2.7797,-1.5174,,,-0.53297,-4.21241,
1916-12-01,,,,,,,-0.28,,,,,-2.5545,-1.191,,,-0.35423,-4.31603,
1917-01-01,,,,,,,-0.03,,,,,-2.7211,-1.3314,,,-0.2759,-4.4333,
1917-02-01,,,,,,,-0.047,,,,,-2.1402,-0.7607,,,-0.19728,-4.29337,
1917-03-01,,,,,,,-0.092,,,,,-1.8646,-0.4475,,,-0.16552,-3.89696,
1917-04-01,,,,,,,-0.236,,,,,-1.2796,0.0438,,,1.70024,-4.1865,
1917-05-01,,,,,,,-0.408,,,,,-1.2247,-0.0663,,,1.48824,-3.58205,
1917-06-01,,,,,,,-0.341,,,,,-1.4819,-0.4282,,,1.5601,-3.88575,
1917-07-01,,,,,,,-0.591,,,,,-1.6096,-0.6565,,,1.79393,-4.13131,
1917-08-01,,,,,,,-0.435,,,,,-1.9276,-1.0147,,,2.10895,-4.71585,
1917-09-01,,,,,,,-0.872,,,,,-1.6151,-0.687,,,0.20686,-2.86879,
1917-10-01,,,,,,,-1.065,,,,,-2.3579,-1.3022,,,-0.46035,-3.19258,
1917-11-01,,,,,,,-0.897,,,,,-2.2047,-1.182,,,-0.80978,-2.60375,
1917-12-01,,,,,,,-0.67,,,,,-1.4938,-0.629,,,-1.07378,-1.67336,
1918-01-01,,,,,,,0.013,,,,,-1.0637,-0.1102,,,-0.37989,-1.88866,
1918-02-01,,,,,,,0.136,,,,,-0.8048,0.2342,,,-0.19435,-1.7901,
1918-03-01,,,,,,,0.107,,,,,-1.2329,-0.2268,,,-0.13991,-1.76872,
1918-04-01,,,,,,,-0.294,,,,,-1.0721,0.0346,,,0.50558,-2.13875,
1918-05-01,,,,,,,-0.42,,,,,-0.2863,0.6925,,,1.4517,-1.76459,
1918-06-01,,,,,,,-0.203,,,,,-0.029,0.9101,,,1.34519,-1.08162,
1918-07-01,,,,,,,-0.129,,,,,-0.3197,0.4048,,,1.19556,-0.95548,
1918-08-01,,,,,,,-0.078,,,,,-0.0415,0.6994,,,1.97948,-1.24449,
1918-09-01,,,,,,,-0.0,,,,,0.1407,0.804,,,1.63028,-0.76424,
1918-10-01,,,,,,,0.152,,,,,0.9717,1.4138,,,1.40574,0.16783,
1918-11-01,,,,,,,0.195,,,,,1.6621,1.8828,,,1.38425,0.97369,
1918-12-01,,,,,,,0.057,,,,,1.5777,1.8899,,,0.9149,1.26511,
1919-01-01,,,,,,,-0.027,,,,,1.2782,1.5994,,,0.90132,0.90256,
1919-02-01,,,,,,,-0.116,,,,,0.7292,1.1271,,,1.34616,-0.29903,
1919-03-01,,,,,,,-0.269,,,,,0.7009,1.1451,,,1.06753,-0.46067,
1919-04-01,,,,,,,-0.407,,,,,-1.0831,-0.3826,,,0.30297,-1.64118,
1919-05-01,,,,,,,-0.4,,,,,-0.7146,0.0498,,,0.74361,-1.92665,
1919-06-01,,,,,,,-0.356,,,,,-0.9888,-0.1574,,,0.01385,-1.33332,
1919-07-01,,,,,,,-0.176,,,,,-0.8834,-0.0025,,,0.22727,-1.41017,
1919-08-01,,,,,,,-0.319,,,,,-1.3998,-0.3222,,,0.71255,-2.42796,
1919-09-01,,,,,,,-0.22,,,,,-0.4,0.4339,,,1.43703,-1.78024,
1919-10-01,,,,,,,-0.349,,,,,0.1335,0.8891,,,1.97034,-1.7356,
1919-11-01,,,,,,,-0.262,,,,,-0.1675,0.6945,,,1.11355,-1.64436,
1919-12-01,,,,,,,-0.406,,,,,0.6401,1.4754,,,1.18985,-1.0345,
1920-01-01,,,,,,,0.018,,,,,0.419,1.1302,,,0.94114,-0.96611,
1920-02-01,,,,,,,0.054,,,,,0.5247,1.0478,,,0.76858,-0.54469,
1920-03-01,,,,,,,0.14,,,,,0.1222,0.6898,,,0.69707,-0.92764,
1920-04-01,,,,,,,0.058,,,,,-0.3578,0.3607,,,0.05747,-0.73504,
1920-05-01,,,,,,,0.27,,,,,-0.604,0.1916,,,-0.20827,-0.85919,
1920-06-01,,,,,,,-0.057,,,,,-0.2282,0.5523,,,-0.79433,-0.37936,
1920-07-01,,,,,,,-0.589,,,,,-0.0276,0.7477,,,-0.78128,-0.11371,
1920-08-01,,,,,,,-0.601,,,,,-0.1016,0.6516,,,-0.38038,-0.20731,
1920-09-01,,,,,,,-0.609,,,,,-0.5244,0.1615,,,-0.48278,-0.13029,
1920-10-01,,,,,,,-0.446,,,,,-0.8301,-0.0894,,,-1.24382,-0.12232,
1920-11-01,,,,,,,-0.576,,,,,-0.5594,0.1347,,,-0.47032,-0.54272,
1920-12-01,,,,,,,-0.388,,,,,-0.7596,-0.1083,,,-0.19122,-1.11032,
1921-01-01,,,,,,,-0.296,,,,,-0.7296,-0.0841,,,-0.20597,-1.146,
1921-02-01,,,,,,,-0.164,,,,,-1.7099,-0.8914,,,-0.25705,-2.33203,
1921-03-01,,,,,,,-0.081,,,,,-2.5372,-1.5393,,,-1.20957,-2.59269,
1921-04-01,,,,,,,-0.189,,,,,-2.1015,-1.1675,,,-1.15065,-2.2115,
1921-05-01,,,,,,,-0.042,,,,,-1.0451,-0.1927,,,-0.422,-1.72336,
1921-06-01,,,,,,,-0.214,,,,,-1.213,-0.4208,,,-0.38555,-1.98189,
1921-07-01,,,,,,,-0.442,,,,,-0.6283,0.0261,,,-0.24562,-1.30241,
1921-08-01,,,,,,,-0.931,,,,,-0.1416,0.4737,,,-0.17138,-0.61232,
1921-09-01,,,,,,,-0.548,,,,,-0.1274,0.4824,,,-0.28563,-0.45145,
1921-10-01,,,,,,,-0.474,,,,,0.5046,0.937,,,0.50548,-0.09261,
1921-11-01,,,,,,,-0.484,,,,,0.7036,1.1935,,,0.89478,-0.30627,
1921-12-01,,,,,,,-0.383,,,,,0.2958,0.8729,,,-0.09116,-0.21242,
1922-01-01,,,,,,,-0.382,,,,,0.1114,0.7793,,,-0.32624,-0.40086,
1922-02-01,,,,,,,-0.197,,,,,-0.9893,-0.2756,,,-1.13487,-0.90351,
1922-03-01,,,,,,,0.079,,,,,-0.4933,0.1738,,,-0.85034,-0.36616,
1922-04-01,,,,,,,-0.39,,,,,-1.2078,-0.3985,,,-1.10997,-0.76144,
1922-05-01,,,,,,,-0.376,,,,,-0.7157,0.0488,,,-1.07351,-0.33836,
1922-06-01,,,,,,,-0.068,,,,,-1.121,-0.2036,,,-1.14979,-1.24505,
1922-07-01,,,,,,,-0.549,,,,,-1.5097,-0.5888,,,-1.03638,-1.61708,
1922-08-01,,,,,,,-0.415,,,,,-1.7082,-0.7851,,,-1.16422,-1.6607,
1922-09-01,,,,,,,-0.511,,,,,-1.75,-0.7866,,,-1.34383,-1.74254,
1922-10-01,,,,,,,-0.529,,,,,-1.6511,-0.7942,,,-1.22044,-1.51622,
1922-11-01,,,,,,,-0.547,,,,,-1.0614,-0.2539,,,-0.74256,-1.24033,
1922-12-01,,,,,,,-0.304,,,,,-1.1408,-0.3476,,,-1.07059,-1.00301,
1923-01-01,,,,,,,-0.204,,,,,-1.2092,-0.3569,,,-0.39572,-1.50994,
1923-02-01,,,,,,,-0.413,,,,,-1.352,-0.4361,,,-0.50092,-1.67684,
1923-03-01,,,,,,,-0.281,,,,,-0.5056,0.4312,,,-0.34841,-0.89211,
1923-04-01,,,,,,,-0.239,,,,,-0.6128,0.202,,,-0.12178,-0.89285,
1923-05-01,,,,,,,-0.312,,,,,-0.3616,0.4568,,,0.18594,-0.81334,
1923-06-01,,,,,,,-0.102,,,,,-0.3016,0.4768,,,0.36423,-0.82586,
1923-07-01,,,,,,,-0.403,,,,,-0.3943,0.3721,,,0.62823,-1.06593,
1923-08-01,,,,,,,-0.001,,,,,-0.1358,0.697,,,0.44159,-0.75811,
1923-09-01,,,,,,,0.241,,,,,0.0736,0.8341,,,0.35132,-0.32299,
1923-10-01,,,,,,,0.276,,,,,0.3353,0.9828,,,0.1474,-0.15163,
1923-11-01,,,,,,,0.447,,,,,0.3796,0.9217,,,0.05701,-0.07315,
1923-12-01,,,,,,,-0.202,,,,,0.463,0.8951,,,-0.49453,0.43248,
1924-01-01,,,,,,,-0.434,,,,,0.449,0.9214,,,-1.06154,0.92647,
1924-02-01,,,,,,,-0.596,,,,,0.1416,0.6211,,,-0.97312,0.26334,
1924-03-01,,,,,,,-0.428,,,,,0.0234,0.4733,,,-1.2452,0.28698,
1924-04-01,,,,,,,-0.267,,,,,-0.4487,0.0456,,,-1.21946,-0.09951,
1924-05-01,,,,,,,-0.415,,,,,-0.6601,-0.0718,,,-1.34936,-0.38087,
1924-06-01,,,,,,,-0.447,,,,,-1.2094,-0.4605,,,-1.84373,-0.76428,
1924-07-01,,,,,,,-0.395,,,,,-1.5636,-0.7905,,,-1.66252,-1.18737,
1924-08-01,,,,,,,-0.417,,,,,-1.5961,-0.652,,,-1.29957,-1.71206,
1924-09-01,,,,,,,-0.652,,,,,-1.7929,-0.8581,,,-0.76128,-2.23699,
1924-10-01,,,,,,,-0.209,,,,,-1.9348,-0.9252,,,-0.17798,-2.71455,
1924-11-01,,,,,,,-0.408,,,,,-2.0345,-0.9804,,,-0.4476,-2.56195,
1924-12-01,,,,,,,-0.365,,,,,-1.9726,-0.8945,,,-1.15369,-1.99055,
1925-01-01,,,,,,,-0.317,,,,,-1.8125,-0.7618,,,-0.93579,-2.06042,
1925-02-01,,,,,,,-0.028,,,,,-1.7886,-0.7466,,,-0.44213,-2.3836,
1925-03-01,,,,,,,-0.008,,,,,-0.8609,0.0555,,,0.67635,-2.42294,
1925-04-01,,,,,,,0.482,,,,,-0.8534,0.0461,,,0.63109,-2.07248,
1925-05-01,,,,,,,-0.042,,,,,-0.8225,-0.0245,,,0.05922,-1.43111,
1925-06-01,,,,,,,0.081,,,,,-0.8568,-0.1258,,,0.18946,-1.44096,
1925-07-01,,,,,,,-0.167,,,,,-0.4285,0.1752,,,0.71203,-1.29569,
1925-08-01,,,,,,,-0.04,,,,,-0.0923,0.5065,,,0.86461,-0.94101,
1925-09-01,,,,,,,0.388,,,,,0.0687,0.7126,,,0.51826,-0.58059,
1925-10-01,,,,,,,0.103,,,,,0.4033,0.9388,,,0.38776,-0.13769,
1925-11-01,,,,,,,0.118,,,,,0.8218,1.2395,,,0.50982,0.31393,
1925-12-01,,,,,,,-0.153,,,,,1.1067,1.4116,,,0.57501,0.52309,
1926-01-01,,,,,,,-0.003,,,,,1.1883,1.4511,,,0.69837,0.54564,
1926-02-01,,,,,,,-0.358,,,,,0.785,1.0834,,,0.34968,0.34208,
1926-03-01,,,,,,,-0.041,,,,,0.8704,1.1937,,,0.65423,0.04216,
1926-04-01,,,,,,,-0.247,,,,,0.5443,0.9038,,,0.5937,-0.06142,
1926-05-01,,,,,,,-0.084,,,,,0.1777,0.5675,,,0.06811,-0.11259,
1926-06-01,,,,,,,0.147,,,,,-0.1527,0.2751,,,-0.51657,-0.1102,
1926-07-01,,,,,,,-0.231,,,,,-0.3632,0.0911,,,-0.74871,-0.22349,
1926-08-01,,,,,,,-0.007,,,,,-0.5949,-0.1072,,,-0.71168,-0.41103,
1926-09-01,,,,,,,-0.405,,,,,-0.9893,-0.4301,,,-0.57417,-1.05202,
1926-10-01,,,,,,,-0.115,,,,,-1.4967,-0.8628,,,-0.75716,-1.50858,
1926-11-01,,,,,,,-0.49,,,,,-1.4183,-0.7576,,,-0.46688,-1.48837,
1926-12-01,,,,,,,-0.422,,,,,-1.0562,-0.4278,,,0.00556,-1.70589,
1927-01-01,,,,,,,-0.202,,,,,-0.8828,-0.2072,,,0.49709,-2.01424,
1927-02-01,,,,,,,0.042,,,,,-0.7516,-0.2042,,,0.4833,-1.8458,
1927-03-01,,,,,,,-0.202,,,,,-0.7896,-0.0891,,,0.20352,-1.89104,
1927-04-01,,,,,,,-0.398,,,,,-1.1251,-0.3656,,,-0.22107,-1.84584,
1927-05-01,,,,,,,-0.256,,,,,-1.0108,-0.1991,,,-0.36421,-1.37595,
1927-06-01,,,,,,,-0.168,,,,,-0.7188,0.0399,,,-0.26101,-1.32366,
1927-07-01,,,,,,,-0.576,,,,,-0.7572,-0.0445,,,-0.43968,-0.96655,
1927-08-01,,,,,,,-0.611,,,,,-0.6647,-0.0018,,,-0.24261,-0.85995,
1927-09-01,,,,,,,-0.664,,,,,-0.3341,0.2637,,,0.23761,-1.0277,
1927-10-01,,,,,,,-0.602,,,,,-0.1164,0.4761,,,0.22947,-0.95948,
1927-11-01,,,,,,,-0.287,,,,,-0.368,0.1183,,,0.18625,-1.00263,
1927-12-01,,,,,,,-0.378,,,,,-0.3196,0.1559,,,-0.42283,-0.51064,
1928-01-01,,,,,,,-0.377,,,,,-0.0455,0.3833,,,-0.50426,-0.19074,
1928-02-01,,,,,,,-0.36,,,,,-0.261,0.2574,,,-0.33483,-0.55267,
1928-03-01,,,,,,,-0.277,,,,,-0.5372,0.0927,,,-0.15276,-1.03987,
1928-04-01,,,,,,,-0.313,,,,,-0.6532,0.0343,,,-0.32666,-0.87592,
1928-05-01,,,,,,,-0.268,,,,,-0.5627,0.1375,,,-0.56273,-0.51718,
1928-06-01,,,,,,,-0.465,,,,,-0.8081,-0.0459,,,-0.94419,-0.62089,
1928-07-01,,,,,,,-0.64,,,,,-0.5012,0.2369,,,-0.63627,-0.42955,
1928-08-01,,,,,,,-0.891,,,,,-0.4765,0.3068,,,-0.38184,-0.80741,
1928-09-01,,,,,,,-0.87,,,,,-0.5857,0.2039,,,-0.36535,-0.86127,
1928-10-01,,,,,,,-0.732,,,,,-0.7635,0.0782,,,-0.15571,-1.29511,
1928-11-01,,,,,,,-0.207,,,,,-0.6996,0.0345,,,-0.49801,-0.76023,
1928-12-01,,,,,,,-0.372,,,,,-0.5669,0.2031,,,-0.46993,-0.92024,
1929-01-01,,,,,,,-0.284,,,,,-0.7932,0.0197,,,-0.96592,-0.65104,
1929-02-01,,,,,,,-0.362,,,,,-0.8967,-0.0908,,,-0.51642,-1.00171,
1929-03-01,,,,,,,-0.238,,,,,-0.7269,0.0684,,,-0.04964,-1.18231,
1929-04-01,,,,,,,-0.222,,,,,-0.8375,-0.0797,,,-0.12292,-1.0687,
1929-05-01,,,,,,,-0.361,,,,,-0.7602,0.0955,,,-0.04501,-1.11529,
1929-06-01,,,,,,,-0.247,,,,,-0.6899,0.1996,,,0.02926,-0.93104,
1929-07-01,,,,,,,-0.389,,,,,-0.5344,0.2745,,,0.05599,-0.83757,
1929-08-01,,,,,,,-0.487,,,,,-0.5012,0.2517,,,0.15477,-0.93168,
1929-09-01,,,,,,,-0.305,,,,,-0.3169,0.4146,,,0.0839,-0.73106,
1929-10-01,,,,,,,-0.356,,,,,-0.3233,0.3821,,,-0.23952,-0.46216,
1929-11-01,,,,,,,-0.281,,,,,-0.2933,0.3823,,,0.03458,-0.83046,
1929-12-01,,,,,,,-0.024,,,,,-0.091,0.5649,,,-0.50821,-0.22329,
1930-01-01,,,,,,,-0.423,,,,,0.1174,0.8458,,,-0.76499,0.12645,
1930-02-01,,,,,,,-0.513,,,,,0.1349,0.8371,,,-0.73933,0.21328,
1930-03-01,,,,,,,-0.32,,,,,-0.0562,0.6321,,,-0.74909,0.38716,
1930-04-01,,,,,,,-0.245,,,,,-0.1858,0.4354,,,-0.17937,-0.24603,
1930-05-01,,,,,,,-0.444,,,,,-0.1348,0.5839,,,-0.06377,-0.31997,
1930-06-01,,,,,,,-0.138,,,,,0.2469,0.9697,,,0.66495,-0.78243,
1930-07-01,,,,,,,-0.405,,,,,0.194,0.8337,,,0.75386,-0.35881,
1930-08-01,,,,,,,-0.33,,,,,0.3186,0.884,,,1.09825,-0.40804,
1930-09-01,,,,,,,-0.802,,,,,0.6423,1.0694,,,1.36166,-0.21207,
1930-10-01,,,,,,,-0.417,,,,,0.9171,1.2627,,,1.2137,0.16986,
1930-11-01,,,,,,,0.112,,,,,1.0078,1.2796,,,1.71328,0.11749,
1930-12-01,,,,,,,-0.114,,,,,1.0129,1.3366,,,1.81459,-0.06702,
1931-01-01,,,,,,,-0.058,,,,,1.0603,1.2866,,,1.61638,0.13686,
1931-02-01,,,,,,,-0.334,,,,,0.9302,1.1551,,,1.16184,0.1071,
1931-03-01,,,,,,,-0.548,,,,,0.4065,0.6746,,,0.99899,-0.36424,
1931-04-01,,,,,,,-0.524,,,,,0.2396,0.5874,,,0.80676,-0.38723,
1931-05-01,,,,,,,-0.258,,,,,0.1493,0.5199,,,-0.10958,-0.16597,
1931-06-01,,,,,,,-0.28,,,,,-0.136,0.2693,,,-0.26182,-0.43626,
1931-07-01,,,,,,,-0.414,,,,,-0.2594,0.1794,,,-0.3151,-0.48575,
1931-08-01,,,,,,,-0.502,,,,,-0.466,0.0482,,,-0.48333,-0.5327,
1931-09-01,,,,,,,-1.011,,,,,-1.0827,-0.5661,,,-0.67708,-0.91275,
1931-10-01,,,,,,,-0.596,,,,,-1.3998,-0.8147,,,-0.78991,-1.15505,
1931-11-01,,,,,,,-0.184,,,,,-1.2867,-0.6071,,,-1.0665,-1.00201,
1931-12-01,,,,,,,-0.812,,,,,-1.1217,-0.4705,,,-0.43746,-1.32118,
1932-01-01,,,,,,,-0.426,,,,,-1.0695,-0.3701,,,0.06576,-1.44804,
1932-02-01,,,,,,,-0.58,,,,,-0.8218,-0.2056,,,0.0609,-0.98863,
1932-03-01,,,,,,,-0.438,,,,,-0.4217,0.1748,,,0.27262,-0.75848,
1932-04-01,,,,,,,-0.126,,,,,-0.2574,0.3468,,,0.84587,-0.97972,
1932-05-01,,,,,,,-0.378,,,,,-0.1773,0.482,,,1.10399,-1.02108,
1932-06-01,,,,,,,-0.396,,,,,-0.2942,0.4094,,,0.87631,-1.10516,
1932-07-01,,,,,,,-0.246,,,,,-0.3737,0.3358,,,0.2496,-0.63614,
1932-08-01,,,,,,,-0.489,,,,,-0.6084,0.0368,,,0.22511,-0.98397,
1932-09-01,,,,,,,-0.403,,,,,-0.769,-0.0533,,,0.66436,-1.69497,
1932-10-01,,,,,,,-0.729,,,,,-0.7406,0.0471,,,0.64834,-1.90179,
1932-11-01,,,,,,,-0.314,,,,,-0.7231,0.0433,,,0.60574,-1.8951,
1932-12-01,,,,,,,-0.033,,,,,-0.9121,-0.1694,,,0.15567,-1.68615,
1933-01-01,,,,,,,-0.189,,,,,-0.9055,-0.253,,,-0.23083,-1.18812,
1933-02-01,,,,,,,-0.092,,,,,-1.0371,-0.4224,,,-0.02034,-1.33364,
1933-03-01,,,,,,,0.039,,,,,-1.0302,-0.3526,,,0.13058,-1.61946,
1933-04-01,,,,,,,0.177,,,,,-1.047,-0.304,,,0.18427,-1.75009,
1933-05-01,,,,,,,-0.344,,,,,-1.1497,-0.3738,,,-0.42015,-1.49518,
1933-06-01,,,,,,,-0.307,,,,,-1.4992,-0.6184,,,-0.6079,-1.79933,
1933-07-01,,,,,,,-0.469,,,,,-1.6933,-0.8226,,,-0.28567,-2.24713,
1933-08-01,,,,,,,-0.631,,,,,-1.8073,-0.9134,,,0.00226,-2.69272,
1933-09-01,,,,,,,-1.567,,,,,-1.7982,-0.8815,,,-0.00265,-2.73753,
1933-10-01,,,,,,,-0.986,,,,,-2.0331,-1.1003,,,-0.29185,-2.90136,
1933-11-01,,,,,,,-0.604,,,,,-2.1061,-1.1387,,,-0.47054,-2.8289,
1933-12-01,,,,,,,-0.472,,,,,-1.9538,-1.0063,,,0.07987,-3.13225,
1934-01-01,,,,,,,-0.611,,,,,-1.5412,-0.5791,,,0.15834,-2.92471,
1934-02-01,,,,,,,-0.251,,,,,-1.2678,-0.3229,,,0.0413,-2.44841,
1934-03-01,,,,,,,-0.166,,,,,-1.3367,-0.3702,,,0.05335,-2.32377,
1934-04-01,,,,,,,-0.134,,,,,-1.2517,-0.3506,,,-0.12528,-1.92557,
1934-05-01,,,,,,,-0.2,,,,,-0.8345,0.0184,,,-0.44848,-1.16642,
1934-06-01,,,,,,,-0.016,,,,,-0.6202,0.0703,,,0.16486,-1.38323,
1934-07-01,,,,,,,-0.325,,,,,-0.543,0.1069,,,0.2182,-1.21975,
1934-08-01,,,,,,,-0.012,,,,,-0.5825,-0.0047,,,0.60904,-1.49339,
1934-09-01,,,,,,,-0.498,,,,,-0.9099,-0.3082,,,0.30081,-1.5298,
1934-10-01,,,,,,,-0.322,,,,,-0.7353,-0.0955,,,-0.29777,-1.05658,
1934-11-01,,,,,,,-0.155,,,,,-0.7396,-0.0853,,,-0.7049,-0.81513,
1934-12-01,,,,,,,-0.16,,,,,-0.6586,0.0069,,,-1.16639,-0.53083,
1935-01-01,,,,,,,0.008,,,,,-0.732,-0.0628,,,-1.26535,-0.59036,
1935-02-01,,,,,,,-0.054,,,,,-0.713,-0.0417,,,-1.55485,-0.43081,
1935-03-01,,,,,,,0.119,,,,,-0.7298,0.0365,,,-1.06452,-0.61982,
1935-04-01,,,,,,,-0.216,,,,,-1.0725,-0.3309,,,0.00102,-1.56826,
1935-05-01,,,,,,,0.063,,,,,-0.9163,-0.2185,,,0.1245,-1.59433,
1935-06-01,,,,,,,0.091,,,,,-0.839,-0.0944,,,-0.04669,-1.52741,
1935-07-01,,,,,,,0.052,,,,,-0.73,0.0185,,,0.1771,-1.3822,
1935-08-01,,,,,,,-0.025,,,,,-0.5291,0.1629,,,0.10279,-1.04,
1935-09-01,,,,,,,-0.246,,,,,-0.3856,0.2905,,,-0.01674,-0.7888,
1935-10-01,,,,,,,-0.304,,,,,-0.3827,0.2511,,,0.20602,-0.87969,
1935-11-01,,,,,,,0.119,,,,,-0.5329,0.0779,,,0.34333,-1.17615,
1935-12-01,,,,,,,0.022,,,,,-0.6133,-0.001,,,-0.16561,-0.86301,
1936-01-01,,,,,,,0.086,,,,,-0.6196,0.0121,,,-0.62895,-0.66306,
1936-02-01,,,,,,,-0.389,,,,,-0.5622,-0.0175,,,-0.12965,-0.78709,
1936-03-01,,,,,,,-0.211,,,,,-0.6703,-0.0651,,,-0.16603,-0.98699,
1936-04-01,,,,,,,-0.069,,,,,-0.5231,0.0311,,,-0.03891,-0.69135,
1936-05-01,,,,,,,-0.192,,,,,-0.5491,0.1027,,,-0.49021,-0.63273,
1936-06-01,,,,,,,0.064,,,,,-0.7156,0.0556,,,-1.05076,-0.69929,
1936-07-01,,,,,,,-0.073,,,,,-0.8665,-0.1332,,,-0.86889,-0.83563,
1936-08-01,,,,,,,-0.437,,,,,-0.7208,-0.0948,,,-0.3797,-0.91944,
1936-09-01,,,,,,,-0.446,,,,,-0.5749,0.0269,,,-0.28675,-0.71469,
1936-10-01,,,,,,,-0.692,,,,,-0.7059,-0.0869,,,-0.38787,-0.83939,
1936-11-01,,,,,,,-0.063,,,,,-0.9309,-0.2737,,,-0.57311,-1.0108,
1936-12-01,,,,,,,-0.318,,,,,-0.9772,-0.2848,,,-0.94337,-1.04104,
1937-01-01,,,,,,,-0.113,,,,,-1.0384,-0.3711,,,-0.79783,-1.00646,
1937-02-01,,,,,,,-0.231,,,,,-0.5962,-0.0777,,,-0.37234,-0.65992,
1937-03-01,,,,,,,-0.256,,,,,-0.5346,-0.0183,,,-0.24132,-0.62569,
1937-04-01,,,,,,,-0.403,,,,,-0.813,-0.2546,,,0.21195,-1.43205,
1937-05-01,,,,,,,0.042,,,,,-0.726,-0.1403,,,-0.07117,-1.21149,
1937-06-01,,,,,,,-0.297,,,,,-0.5825,-0.0704,,,-0.30272,-0.9441,
1937-07-01,,,,,,,-0.547,,,,,-0.6656,-0.1471,,,0.16197,-1.24296,
1937-08-01,,,,,,,-0.252,,,,,-0.3697,0.1043,,,0.63181,-1.16948,
1937-09-01,,,,,,,-0.09,,,,,-0.2587,0.2321,,,0.11726,-0.83964,
1937-10-01,,,,,,,-0.304,,,,,-0.346,0.1968,,,-0.04839,-0.71014,
1937-11-01,,,,,,,-0.115,,,,,-0.4844,0.0258,,,-0.24102,-0.70461,
1937-12-01,,,,,,,-0.139,,,,,-0.6352,-0.1484,,,-0.29208,-1.06767,
1938-01-01,,,,,,,-0.084,,,,,-1.0893,-0.513,,,-0.52013,-1.37078,
1938-02-01,,,,,,,-0.217,,,,,-1.3118,-0.7582,,,-0.84994,-1.28597,
1938-03-01,,,,,,,0.009,,,,,-1.1801,-0.5417,,,-0.80756,-1.33699,
1938-04-01,,,,,,,-0.345,,,,,-1.467,-0.6955,,,-1.22478,-1.47767,
1938-05-01,,,,,,,0.016,,,,,-1.3264,-0.525,,,-1.20675,-1.30653,
1938-06-01,,,,,,,-0.407,,,,,-1.8318,-0.9676,,,-1.25513,-1.79277,
1938-07-01,,,,,,,-0.621,,,,,-2.2484,-1.3397,,,-0.34556,-3.33821,
1938-08-01,,,,,,,-0.149,,,,,-2.1504,-1.2671,,,-0.36054,-3.19072,
1938-09-01,,,,,,,-0.457,,,,,-1.6072,-0.7275,,,-0.1087,-2.64463,
1938-10-01,,,,,,,-0.611,,,,,-1.4107,-0.6534,,,-0.23845,-1.83628,
1938-11-01,,,,,,,-0.712,,,,,-1.4982,-0.6439,,,-0.12172,-2.18249,
1938-12-01,,,,,,,-0.541,,,,,-1.5781,-0.6946,,,-0.52699,-2.00725,
1939-01-01,,,,,,,-0.125,,,,,-1.7451,-0.8537,,,-0.05255,-2.42051,
1939-02-01,,,,,,,0.209,,,,,-1.664,-0.8177,,,-0.08562,-2.20771,
1939-03-01,,,,,,,0.021,,,,,-0.7581,0.0484,,,-0.19234,-1.37422,
1939-04-01,,,,,,,-0.266,,,,,-0.6079,0.1116,,,0.39533,-1.47131,
1939-05-01,,,,,,,-0.337,,,,,-0.2799,0.4248,,,0.85008,-1.46878,
1939-06-01,,,,,,,-0.178,,,,,-0.3881,0.2153,,,1.2675,-1.61397,
1939-07-01,,,,,,,-0.405,,,,,-0.1654,0.371,,,1.5346,-1.62291,
1939-08-01,,,,,,,-0.46,,,,,0.0271,0.4956,,,1.60835,-1.07015,
1939-09-01,,,,,,,-0.285,,,,,-0.3665,0.1701,,,1.51854,-1.41446,
1939-10-01,,,,,,,-0.19,,,,,-0.4186,0.1416,,,1.71651,-1.69859,
1939-11-01,,,,,,,-0.319,,,,,-0.7867,-0.287,,,1.53785,-1.80086,
1939-12-01,,,,,,,-0.106,,,,,-0.2518,-0.0303,,,1.30437,-0.89033,
1940-01-01,,,,,,,0.08,,,,,0.7215,0.8143,,,1.20886,0.25874,
1940-02-01,,,,,,,-0.224,,,,,0.6746,0.8357,,,0.93904,0.32634,
1940-03-01,,,,,,,-0.476,,,,,0.8779,0.9804,,,0.82257,0.6597,
1940-04-01,,,,,,,-0.493,,,,,0.1421,0.3367,,,0.71355,-0.23381,
1940-05-01,,,,,,,-0.46,,,,,0.2651,0.4837,,,0.82442,-0.32928,
1940-06-01,,,,,,,-0.028,,,,,0.159,0.4616,,,0.59212,-0.15765,
1940-07-01,,,,,,,-0.363,,,,,0.2123,0.4781,,,-0.17335,0.46672,
1940-08-01,,,,,,,-0.253,,,,,0.7508,0.906,,,-0.1335,1.07455,
1940-09-01,,,,,,,-0.39,,,,,0.6495,0.7444,,,0.07713,0.95075,
1940-10-01,,,,,,,-0.472,,,,,0.3032,0.4468,,,1.22269,-0.36784,
1940-11-01,,,,,,,-0.341,,,,,1.2287,1.2458,,,0.92026,0.81944,
1940-12-01,,,,,,,-0.316,,,,,1.8629,1.8852,,,1.05078,1.21993,
1941-01-01,,,,,,,-0.362,,,,,1.8312,1.7034,,,1.1786,1.23598,
1941-02-01,,,,,,,-0.619,,,,,1.9284,1.7835,,,1.1015,1.50719,
1941-03-01,,,,,,,-0.26,,,,,1.299,1.2286,,,0.81496,1.02941,
1941-04-01,,,,,,,-0.278,,,,,0.7535,0.7315,,,0.94745,0.53521,
1941-05-01,,,,,,,-0.269,,,,,0.7916,0.7527,,,1.02886,0.56937,
1941-06-01,,,,,,,-0.376,,,,,0.4543,0.4052,,,0.64238,0.5706,
1941-07-01,,,,,,,-0.429,,,,,0.3662,0.3537,,,0.25949,0.63383,
1941-08-01,,,,,,,-0.419,,,,,0.4064,0.4072,,,-0.0034,0.8423,
1941-09-01,,,,,,,-0.332,,,,,0.3113,0.3584,,,0.3967,0.37992,
1941-10-01,,,,,,,-0.19,,,,,0.557,0.4366,,,0.36869,0.78485,
1941-11-01,,,,,,,0.274,,,,,0.8763,0.6925,,,0.43256,1.01137,
1941-12-01,,,,,,,-0.182,,,,,0.9835,0.8459,,,0.90766,0.80526,
1942-01-01,,,,,,,-0.193,,,,,0.4789,0.5927,,,0.69131,0.50197,
1942-02-01,,,,,,,-0.298,,,,,0.1353,0.2984,,,-0.09123,0.47844,
1942-03-01,,,,,,,-0.251,,,,,0.1384,0.3647,,,-0.63449,0.54334,
1942-04-01,,,,,,,-0.41,,,,,0.0807,0.3367,,,-1.38804,1.0029,
1942-05-01,,,,,,,-0.599,,,,,-0.3054,-0.005,,,-1.46273,0.7307,
1942-06-01,,,,,,,-0.944,,,,,-0.741,-0.3631,,,-1.96558,0.35492,
1942-07-01,,,,,,,-0.697,,,,,-1.5109,-1.0118,,,-1.83014,-0.71828,
1942-08-01,,,,,,,-1.1,,,,,-1.8137,-1.2605,,,-1.86687,-1.08607,
1942-09-01,,,,,,,-0.946,,,,,-2.1483,-1.5026,,,-1.6997,-1.59905,
1942-10-01,,,,,,,-0.588,,,,,-2.1999,-1.5417,,,-1.43556,-1.8907,
1942-11-01,,,,,,,-0.598,,,,,-2.2276,-1.5703,,,-1.45028,-1.95542,
1942-12-01,,,,,,,-0.559,,,,,-2.1417,-1.5143,,,-0.91714,-2.37844,
1943-01-01,,,,,,,-0.49,,,,,-2.2273,-1.6464,,,-0.06139,-2.93546,
1943-02-01,,,,,,,-0.249,,,,,-2.1792,-1.6106,,,-0.85667,-1.76785,
1943-03-01,,,,,,,-0.305,,,,,-1.5837,-0.901,,,-0.46459,-1.95375,
1943-04-01,,,,,,,-0.225,,,,,-1.2037,-0.5509,,,-0.16484,-1.43322,
1943-05-01,,,,,,,-0.188,,,,,-0.7688,-0.2055,,,-0.05025,-1.05924,
1943-06-01,,,,,,,0.151,,,,,-0.499,0.0678,,,0.25359,-0.9706,
1943-07-01,,,,,,,0.095,,,,,-0.4464,0.1192,,,0.32751,-1.1167,
1943-08-01,,,,,,,0.036,,,,,-0.3181,0.1713,,,0.2608,-1.00059,
1943-09-01,,,,,,,-0.648,,,,,-0.7286,-0.2936,,,-0.27298,-1.04925,
1943-10-01,,,,,,,-0.535,,,,,-1.0227,-0.5426,,,-0.19503,-1.48255,
1943-11-01,,,,,,,-0.388,,,,,-0.852,-0.495,,,-0.29863,-1.26404,
1943-12-01,,,,,,,-0.386,,,,,-0.7423,-0.2968,,,-0.76332,-0.883,
1944-01-01,,,,,,,-0.155,,,,,-0.6501,-0.2102,,,-0.56964,-0.84554,
1944-02-01,,,,,,,0.247,,,,,-0.2924,-0.0344,,,0.00298,-0.73144,
1944-03-01,,,,,,,-0.177,,,,,0.1686,0.2842,,,0.43097,-0.33618,
1944-04-01,,,,,,,-0.241,,,,,0.1894,0.3183,,,0.63404,-0.41452,
1944-05-01,,,,,,,0.283,,,,,-0.1449,0.0698,,,-0.12104,-0.30943,
1944-06-01,,,,,,,-0.115,,,,,-0.2996,-0.2068,,,-0.21689,-0.41302,
1944-07-01,,,,,,,0.053,,,,,-0.1362,-0.0747,,,0.15976,-0.38188,
1944-08-01,,,,,,,0.051,,,,,-0.3734,-0.2646,,,0.33234,-0.70898,
1944-09-01,,,,,,,0.001,,,,,-0.7423,-0.5686,,,-0.38569,-0.58943,
1944-10-01,,,,,,,-0.601,,,,,-1.3515,-1.0593,,,-0.84616,-0.89508,
1944-11-01,,,,,,,-0.249,,,,,-1.0719,-0.73,,,-1.71532,-0.34885,
1944-12-01,,,,,,,0.178,,,,,-0.9306,-0.7149,,,-0.98384,-0.62155,
1945-01-01,,,,,,,-0.141,,,,,-0.8797,-0.7826,,,-0.30404,-0.99203,
1945-02-01,,,,,,,0.089,,,,,-0.9693,-0.9185,,,0.26198,-1.5701,
1945-03-01,,,,,,,0.205,,,,,-1.1354,-0.8564,,,0.27865,-2.07734,
1945-04-01,,,,,,,-0.33,,,,,-1.1449,-0.8631,,,0.22061,-1.84526,
1945-05-01,,,,,,,-0.572,,,,,-0.5029,-0.3249,,,0.52936,-1.33451,
1945-06-01,,,,,,,-0.563,,,,,-1.3416,-1.1092,,,0.15231,-1.72086,
1945-07-01,,,,,,,-0.524,,,,,-1.0652,-0.8326,,,0.12098,-1.38621,
1945-08-01,,,,,,,-0.656,,,,,-0.9384,-0.7823,,,0.2648,-1.27685,
1945-09-01,,,,,,,-0.594,,,,,-0.6661,-0.5815,,,0.66889,-1.1683,
1945-10-01,,,,,,,-0.513,,,,,-2.0649,-1.7121,,,-0.49211,-1.90612,
1945-11-01,,,,,,,-0.323,,,,,-0.4208,-0.2573,,,0.58923,-0.87302,
1945-12-01,,,,,,,-0.327,,,,,-0.3289,-0.1818,,,1.0168,-1.15107,
1946-01-01,,,,,,,0.067,,,,,-0.2957,-0.1287,,,1.18588,-1.04997,
1946-02-01,,,,,,,-0.014,,,,,-1.3303,-1.1442,,,0.09206,-1.70096,
1946-03-01,,,,,,,-0.226,,,,,-0.986,-0.6738,,,-0.4478,-1.14571,
1946-04-01,,,,,,,-0.557,,,,,-0.6682,-0.2714,,,-0.64013,-0.60697,
1946-05-01,,,,,,,0.297,,,,,-0.3706,0.0663,,,-1.19375,0.28274,
1946-06-01,,,,,,,-0.33,,,,,-1.1775,-0.4922,,,-1.48966,-0.28111,
1946-07-01,,,,,,,-0.159,,,,,-1.4968,-0.811,,,-1.56096,-0.58251,
1946-08-01,,,,,,,0.165,,,,,-2.0028,-1.2572,,,-1.39421,-1.30407,
1946-09-01,,,,,,,-0.071,,,,,-1.6866,-1.0388,,,-0.51156,-1.51442,
1946-10-01,,,,,,,-0.178,,,,,-0.9014,-0.2671,,,-0.39004,-1.02677,
1946-11-01,,,,,,,-0.026,,,,,-0.8056,-0.1074,,,-0.61864,-0.62007,
1946-12-01,,,,,,,-0.25,,,,,0.3359,0.9479,,,-0.78052,0.7413,
1947-01-01,,,,,,,-0.288,,,,,-0.2404,0.1818,,,-0.44179,0.00101,
1947-02-01,,,,,,,0.028,,,,,-0.187,0.1948,,,-0.53101,0.29392,
1947-03-01,,,,,,,-0.0,,,,,-0.2019,0.2393,,,-0.58209,0.11579,
1947-04-01,,,,,,,-0.186,,,,,-0.324,0.1657,,,-0.58812,-0.24893,
1947-05-01,,,,,,,0.104,,,,,0.0499,0.5579,,,-1.06032,0.32223,
1947-06-01,,,,,,,-0.066,,,,,-0.3609,0.0966,,,-1.41605,0.37343,
1947-07-01,,,,,,,-0.632,,,,,-0.6404,-0.1217,,,-1.06911,-0.18558,
1947-08-01,,,,,,,-0.659,,,,,-0.8186,-0.1832,,,-0.92238,-0.69875,
1947-09-01,,,,,,,-0.97,,,,,-0.6697,0.1075,,,-0.86564,-0.81455,
1947-10-01,,,,,,,-0.824,,,,,-1.7153,-0.9185,,,-0.39255,-1.9012,
1947-11-01,,,,,,,-0.32,,,,,-1.8933,-1.1361,,,-0.73302,-1.65241,
1947-12-01,,,,,,,-0.266,,,,,-0.2374,0.3772,,,-0.62952,-0.24342,
1948-01-01,-0.43,-0.51,-0.5,-1.03,,,-0.298,0.454,,,-0.01,0.2083,0.8876,,,0.02103,-0.88941,
1948-02-01,-0.11,-0.04,-0.43,0.09,,,-0.155,0.047,,,0.39,0.2949,0.9075,,-0.1399999999999999,0.63466,-1.10929,
1948-03-01,0.12,0.17,-0.13,-0.41,,,0.024,-0.135,,,0.3,-0.8882,-0.1223,,0.0033333333333333,2.57316,-4.35097,
1948-04-01,-0.0,-0.17,-0.01,-0.26,,,-0.103,-0.469,,,-0.16,-0.0284,0.5397,,0.1833333333333333,0.00335,-0.36547,
1948-05-01,0.43,-0.16,0.6,-0.36,,,-0.085,-0.95,,,-0.76,0.1152,0.688,,0.1233333333333333,-0.23794,0.01728,
1948-06-01,-0.06,-0.57,0.22,-1.09,,,0.059,-1.004,,,-0.7899999999999999,-0.79,-0.1129,,0.1233333333333333,-1.03979,-0.35586,
1948-07-01,0.0,-0.67,0.18,-1.09,,,-0.268,-1.109,,,-0.8500000000000001,-1.264,-0.5513,,-0.0933333333333333,-0.88121,-1.20656,
1948-08-01,-0.22,-0.73,0.2,-0.78,,,-0.462,-0.91,,,-0.93,-1.2703,-0.5792,,-0.2299999999999999,-0.6051,-1.20345,
1948-09-01,-0.47,-1.14,-0.1,-0.38,,,-0.648,-0.415,,,-1.0399999999999998,-1.3708,-0.5262,,-0.5466666666666666,-0.7635,-1.36906,
1948-10-01,-0.95,-1.45,-0.53,-0.75,,,-0.293,-0.312,,,-0.92,-1.54,-0.7307,,-0.8099999999999999,-1.26642,-1.13705,
1948-11-01,-1.01,-1.28,-0.51,-0.47,,,-0.379,-0.354,,,-0.77,-1.6521,-0.8515,,-0.6133333333333333,-1.09283,-1.07848,
1948-12-01,0.12,-0.45,0.07,-1.27,,,-0.506,-0.303,,,-0.52,-0.7365,-0.104,,-0.4233333333333333,-0.66788,-0.50839,
1949-01-01,-0.38,-0.77,-0.18,-0.79,,,0.027,0.018,,,-0.5900000000000001,-0.5998,0.0374,,-0.0633333333333333,-0.3726,-0.62294,
1949-02-01,0.07,-0.24,0.14,-0.44,,,0.177,0.049,,,-0.38,-0.7765,-0.2128,,-0.3866666666666666,0.07617,-0.94339,
1949-03-01,-0.85,-0.98,-0.62,0.21,,,-0.121,0.251,,,-0.36,-0.5173,0.0999,,-0.3333333333333333,0.2835,-1.16217,
1949-04-01,-0.22,-0.05,-0.36,-0.29,,,0.165,0.556,,,0.31,-0.4746,0.1471,,-0.3466666666666667,0.4237,-1.18248,
1949-05-01,0.03,-0.05,-0.28,-0.92,,,-0.091,0.44,,,0.23,-1.0458,-0.3207,,-0.4433333333333333,-0.41357,-1.12355,
1949-06-01,-1.14,-1.21,-0.89,0.05,,,-0.009,-0.13,,,-0.3199999999999999,-1.3265,-0.5573,,-0.5299999999999999,-0.59485,-1.5529,
1949-07-01,-0.48,-0.95,-0.32,-1.33,,,-0.009,-0.232,,,-0.6299999999999999,-1.1733,-0.5081,,-0.7066666666666667,-1.23027,-0.94561,
1949-08-01,-0.5,-0.82,-0.34,-1.02,,,0.011,-0.458,,,-0.4799999999999999,-0.9151,-0.1784,,-0.65,-0.60891,-1.2665,
1949-09-01,-0.97,-1.29,-1.15,-1.24,,,-0.09,-0.498,,,-0.1400000000000001,-0.8922,-0.1046,,-0.7600000000000001,-0.72488,-1.25225,
1949-10-01,-0.81,-1.4,-0.79,-1.79,,,-0.124,-0.087,,,-0.6099999999999999,-1.2657,-0.4218,,-1.14,-0.93527,-1.86228,
1949-11-01,-1.64,-1.94,-1.35,-1.36,,,-0.396,0.119,,,-0.5899999999999999,-1.6938,-0.8803,,-1.2666666666666668,-1.03806,-1.96446,
1949-12-01,-1.35,-1.53,-1.1,-0.59,,,-0.331,0.283,,,-0.4299999999999999,-2.0795,-1.2769,,-1.4666666666666668,-0.86393,-2.19347,
1950-01-01,-1.41,-2.02,-0.9,-1.3,,,-0.044,0.624,-1.53,,-1.12,-1.9936,-1.2778,-1.2,-1.41,-1.33055,-1.78454,-1.99
1950-02-01,-1.47,-1.78,-1.14,-1.39,,,-0.553,0.445,-1.34,,-0.6400000000000001,-1.6963,-0.9902,-1.1,-1.3166666666666669,-0.99382,-1.84567,-1.69
1950-03-01,-1.07,-0.83,-0.95,-1.05,,,-0.692,0.382,-1.16,,0.12,-1.417,-0.7152,-1.0,-1.2633333333333334,0.04162,-2.31288,-1.42
1950-04-01,-1.25,-1.2,-1.07,-1.85,,,-0.474,0.311,-1.18,,-0.1299999999999999,-1.5382,-0.7927,-1.0,-1.2233333333333334,-0.3714,-2.22178,-1.54
1950-05-01,-1.35,-1.6,-0.8,-1.22,,,-0.309,0.124,-1.07,,-0.8,-1.7435,-0.9221,-1.0,-1.21,-0.94705,-1.79224,-1.75
1950-06-01,-1.03,-1.22,-0.75,-1.47,,,-0.493,0.213,-0.85,,-0.47,-1.2609,-0.5476,-0.7,-1.0599999999999998,-1.18696,-1.11542,-1.27
1950-07-01,-0.8,-0.89,-0.72,-1.32,,,-0.348,0.293,-0.54,,-0.17,-1.0129,-0.23,-0.4,-0.9166666666666666,-0.57787,-1.59201,-1.01
1950-08-01,-0.92,-0.81,-1.02,-0.33,,,-0.22,0.316,-0.42,,0.2099999999999999,-0.9779,-0.2625,-0.3,-0.9966666666666668,-0.01844,-1.72102,-0.97
1950-09-01,-1.27,-1.07,-1.35,-1.07,,,-0.631,0.564,-0.39,,0.28,-0.9867,-0.1543,-0.3,-1.0333333333333334,-0.02285,-1.9206,-0.98
1950-10-01,-0.91,-0.92,-0.93,-0.97,,,-0.59,0.69,-0.44,,0.01,-1.035,-0.1834,-0.4,-1.1566666666666665,0.09246,-2.08611,-1.03
1950-11-01,-1.29,-1.37,-1.3,-1.19,,,-0.227,0.993,-0.6,,-0.07,-1.2408,-0.4011,-0.4,-1.0833333333333333,-0.59199,-2.05249,-1.23
1950-12-01,-1.05,-1.03,-0.83,-0.78,,,-0.027,1.239,-0.8,,-0.2,-1.3095,-0.4133,-0.5,-1.153333333333333,-0.31666,-2.0271,-1.31
1951-01-01,-1.12,-0.79,-0.98,-0.05,2.5,,0.256,1.315,-0.82,-2.5,0.1899999999999999,-1.2982,-0.5234,-0.3,-0.9233333333333332,-0.01315,-1.80071,-1.3
1951-02-01,-0.6,-0.31,-0.71,-0.57,1.5,,0.211,1.46,-0.54,-1.5,0.3999999999999999,-1.0399,-0.2518,0.1,-0.6666666666666665,-0.05109,-1.62827,-1.04
1951-03-01,-0.28,-0.24,-0.41,-0.98,-0.2,,0.259,1.59,-0.17,0.2,0.1699999999999999,-0.3843,0.3551,0.5,-0.3366666666666665,-0.17337,-0.8308,-0.38
1951-04-01,-0.13,-0.0,-0.33,-0.27,-0.5,,-0.514,1.457,0.18,0.5,0.33,-0.2339,0.4464,0.6,-0.1466666666666665,0.07183,-0.73176,-0.23
1951-05-01,-0.03,-0.18,-0.02,0.28,-1.1,,-0.138,1.615,0.36,1.1,-0.16,-0.0099,0.5588,0.6,-0.0199999999999998,-0.26863,0.04276,-0.01
1951-06-01,0.1,0.2,-0.02,1.17,0.3,,-0.19,1.627,0.58,-0.3,0.22,-0.0011,0.4921,0.7,0.1066666666666668,0.70634,-0.41044,0.0
1951-07-01,0.25,0.98,-0.26,1.94,-1.7,,-0.22,1.521,0.7,1.7,1.24,0.2982,0.658,0.8,0.2500000000000001,1.3162,-0.19493,0.3
1951-08-01,0.4,0.98,0.06,1.13,-0.4,,0.124,1.493,0.89,0.4,0.92,0.1573,0.6167,1.0,0.3233333333333335,1.39979,-0.72212,0.17
1951-09-01,0.32,0.62,-0.05,0.58,-1.8,,-0.005,1.255,0.99,1.8,0.67,0.5014,0.8532,1.0,0.4300000000000001,0.99562,-0.38394,0.51
1951-10-01,0.57,1.08,0.13,0.83,-1.6,,-0.168,0.799,1.15,1.6,0.95,0.4777,0.7712,1.0,0.4433333333333335,1.2264,-0.49606,0.49
1951-11-01,0.44,0.67,0.35,0.88,-1.3,,0.122,0.492,1.04,1.3,0.32,0.5476,0.8579,0.9,0.4633333333333334,1.26202,-0.24519,0.55
1951-12-01,0.38,0.58,0.23,-0.14,-1.2,,-0.072,0.294,0.81,1.2,0.35,0.3138,0.6346,0.7,0.3366666666666669,0.67896,-0.05147,0.31
1952-01-01,0.19,0.03,0.29,-0.52,-1.5,,-0.069,0.168,0.53,1.5,-0.26,0.1216,0.4692,0.7,0.2200000000000002,0.24374,-0.06086,0.13
1952-02-01,0.09,0.09,0.09,-0.26,-1.0,,0.08,-0.293,0.37,1.0,0.0,-0.0124,0.2959,0.3,-0.0066666666666664,0.25995,-0.33741,-0.01
1952-03-01,-0.3,-0.11,-0.31,-0.25,0.9,,0.126,-0.368,0.34,-0.9,0.2,-0.1096,0.2527,0.5,0.0266666666666668,0.2617,-0.46828,-0.11
1952-04-01,0.29,0.06,0.15,-1.05,-0.4,,0.074,-0.374,0.29,0.4,-0.09,-0.0177,0.3774,0.2,-0.0899999999999998,-0.35029,0.02053,-0.02
1952-05-01,-0.26,-0.7,-0.0,-0.34,1.2,,-0.148,-0.568,0.2,-1.2,-0.7,-0.1451,0.3332,0.0,-0.2533333333333332,-0.61693,-0.07987,-0.14
1952-06-01,-0.79,-1.23,-0.36,-0.83,1.2,,0.019,-0.719,0.0,-1.2,-0.87,-0.5488,-0.0216,-0.4,-0.5899999999999999,-0.76201,-0.40697,-0.54
1952-07-01,-0.72,-0.98,-0.51,-0.98,0.8,,-0.43,-0.702,-0.08,-0.8,-0.47,-0.7689,-0.1693,-0.4,-0.6666666666666665,-0.5671,-0.82828,-0.76
1952-08-01,-0.49,-0.63,-0.43,-0.91,0.1,,-0.463,-0.703,0.0,-0.1,-0.2,-0.5611,0.068,-0.1,-0.5366666666666665,-0.18427,-0.86853,-0.56
1952-09-01,-0.4,-0.83,-0.27,-0.91,-0.4,,-0.606,-0.704,0.15,0.4,-0.5599999999999999,-0.3661,0.1653,0.1,-0.3633333333333332,-0.73749,-0.21792,-0.36
1952-10-01,-0.2,-0.49,-0.16,-0.78,0.6,,-0.546,-0.449,0.1,-0.6,-0.3299999999999999,-0.465,0.0686,0.0,-0.3466666666666665,-0.26327,-0.78178,-0.46
1952-11-01,-0.44,-0.94,-0.23,-1.05,0.0,,-0.171,-0.566,0.04,-0.0,-0.71,-0.7882,-0.2279,-0.1,-0.4133333333333331,-0.77719,-0.59974,-0.78
1952-12-01,-0.6,-1.01,-0.29,-0.55,-2.0,,-0.031,-0.167,0.15,2.0,-0.72,-0.3961,0.095,0.1,-0.2566666666666665,-0.04716,-0.84295,-0.39
1953-01-01,0.27,0.02,0.21,-0.71,0.5,,0.304,-0.027,0.4,-0.5,-0.19,0.1852,0.5818,0.4,-0.0499999999999998,0.12711,-0.30635,0.2
1953-02-01,0.18,0.19,0.06,0.09,-0.8,,0.285,0.15,0.6,0.8,0.13,0.2364,0.5571,0.7,0.1500000000000001,0.46648,-0.26972,0.24
1953-03-01,-0.0,-0.05,0.02,0.54,-0.3,,0.188,0.325,0.63,0.3,-0.07,0.2749,0.6232,0.7,0.1833333333333335,0.8225,-0.48481,0.29
1953-04-01,0.37,0.63,0.24,1.07,0.3,,-0.054,0.55,0.66,-0.3,0.39,0.2055,0.5394,0.7,0.2400000000000001,0.94837,-0.43017,0.22
1953-05-01,0.35,0.21,0.32,0.85,-2.8,,0.316,0.428,0.75,2.8,-0.11,0.3387,0.6745,0.9,0.4166666666666668,0.69919,-0.20163,0.35
1953-06-01,0.53,0.45,0.42,0.31,0.2,,-0.113,0.532,0.77,-0.2,0.03,0.3867,0.7145,0.8,0.3733333333333335,0.39165,0.19714,0.39
1953-07-01,0.24,0.25,0.21,0.46,-0.0,,-0.178,0.409,0.75,0.0,0.04,0.1305,0.5051,0.7,0.2733333333333335,0.18767,-0.07469,0.14
1953-08-01,0.05,-0.14,0.21,0.34,-2.0,,-0.231,0.196,0.73,2.0,-0.35,0.0739,0.4574,0.7,0.2666666666666668,0.342,-0.25189,0.09
1953-09-01,0.51,0.59,0.37,0.31,-2.1,,-0.24,0.121,0.78,2.1,0.2199999999999999,0.279,0.7343,0.7,0.1600000000000001,0.92249,-0.60577,0.29
1953-10-01,-0.08,-0.24,-0.03,-0.39,0.1,,-0.312,0.129,0.84,-0.1,-0.21,0.1495,0.5794,0.8,0.2900000000000002,0.28577,-0.19972,0.16
1953-11-01,0.44,0.16,0.42,0.05,-0.5,,-0.136,-0.425,0.84,0.5,-0.26,0.1722,0.599,0.6,0.0733333333333334,0.23582,-0.22514,0.18
1953-12-01,-0.14,-0.11,-0.18,-0.64,-0.8,,-0.119,-0.537,0.81,0.8,0.0699999999999999,0.4033,0.7964,0.7,0.1300000000000001,0.11562,0.02873,0.41
1954-01-01,0.09,-0.38,0.11,-1.54,1.1,,-0.339,-0.655,0.76,-1.1,-0.49,0.4237,0.8718,0.6,0.0633333333333334,-0.78395,0.47339,0.43
1954-02-01,0.24,-0.23,0.21,-1.24,-0.5,,-0.272,-1.249,0.47,0.5,-0.44,0.2653,0.7075,0.6,0.0266666666666668,-0.61886,0.2557,0.28
1954-03-01,-0.25,-0.43,-0.26,-1.15,0.4,,-0.163,-1.787,-0.05,-0.4,-0.1699999999999999,-0.3854,0.1613,0.3,-0.2099999999999998,-0.67411,-0.31843,-0.38
1954-04-01,-0.62,-1.77,-0.13,-2.76,1.1,,-0.009,-1.702,-0.41,-1.1,-1.64,-1.1772,-0.4814,0.0,-0.4533333333333331,-2.22755,-0.46487,-1.17
1954-05-01,-0.49,-1.45,-0.07,-2.44,0.8,,-0.55,-1.839,-0.54,-0.8,-1.38,-0.8228,-0.0697,-0.2,-0.5799999999999998,-2.07765,-0.32845,-0.81
1954-06-01,-0.63,-1.51,-0.34,-1.87,0.2,,-0.505,-1.799,-0.5,-0.2,-1.17,-0.9403,-0.1718,-0.2,-0.6366666666666666,-1.85689,-0.5475,-0.93
1954-07-01,-0.79,-1.31,-0.62,-2.3,0.7,,-0.855,-1.338,-0.64,-0.7,-0.6900000000000001,-1.1902,-0.3755,-0.4,-0.8599999999999998,-1.7028,-0.91265,-1.18
1954-08-01,-1.16,-1.66,-0.75,-1.37,1.8,,-0.631,-0.981,-0.84,-1.8,-0.91,-1.4384,-0.6952,-0.6,-1.0966666666666665,-1.26986,-1.30609,-1.43
1954-09-01,-1.34,-1.68,-1.03,-1.5,0.3,,-0.719,-0.606,-0.9,-0.3,-0.6499999999999999,-1.6074,-0.8032,-0.5,-1.0666666666666664,-1.29959,-1.45615,-1.6
1954-10-01,-0.7,-1.24,-0.62,-2.13,0.4,,-0.836,-0.464,-0.77,-0.4,-0.62,-1.4938,-0.6383,-0.3,-0.9466666666666664,-1.28406,-1.67574,-1.48
1954-11-01,-0.8,-1.11,-0.65,-1.25,0.2,,-0.451,-0.189,-0.73,-0.2,-0.4600000000000001,-1.1402,-0.3041,-0.1,-0.8166666666666664,-0.93974,-1.49449,-1.13
1954-12-01,-0.95,-1.24,-0.91,-1.51,2.3,,-0.053,0.081,-0.66,-2.3,-0.3299999999999999,-1.3411,-0.4305,-0.2,-0.8033333333333332,-1.05808,-1.62849,-1.33
1955-01-01,-0.66,-0.96,-0.45,-0.87,-0.9,,-0.05,0.316,-0.68,0.9,-0.51,-0.933,-0.262,-0.1,-0.7833333333333332,-0.44772,-1.3002,-0.93
1955-02-01,-0.74,-0.52,-0.8,-1.15,3.1,,-0.152,0.489,-0.62,-3.1,0.28,-0.9469,-0.2177,-0.1,-0.7499999999999999,-0.22241,-1.49972,-0.95
1955-03-01,-0.85,-0.99,-0.78,-1.47,1.1,,0.019,0.619,-0.69,-1.1,-0.2099999999999999,-1.0656,-0.2603,-0.1,-0.8266666666666665,-0.37471,-1.61441,-1.06
1955-04-01,-0.89,-1.04,-0.81,-1.36,-0.2,,-0.044,0.358,-0.8,0.2,-0.2299999999999999,-1.2169,-0.2851,-0.4,-1.0066666666666666,-0.69313,-1.58182,-1.22
1955-05-01,-1.28,-1.76,-1.04,-2.17,1.7,,-0.696,0.399,-0.79,-1.7,-0.72,-1.2821,-0.3058,-0.4,-0.99,-1.46979,-1.25791,-1.28
1955-06-01,-0.8,-1.27,-0.64,-1.68,2.2,,-0.387,0.319,-0.72,-2.2,-0.63,-1.1871,-0.2262,-0.5,-1.1166666666666665,-1.48923,-1.06589,-1.18
1955-07-01,-1.27,-1.35,-1.15,-1.25,2.6,,-0.439,0.045,-0.68,-2.6,-0.2000000000000001,-1.155,-0.3323,-0.4,-0.9966666666666666,-1.16937,-1.05622,-1.15
1955-08-01,-0.92,-0.91,-0.9,-1.27,2.4,,-0.43,0.147,-0.75,-2.4,-0.01,-1.354,-0.5488,-0.7,-1.2066666666666663,-0.82622,-1.71351,-1.35
1955-09-01,-1.43,-1.81,-0.99,-1.68,2.2,,-0.738,0.346,-1.09,-2.2,-0.8200000000000001,-1.4421,-0.6563,-0.9,-1.4299999999999995,-0.97879,-1.8468,-1.43
1955-10-01,-1.94,-1.93,-1.83,-1.62,2.5,,-0.73,0.411,-1.42,-2.5,-0.0999999999999998,-2.3104,-1.34,-1.3,-1.7566666666666666,-1.25787,-2.74617,-2.31
1955-11-01,-1.9,-2.2,-1.5,-1.82,2.0,,-0.269,0.545,-1.67,-2.0,-0.7000000000000002,-2.4526,-1.5261,-1.4,-1.8533333333333333,-1.27615,-2.77504,-2.45
1955-12-01,-1.72,-2.14,-1.32,-1.78,1.6,,-0.301,0.84,-1.47,-1.6,-0.8200000000000001,-2.0331,-1.1282,-1.3,-1.6866666666666663,-1.49753,-1.99629,-2.03
1956-01-01,-1.44,-1.78,-1.1,-1.0,2.2,,-0.101,1.092,-1.11,-2.2,-0.6799999999999999,-1.2092,-0.4473,-0.8,-1.3166666666666664,-0.71334,-1.65172,-1.2
1956-02-01,-0.79,-0.76,-0.79,-0.88,2.7,,-0.021,1.119,-0.76,-2.7,0.03,-0.9896,-0.2244,-0.4,-0.97,-0.29926,-1.54898,-0.99
1956-03-01,-0.68,-0.74,-0.57,-0.51,2.2,,-0.001,0.977,-0.63,-2.2,-0.17,-0.8284,-0.0679,-0.1,-0.7299999999999999,0.07992,-1.63209,-0.83
1956-04-01,-0.72,-0.78,-0.59,-1.02,1.5,,-0.3,0.992,-0.54,-1.5,-0.19,-0.9693,-0.1231,-0.1,-0.6766666666666664,-0.2324,-1.60575,-0.97
1956-05-01,-0.63,-0.84,-0.61,-0.95,2.3,,-0.57,0.982,-0.52,-2.3,-0.2299999999999999,-0.8061,0.0947,0.0,-0.6699999999999998,-0.60207,-1.24531,-0.8
1956-06-01,-0.66,-0.54,-0.79,-0.75,1.8,,-0.826,0.723,-0.51,-1.8,0.25,-0.9207,-0.0606,0.0,-0.69,-0.57601,-1.16053,-0.92
1956-07-01,-0.78,-0.82,-0.77,-0.1,1.8,,-1.083,0.707,-0.57,-1.8,-0.0499999999999999,-1.0705,-0.2487,-0.1,-0.7866666666666665,-0.18524,-1.74753,-1.06
1956-08-01,-0.92,-0.86,-0.85,-0.45,2.0,,-0.772,0.766,-0.55,-2.0,-0.01,-1.1854,-0.4037,-0.2,-0.8833333333333332,0.01911,-2.10185,-1.17
1956-09-01,-0.95,-0.75,-1.17,-0.95,0.1,,-0.803,0.66,-0.46,-0.1,0.4199999999999999,-0.9955,-0.1848,-0.1,-0.8966666666666665,-0.29203,-1.81758,-0.98
1956-10-01,-0.82,-0.73,-0.96,-1.42,2.9,,-0.672,0.341,-0.42,-2.9,0.2299999999999999,-0.9762,-0.1942,-0.1,-0.8733333333333331,-0.67266,-1.48577,-0.97
1956-11-01,-0.85,-1.15,-0.63,-0.9,0.2,,-0.516,-0.035,-0.43,-0.2,-0.5199999999999999,-1.1452,-0.4396,-0.1,-0.7433333333333332,-0.96286,-1.17376,-1.14
1956-12-01,-0.56,-0.92,-0.43,-1.53,1.8,,-0.15,-0.111,-0.43,-1.8,-0.49,-0.8967,-0.2801,-0.2,-0.6033333333333332,-1.22,-0.74974,-0.89
1957-01-01,-0.4,-0.89,-0.16,-1.3,1.0,,-0.437,0.09,-0.25,-1.0,-0.73,-0.5137,0.0672,0.0,-0.3733333333333332,-1.03861,-0.47064,-0.51
1957-02-01,-0.16,-0.34,0.18,0.2,-0.1,,-0.563,0.261,0.06,0.1,-0.52,-0.2255,0.273,0.2,-0.1866666666666665,0.11029,-0.64587,-0.22
1957-03-01,0.0,0.25,-0.09,0.63,0.3,,-0.197,0.651,0.41,-0.3,0.3399999999999999,0.1625,0.5655,0.5,0.0666666666666668,0.86721,-0.68551,0.18
1957-04-01,0.36,0.3,0.4,1.06,0.4,,-0.3,1.41,0.72,-0.4,-0.1,0.4023,0.7674,0.8,0.3000000000000001,0.7007,-0.235,0.41
1957-05-01,0.54,0.58,0.51,2.11,-1.1,,-0.327,1.734,0.92,1.1,0.0699999999999999,0.6015,0.8315,0.9,0.3566666666666668,1.40292,-0.33746,0.62
1957-06-01,0.17,0.82,-0.23,1.78,0.3,,-0.466,1.62,1.11,-0.3,1.05,0.6158,0.9066,0.9,0.3533333333333335,1.8114,-0.78825,0.63
1957-07-01,0.35,1.07,-0.18,1.72,0.4,,-0.489,1.606,1.25,-0.4,1.25,0.8527,1.1332,1.0,0.4433333333333335,2.27313,-0.86463,0.87
1957-08-01,0.81,1.2,0.42,0.98,-0.8,,-0.266,1.413,1.32,0.8,0.78,0.8238,1.0663,1.1,0.4966666666666668,1.46801,-0.15329,0.84
1957-09-01,0.33,0.56,0.24,1.13,-1.5,,-0.383,0.984,1.33,1.5,0.32,0.7034,1.0318,1.1,0.5900000000000002,1.19491,-0.21099,0.72
1957-10-01,0.63,0.76,0.41,0.55,0.1,,-0.523,0.631,1.39,-0.1,0.35,0.6884,1.0165,1.2,0.5833333333333335,0.92028,-0.02411,0.7
1957-11-01,0.79,0.99,0.44,0.71,-1.6,,-0.483,0.137,1.53,1.6,0.55,0.9109,1.2104,1.5,0.7933333333333334,1.25235,0.00639,0.92
1957-12-01,0.96,1.25,0.46,0.79,-0.5,,-0.25,-0.27,1.74,0.5,0.79,1.2895,1.5071,1.8,1.0400000000000005,1.24881,0.44725,1.3
1958-01-01,1.37,1.24,0.96,0.09,-3.1,,-0.396,-0.639,1.81,3.1,0.28,1.7636,1.8689,1.9,1.2266666666666668,0.60186,1.34433,1.78
1958-02-01,1.35,0.95,1.19,0.32,-0.8,,-0.234,-0.523,1.66,0.8,-0.24,1.4743,1.499,1.8,1.2100000000000002,0.24184,1.4826,1.49
1958-03-01,0.91,0.68,0.75,0.28,0.4,,-0.374,-0.565,1.27,-0.4,-0.0699999999999999,0.9718,1.0865,1.3,0.9000000000000002,0.1216,1.04583,0.98
1958-04-01,0.44,0.31,0.4,0.81,0.6,,-0.347,-0.258,0.93,-0.6,-0.09,0.4495,0.6493,1.0,0.5666666666666668,0.39888,0.40487,0.46
1958-05-01,0.35,-0.05,0.32,0.38,-0.8,,-0.496,-0.005,0.74,0.8,-0.37,0.3669,0.701,0.7,0.3566666666666668,0.18365,0.26183,0.38
1958-06-01,0.28,-0.2,0.26,0.3,0.5,,-0.855,-0.042,0.64,-0.5,-0.46,0.2533,0.5852,0.6,0.2433333333333335,0.08627,0.24358,0.26
1958-07-01,0.1,-0.12,0.09,0.31,0.7,,-1.063,-0.23,0.57,-0.7,-0.21,0.0201,0.3563,0.5,0.1766666666666668,0.0085,0.02324,0.03
1958-08-01,0.15,-0.11,0.15,-0.41,1.5,,-1.259,-0.244,0.43,-1.5,-0.26,-0.0129,0.3054,0.3,0.0300000000000001,-0.09014,0.02634,-0.01
1958-09-01,-0.16,-0.5,0.05,-0.51,-0.5,,-1.303,-0.337,0.39,0.5,-0.55,-0.3219,0.0335,0.2,-0.0333333333333331,-0.37679,-0.01605,-0.32
1958-10-01,-0.09,-0.4,0.02,-0.25,0.1,,-0.967,-0.594,0.44,-0.1,-0.42,-0.2728,0.1235,0.2,-0.0366666666666665,-0.43755,0.12988,-0.27
1958-11-01,0.14,-0.14,0.21,-0.24,-0.7,,-0.675,-0.503,0.5,0.7,-0.35,0.0453,0.4672,0.4,0.0366666666666668,-0.25501,0.1847,0.05
1958-12-01,0.06,-0.43,0.15,-0.54,-1.0,,-0.639,-0.599,0.61,1.0,-0.58,0.0123,0.373,0.6,0.2500000000000001,-0.53536,0.29,0.02
1959-01-01,0.55,0.08,0.43,-0.7,-1.5,,-0.027,-0.468,0.61,1.5,-0.35,0.517,0.8254,0.8,0.3233333333333335,-0.36636,0.54293,0.53
1959-02-01,0.36,-0.03,0.14,-0.43,-2.3,,-0.531,-0.319,0.62,2.3,-0.17,0.4157,0.6739,0.8,0.3566666666666667,-0.03235,0.10811,0.43
1959-03-01,0.16,-0.13,0.12,0.49,2.1,,-0.524,-0.13,0.52,-2.1,-0.25,0.1747,0.4874,0.6,0.2400000000000001,0.2886,-0.26669,0.19
1959-04-01,0.2,0.01,0.17,0.12,0.7,,-0.356,0.102,0.33,-0.7,-0.16,0.0516,0.359,0.5,0.1700000000000001,0.05774,-0.03852,0.06
1959-05-01,0.15,-0.25,0.19,-0.22,0.8,,-0.742,0.094,0.2,-0.8,-0.44,-0.2419,0.1377,0.3,0.0200000000000001,-0.40348,-0.04711,-0.23
1959-06-01,-0.29,-0.41,-0.44,-0.38,-0.2,,-0.745,-0.246,-0.07,0.2,0.03,-0.3671,0.0797,0.1,-0.2133333333333332,-0.45933,-0.31775,-0.35
1959-07-01,-0.5,-0.79,-0.36,-0.62,-0.4,,-0.667,-0.387,-0.18,0.4,-0.43,-0.8629,-0.3721,-0.1,-0.4199999999999999,-0.53914,-0.66062,-0.86
1959-08-01,-0.47,-0.86,-0.25,-0.91,-0.2,,-0.913,-0.384,-0.28,0.2,-0.61,-0.7701,-0.2857,-0.2,-0.4866666666666665,-0.81351,-0.39024,-0.77
1959-09-01,-0.49,-0.64,-0.25,-0.64,0.0,,-0.839,-0.308,-0.09,-0.0,-0.39,-0.7994,-0.359,-0.1,-0.4033333333333331,-0.46226,-0.5488,-0.8
1959-10-01,-0.25,-0.18,-0.33,-0.53,0.8,,-0.586,-0.109,-0.03,-0.8,0.15,-0.4804,-0.0732,0.0,-0.3299999999999999,-0.13546,-0.53418,-0.48
1959-11-01,-0.25,-0.25,-0.27,-0.03,1.5,,-0.575,0.184,0.05,-1.5,0.02,-0.6623,-0.2073,0.2,-0.2466666666666665,0.08108,-0.96703,-0.66
1959-12-01,-0.24,-0.21,-0.37,-0.65,1.5,,-0.357,0.364,-0.04,-1.5,0.16,-0.4239,0.0222,0.2,-0.2966666666666666,-0.12284,-0.71258,-0.42
1960-01-01,-0.4,-0.35,-0.65,-0.42,0.2,,-0.237,0.439,-0.1,-0.2,0.3,-0.2898,0.1377,0.2,-0.3366666666666666,0.12536,-0.82669,-0.28
1960-02-01,-0.37,-0.49,-0.42,-0.08,0.2,,-0.044,0.095,-0.1,-0.2,-0.07,-0.472,-0.0718,0.2,-0.3266666666666665,-0.01964,-0.88248,-0.46
1960-03-01,-0.21,-0.04,-0.53,-0.15,1.7,,-0.433,-0.05,-0.07,-1.7,0.49,-0.3069,0.03,0.2,-0.2466666666666665,0.12564,-0.72545,-0.3
1960-04-01,-0.16,-0.41,-0.21,-1.33,1.3,,-0.745,-0.262,0.03,-1.3,-0.1999999999999999,-0.3383,0.0564,0.3,-0.2066666666666665,-0.29798,-0.52132,-0.33
1960-05-01,-0.25,-0.44,-0.38,-0.77,0.9,,-0.739,-0.521,0.02,-0.9,-0.06,-0.2589,0.1072,0.2,-0.2799999999999998,-0.52812,-0.36531,-0.25
1960-06-01,-0.43,-0.63,-0.52,-1.06,0.2,,-0.681,-0.602,0.03,-0.2,-0.1099999999999999,-0.4967,-0.0049,0.1,-0.3633333333333332,-0.69224,-0.55561,-0.49
1960-07-01,-0.41,-0.43,-0.46,-1.18,0.8,,-0.735,-0.409,0.13,-0.8,0.03,-0.4207,0.0043,0.1,-0.3866666666666665,-0.48069,-0.64673,-0.41
1960-08-01,-0.32,-0.28,-0.57,-0.82,1.3,,-0.584,-0.493,0.24,-1.3,0.2899999999999999,-0.1689,0.2963,0.2,-0.3433333333333332,-0.20518,-0.57969,-0.15
1960-09-01,-0.3,-0.13,-0.46,-0.4,1.1,,-0.582,-0.487,0.27,-1.1,0.33,-0.2919,0.1459,0.3,-0.3499999999999998,0.25728,-0.86306,-0.28
1960-10-01,-0.43,-0.67,-0.47,-0.85,0.2,,-0.906,-0.507,0.2,-0.2,-0.2,-0.5046,0.0106,0.1,-0.4066666666666665,-0.58587,-0.63454,-0.49
1960-11-01,-0.49,-0.9,-0.37,-0.62,0.9,,-0.811,-0.357,0.12,-0.9,-0.53,-0.4577,0.0229,-0.1,-0.4199999999999999,-0.81666,-0.47879,-0.45
1960-12-01,-0.34,-0.71,-0.04,-0.53,1.3,,-0.641,-0.076,0.05,-1.3,-0.6699999999999999,-0.3833,-0.0063,-0.1,-0.3766666666666665,-0.65457,-0.1588,-0.38
1961-01-01,-0.3,-0.54,-0.28,-0.32,-0.4,,-0.144,0.146,0.04,0.4,-0.26,-0.3209,0.0417,0.0,-0.2799999999999999,-0.29816,-0.3973,-0.31
1961-02-01,-0.2,0.03,-0.29,0.26,1.5,,-0.08,0.325,0.03,-1.5,0.3199999999999999,-0.2058,0.0917,0.1,-0.3033333333333332,0.36285,-0.67938,-0.19
1961-03-01,-0.41,-0.42,-0.44,-0.87,-3.0,,-0.122,0.468,0.04,3.0,0.02,-0.3537,0.0349,0.0,-0.3266666666666665,-0.13104,-0.6819,-0.35
1961-04-01,-0.37,-0.09,-0.52,-0.73,1.3,,-0.613,0.23,0.09,-1.3,0.43,-0.4581,-0.0332,0.1,-0.3499999999999998,0.14942,-0.91864,-0.46
1961-05-01,-0.27,-0.09,-0.48,-0.8,0.5,,-0.438,-0.237,0.23,-0.5,0.39,-0.19,0.2454,0.2,-0.2233333333333332,-0.13511,-0.64728,-0.18
1961-06-01,-0.03,0.07,-0.26,-0.54,0.2,,-0.006,-0.396,0.27,-0.2,0.33,-0.0735,0.3911,0.3,-0.2366666666666665,-0.29272,-0.4089,-0.06
1961-07-01,-0.41,-0.87,-0.38,-1.5,0.4,,0.63,-0.583,0.14,-0.4,-0.49,-0.4236,0.1603,0.2,-0.3599999999999999,-1.00747,-0.56081,-0.41
1961-08-01,-0.64,-0.94,-0.62,-1.1,0.2,,0.775,-0.489,-0.13,-0.2,-0.3199999999999999,-0.6791,-0.0949,-0.1,-0.6233333333333332,-0.70193,-0.96341,-0.67
1961-09-01,-0.82,-1.29,-0.63,-1.09,0.1,,0.554,-0.312,-0.3,-0.1,-0.66,-0.9436,-0.3188,-0.2,-0.7599999999999998,-1.13948,-0.83675,-0.94
1961-10-01,-0.82,-1.05,-0.7,-0.86,-0.5,,0.457,0.058,-0.26,0.5,-0.3500000000000001,-1.015,-0.3949,-0.2,-0.6899999999999998,-0.87476,-1.10541,-1.01
1961-11-01,-0.43,-0.51,-0.54,-0.62,0.9,,0.323,0.37,-0.19,-0.9,0.03,-0.6394,-0.0603,-0.1,-0.6066666666666666,-0.46801,-0.87754,-0.63
1961-12-01,-0.57,-0.43,-0.7,-0.76,2.5,,0.311,0.617,-0.16,-2.5,0.2699999999999999,-0.6264,-0.1143,0.0,-0.5599999999999999,-0.4974,-0.79802,-0.63
1962-01-01,-0.68,-0.52,-0.8,-0.65,3.3,,0.512,0.328,-0.24,-3.3,0.28,-0.5897,-0.1072,0.0,-0.5933333333333333,-0.4123,-0.84782,-0.59
1962-02-01,-0.53,-0.27,-0.65,-0.6,-0.5,,0.544,-0.103,-0.22,0.5,0.38,-0.5684,-0.0783,0.0,-0.5666666666666665,-0.22209,-0.8021,-0.57
1962-03-01,-0.49,-0.64,-0.56,-2.01,0.2,,0.357,-0.282,-0.2,-0.2,-0.0799999999999999,-0.4875,-0.0076,0.0,-0.4899999999999998,-1.14765,-0.3091,-0.48
1962-04-01,-0.45,-0.91,-0.36,-1.96,0.3,,-0.02,-0.711,-0.26,-0.3,-0.55,-0.6936,-0.1475,-0.2,-0.5499999999999998,-1.52089,-0.40257,-0.69
1962-05-01,-0.71,-0.98,-0.67,-1.12,1.8,,-0.385,-0.999,-0.28,-1.8,-0.3099999999999999,-0.8869,-0.317,-0.2,-0.5466666666666665,-0.88767,-0.97795,-0.89
1962-06-01,-0.48,-0.71,-0.47,-1.15,1.2,,-0.458,-0.853,-0.2,-1.2,-0.24,-0.6539,-0.1143,-0.1,-0.5366666666666665,-0.98599,-0.65525,-0.65
1962-07-01,-0.42,-0.54,-0.44,-1.14,0.1,,-0.468,-0.498,-0.04,-0.1,-0.1,-0.5411,-0.0655,0.0,-0.4533333333333332,-0.67422,-0.78971,-0.53
1962-08-01,-0.46,-0.31,-0.53,-0.69,1.0,,-0.304,-0.61,-0.07,-1.0,0.22,-0.5359,-0.0884,-0.1,-0.5499999999999999,-0.19187,-0.90485,-0.53
1962-09-01,-0.77,-0.91,-0.53,-0.88,0.7,,-0.186,-0.536,-0.11,-0.7,-0.38,-0.7871,-0.2888,-0.1,-0.6333333333333333,-0.38923,-1.04423,-0.78
1962-10-01,-0.67,-0.75,-0.65,-1.2,1.6,,-0.328,-0.482,-0.22,-1.6,-0.0999999999999999,-0.7552,-0.2493,-0.3,-0.6933333333333334,-0.65891,-0.99058,-0.75
1962-11-01,-0.64,-0.86,-0.41,-0.89,0.5,,-0.213,-0.321,-0.31,-0.5,-0.45,-0.9529,-0.4601,-0.3,-0.6766666666666666,-0.66612,-1.04667,-0.95
1962-12-01,-0.72,-1.05,-0.48,-1.33,0.3,,-0.071,-0.306,-0.43,-0.3,-0.5700000000000001,-0.9323,-0.4078,-0.4,-0.7066666666666666,-0.85594,-1.04808,-0.93
1963-01-01,-0.76,-0.69,-0.75,-0.61,1.7,,0.328,-0.127,-0.4,-1.7,0.06,-0.7817,-0.3384,-0.3,-0.6633333333333332,-0.41449,-1.03348,-0.78
1963-02-01,-0.51,-0.54,-0.49,-0.72,0.9,,0.396,-0.111,-0.15,-0.9,-0.05,-0.5351,-0.1458,-0.1,-0.5199999999999999,-0.48161,-0.66593,-0.53
1963-03-01,-0.29,-0.28,-0.35,-0.56,1.9,,0.201,0.063,0.15,-1.9,0.0699999999999999,-0.1135,0.246,0.0,-0.3233333333333332,-0.45319,-0.16455,-0.1
1963-04-01,-0.17,-0.18,-0.21,-1.3,1.3,,-0.061,0.003,0.27,-1.3,0.03,-0.04,0.2809,0.1,-0.2566666666666665,-0.58537,-0.03205,-0.03
1963-05-01,-0.31,-0.3,-0.32,-0.44,0.6,,-0.324,-0.1,0.31,-0.6,0.02,-0.3059,0.0068,0.0,-0.2966666666666666,-0.20832,-0.50835,-0.3
1963-06-01,-0.41,0.07,-0.68,-0.39,-0.8,,-0.247,-0.251,0.52,0.8,0.75,-0.1182,0.2553,0.4,-0.0666666666666665,0.03144,-0.57286,-0.11
1963-07-01,0.52,0.72,0.15,-0.2,-0.2,,0.212,-0.173,0.86,0.2,0.57,0.4781,0.7948,0.7,0.1766666666666667,0.37744,-0.13987,0.49
1963-08-01,0.42,0.57,0.15,0.18,0.0,,0.473,-0.367,1.14,-0.0,0.4199999999999999,0.6107,0.8441,1.1,0.4600000000000001,0.49172,0.08433,0.62
1963-09-01,0.44,0.47,0.16,0.28,-1.0,,0.082,-0.625,1.22,1.0,0.3099999999999999,0.6712,0.9233,1.1,0.4766666666666667,0.19128,0.45156,0.68
1963-10-01,0.57,0.52,0.39,-0.16,-2.0,,0.431,-0.722,1.29,2.0,0.13,0.6342,0.8952,1.1,0.4933333333333334,0.20571,0.51512,0.64
1963-11-01,0.47,0.56,0.2,-0.15,-1.4,,0.319,-0.93,1.37,1.4,0.36,0.7565,0.9333,1.1,0.5366666666666666,0.40553,0.29579,0.77
1963-12-01,0.57,0.68,0.19,-0.51,-2.0,,-0.059,-1.273,1.31,2.0,0.49,1.0066,1.1836,1.1,0.5066666666666667,0.4789,0.31772,1.02
1964-01-01,0.48,0.23,0.3,-0.67,-0.6,,-0.461,-1.342,1.07,0.6,-0.0699999999999999,0.779,0.9502,1.0,0.4433333333333333,-0.07008,0.48649,0.79
1964-02-01,0.28,-0.14,0.14,-1.08,0.1,,-0.692,-1.304,0.62,-0.1,-0.28,0.3666,0.6046,0.6,0.1433333333333334,-0.66125,0.32404,0.38
1964-03-01,-0.33,-0.59,-0.31,-1.25,1.9,,-0.312,-1.544,0.12,-1.9,-0.2799999999999999,-0.2735,0.099,0.1,-0.1933333333333332,-0.60978,-0.45018,-0.26
1964-04-01,-0.53,-1.16,-0.18,-1.06,1.8,,-0.224,-1.424,-0.33,-1.8,-0.98,-0.8791,-0.3956,-0.4,-0.58,-1.48914,-0.49872,-0.87
1964-05-01,-0.88,-1.72,-0.53,-2.49,0.4,,-0.52,-1.178,-0.58,-0.4,-1.19,-1.1205,-0.4834,-0.7,-0.8066666666666666,-2.27822,-0.36446,-1.12
1964-06-01,-1.01,-1.51,-0.77,-1.55,1.2,,-0.344,-0.993,-0.58,-1.2,-0.74,-1.1488,-0.5382,-0.7,-0.9366666666666666,-1.44505,-1.04683,-1.14
1964-07-01,-0.92,-0.97,-0.85,-1.56,0.9,,-0.829,-0.526,-0.6,-0.9,-0.12,-0.9659,-0.3799,-0.6,-1.0233333333333332,-0.99,-1.09559,-0.96
1964-08-01,-1.14,-1.44,-1.04,-1.33,2.5,,-0.683,0.019,-0.66,-2.5,-0.3999999999999999,-1.2721,-0.5545,-0.5,-1.153333333333333,-1.08313,-1.56117,-1.26
1964-09-01,-1.4,-1.14,-1.43,-0.78,2.1,,-0.98,0.473,-0.76,-2.1,0.29,-1.4034,-0.6578,-0.5,-1.2299999999999998,-0.18638,-2.20034,-1.4
1964-10-01,-1.15,-1.06,-1.26,-1.44,2.2,,-1.028,0.781,-0.8,-2.2,0.1999999999999999,-1.356,-0.6112,-0.6,-1.3066666666666664,-0.46218,-1.99205,-1.35
1964-11-01,-1.37,-1.09,-1.42,-0.62,0.3,,-0.284,0.909,-0.82,-0.3,0.3299999999999998,-1.4491,-0.6312,-0.6,-1.2433333333333332,-0.10757,-2.32192,-1.44
1964-12-01,-1.21,-1.43,-1.1,-1.25,-0.5,,-0.182,0.879,-0.78,0.5,-0.3299999999999998,-1.3818,-0.5049,-0.5,-1.1366666666666665,-0.69262,-2.01986,-1.37
1965-01-01,-0.83,-1.02,-0.68,-0.7,-0.7,,-0.331,1.119,-0.59,0.7,-0.3399999999999999,-0.896,-0.151,-0.2,-0.8366666666666664,-0.25056,-1.48674,-0.89
1965-02-01,-0.47,-0.47,-0.49,-0.15,0.7,,-0.447,1.393,-0.28,-0.7,0.02,-0.5624,0.0128,0.1,-0.5733333333333331,0.05173,-1.05042,-0.56
1965-03-01,-0.42,-0.28,-0.56,0.07,1.2,,-0.186,1.838,-0.07,-1.2,0.28,-0.3449,0.2456,0.2,-0.3966666666666665,0.3463,-1.03367,-0.34
1965-04-01,-0.3,-0.02,-0.38,1.24,-0.9,,-0.285,2.175,0.18,0.9,0.36,-0.4431,0.0518,0.4,-0.2666666666666665,1.17634,-1.52189,-0.44
1965-05-01,-0.08,0.31,-0.24,1.53,0.3,,-0.54,2.209,0.46,-0.3,0.55,0.0529,0.5329,0.6,-0.0033333333333331,1.31256,-0.92819,0.06
1965-06-01,0.37,0.65,0.06,1.34,-0.9,,-0.488,2.019,0.83,0.9,0.5900000000000001,0.3549,0.8584,1.0,0.2666666666666668,1.14496,-0.42288,0.36
1965-07-01,0.51,0.75,0.12,1.27,-3.0,,-0.473,1.484,1.22,3.0,0.63,0.5988,1.1135,1.3,0.5200000000000001,1.18508,-0.13447,0.61
1965-08-01,0.68,0.96,0.18,1.13,-1.1,,-0.247,0.758,1.54,1.1,0.78,1.1002,1.5108,1.5,0.6000000000000002,1.53145,-0.02898,1.12
1965-09-01,0.61,0.83,0.14,0.4,-2.2,,-0.197,0.214,1.85,2.2,0.69,1.2776,1.6418,1.8,0.7866666666666667,1.10864,0.27731,1.29
1965-10-01,1.07,1.13,0.53,0.27,-1.5,,0.017,-0.107,1.98,1.5,0.5999999999999999,1.4345,1.7444,1.9,0.9,0.87019,0.87623,1.45
1965-11-01,1.02,1.21,0.63,0.33,-2.4,,-0.225,-0.336,1.97,2.4,0.58,1.4029,1.6702,2.0,1.0433333333333337,1.13225,0.73833,1.42
1965-12-01,1.04,1.19,0.56,0.42,0.3,,-0.29,-0.56,1.72,-0.3,0.6299999999999999,1.345,1.6048,1.8,0.9466666666666668,1.06799,0.65473,1.36
1966-01-01,0.78,0.94,0.49,0.27,-2.2,,-0.232,-1.127,1.37,2.2,0.4499999999999999,1.1115,1.3838,1.5,0.7533333333333335,0.85821,0.66694,1.12
1966-02-01,0.44,0.3,0.39,-0.53,-0.4,,-0.163,-1.485,1.17,0.4,-0.09,0.7893,1.0168,1.3,0.6266666666666668,-0.08599,0.87499,0.8
1966-03-01,0.66,-0.15,0.75,-1.42,-1.5,,-0.341,-1.806,0.98,1.5,-0.9,0.917,1.2076,1.0,0.4600000000000002,-1.24214,1.64265,0.93
1966-04-01,0.28,-0.15,0.21,-1.36,-0.3,,-0.435,-2.177,0.66,0.3,-0.36,0.334,0.6733,0.6,0.1800000000000002,-1.11116,0.90351,0.35
1966-05-01,-0.4,-1.22,0.04,-1.46,-0.7,,-0.423,-2.362,0.35,0.7,-1.26,-0.3887,0.0836,0.3,-0.0066666666666665,-1.57097,0.45127,-0.38
1966-06-01,0.1,-0.53,0.25,-1.39,0.5,,-0.119,-2.009,0.24,-0.5,-0.78,-0.0961,0.2907,0.2,-0.0399999999999998,-1.27079,0.42653,-0.08
1966-07-01,0.18,-0.27,0.32,-0.93,0.1,,-0.005,-1.867,0.24,-0.1,-0.5900000000000001,0.0262,0.3681,0.3,-0.0033333333333331,-1.05894,0.49233,0.04
1966-08-01,-0.29,-0.74,0.01,-0.93,1.1,,0.129,-1.699,0.12,-1.1,-0.75,-0.3779,0.0494,0.2,-0.1499999999999998,-0.93031,0.03694,-0.37
1966-09-01,-0.34,-0.97,0.02,-0.95,-0.4,,0.102,-1.408,-0.05,0.4,-0.99,-0.4499,-0.033,0.0,-0.3399999999999998,-0.99549,-0.04663,-0.44
1966-10-01,-0.39,-0.72,-0.2,-0.69,-0.2,,-0.304,-1.178,-0.1,0.2,-0.52,-0.4951,-0.0351,0.0,-0.3333333333333332,-0.82029,-0.08244,-0.5
1966-11-01,-0.27,-0.87,-0.01,-1.03,-0.0,,-0.361,-0.774,-0.18,0.0,-0.86,-0.4771,-0.0787,-0.1,-0.3966666666666665,-1.19854,0.0778,-0.47
1966-12-01,-0.53,-1.03,-0.19,-0.85,-0.6,,-0.236,-0.224,-0.3,0.6,-0.8400000000000001,-0.5797,-0.1522,-0.2,-0.5366666666666665,-0.98704,-0.43843,-0.57
1967-01-01,-0.81,-0.72,-0.75,-1.08,2.8,,-0.237,-0.079,-0.41,-2.8,0.03,-0.6751,-0.1686,-0.3,-0.6966666666666667,-0.59246,-0.75104,-0.67
1967-02-01,-0.75,-0.46,-0.71,-0.59,2.8,,-0.073,-0.022,-0.48,-2.8,0.2499999999999999,-0.6455,-0.0979,-0.2,-0.7133333333333333,-0.1239,-1.00375,-0.64
1967-03-01,-0.58,-0.74,-0.33,-1.02,2.0,,0.249,-0.139,-0.53,-2.0,-0.41,-0.7857,-0.2101,-0.3,-0.6566666666666665,-0.8974,-0.52719,-0.78
1967-04-01,-0.64,-0.94,-0.22,-0.71,-0.1,,-0.263,-0.461,-0.45,0.1,-0.72,-1.0786,-0.5487,-0.3,-0.5099999999999999,-1.19555,-0.3254,-1.08
1967-05-01,-0.31,-0.5,-0.0,-0.65,-0.0,,-0.166,-0.973,-0.24,0.0,-0.5,-0.5854,-0.0845,-0.1,-0.3499999999999998,-0.85998,-0.11694,-0.59
1967-06-01,-0.1,-0.07,-0.15,-1.01,1.1,,0.044,-1.253,-0.0,-1.1,0.0799999999999999,-0.2652,0.2823,0.2,-0.2399999999999998,-0.59542,-0.28261,-0.26
1967-07-01,-0.31,-0.52,-0.24,-0.95,0.3,,0.139,-1.449,0.05,-0.3,-0.28,-0.3344,0.2712,0.2,-0.3199999999999998,-0.76882,-0.29747,-0.33
1967-08-01,-0.55,-1.05,-0.37,-1.45,1.2,,0.13,-1.543,-0.16,-1.2,-0.68,-0.4302,0.2307,0.0,-0.5499999999999998,-1.21799,-0.30522,-0.42
1967-09-01,-0.79,-1.38,-0.44,-1.63,0.8,,0.145,-1.674,-0.3,-0.8,-0.94,-0.8696,-0.2157,-0.1,-0.6499999999999998,-1.72287,-0.34268,-0.86
1967-10-01,-0.61,-1.3,-0.28,-1.77,0.1,,0.158,-1.723,-0.38,-0.1,-1.02,-0.7531,-0.0532,-0.1,-0.6366666666666665,-1.66923,-0.29472,-0.74
1967-11-01,-0.51,-1.04,-0.31,-1.54,-0.7,,0.023,-1.619,-0.34,0.7,-0.73,-0.6291,0.0807,0.0,-0.5466666666666665,-1.5447,-0.16712,-0.62
1967-12-01,-0.52,-1.1,-0.18,-1.69,-0.9,,0.054,-1.545,-0.44,0.9,-0.9200000000000002,-0.6559,0.0112,0.0,-0.5866666666666664,-1.53798,-0.23625,-0.65
1968-01-01,-0.73,-1.33,-0.34,-1.55,0.9,,0.213,-1.335,-0.64,-0.9,-0.99,-0.8615,-0.1337,-0.2,-0.6499999999999998,-1.62823,-0.35131,-0.85
1968-02-01,-0.7,-1.57,-0.07,-1.49,2.1,,0.334,-1.172,-0.74,-2.1,-1.5,-1.0714,-0.3816,-0.4,-0.7366666666666664,-1.68755,-0.38907,-1.07
1968-03-01,-0.78,-1.38,-0.34,-1.57,0.2,,0.153,-1.108,-0.62,-0.2,-1.0399999999999998,-0.9553,-0.2417,-0.3,-0.6666666666666664,-1.59543,-0.53946,-0.95
1968-04-01,-0.52,-0.88,-0.37,-1.65,0.0,,0.073,-1.245,-0.44,-0.0,-0.51,-0.7231,-0.059,-0.3,-0.6599999999999998,-1.34399,-0.36415,-0.72
1968-05-01,-0.68,-1.07,-0.6,-1.65,2.1,,-0.123,-1.197,-0.04,-2.1,-0.4700000000000001,-0.7481,-0.0912,0.1,-0.3699999999999999,-1.49901,-0.46066,-0.75
1968-06-01,0.09,-0.2,-0.02,-1.38,1.8,,0.09,-1.071,0.28,-1.8,-0.18,0.1397,0.5776,0.3,-0.1766666666666665,-1.16848,0.30054,0.15
1968-07-01,0.06,0.25,-0.2,-0.72,1.1,,-0.522,-0.69,0.58,-1.1,0.45,0.2714,0.6748,0.6,0.0533333333333335,-0.14224,-0.25915,0.28
1968-08-01,0.01,0.04,-0.03,-0.28,0.4,,-0.455,-0.534,0.53,-0.4,0.07,0.1472,0.521,0.5,-0.0566666666666664,0.02979,-0.25221,0.16
1968-09-01,-0.24,0.0,-0.34,0.38,-0.4,,-0.734,-0.442,0.45,0.4,0.34,0.0006,0.3359,0.4,-0.0366666666666664,0.22438,-0.38426,0.01
1968-10-01,0.12,0.12,0.2,-0.26,-0.1,,-0.531,-0.398,0.55,0.1,-0.08,0.0291,0.2999,0.6,0.1366666666666668,-0.07885,-0.11269,0.04
1968-11-01,0.53,0.21,0.51,-0.48,-0.6,,-0.454,-0.785,0.73,0.6,-0.3,0.4932,0.7442,0.7,0.3666666666666668,-0.31615,0.5963,0.5
1968-12-01,0.45,0.3,0.45,-0.16,0.3,,-0.213,-1.508,0.98,-0.3,-0.15,0.6638,0.833,1.0,0.6466666666666668,-0.08166,0.81827,0.67
1969-01-01,0.96,0.5,1.01,-0.33,-2.4,,-0.162,-1.509,1.13,2.4,-0.51,0.9454,1.0094,1.1,0.8000000000000002,-0.45531,1.54534,0.95
1969-02-01,0.99,0.14,1.16,-0.78,-0.9,,-0.164,-1.156,1.09,0.9,-1.02,1.0974,1.113,1.0,0.8166666666666669,-0.85604,1.8605,1.11
1969-03-01,0.5,0.28,0.56,0.24,0.7,,0.06,-0.713,0.95,-0.7,-0.28,0.5343,0.5462,0.7,0.6233333333333335,-0.10975,0.86093,0.54
1969-04-01,0.38,0.25,0.58,0.72,-0.6,,-0.05,0.053,0.77,0.6,-0.3299999999999999,0.311,0.3028,0.4,0.4466666666666668,0.21025,0.39619,0.31
1969-05-01,0.46,0.67,0.44,1.56,-0.4,,-0.166,0.622,0.61,0.4,0.23,0.3537,0.3805,0.4,0.3466666666666668,0.78345,0.10691,0.35
1969-06-01,0.2,0.48,0.13,1.07,0.3,,-0.626,0.491,0.43,-0.3,0.35,-0.0347,0.1324,0.3,0.1833333333333335,0.71197,-0.3167,-0.04
1969-07-01,-0.11,0.02,-0.09,0.25,-0.8,,-0.406,0.191,0.36,0.8,0.11,-0.2136,0.0548,0.3,0.0866666666666668,0.24399,-0.37451,-0.21
1969-08-01,0.17,0.08,0.29,-0.43,-0.2,,-0.35,-0.1,0.51,0.2,-0.2099999999999999,0.1603,0.4132,0.3,0.1300000000000002,0.07039,0.1116,0.16
1969-09-01,0.33,0.31,0.42,-0.18,-1.6,,-0.248,-0.463,0.79,1.6,-0.1099999999999999,0.4301,0.6293,0.6,0.3200000000000002,0.04528,0.50004,0.43
1969-10-01,0.46,0.47,0.48,0.37,-1.5,,-0.2,-0.5,0.86,1.5,-0.01,0.6216,0.7674,0.7,0.4166666666666669,0.39528,0.50248,0.62
1969-11-01,0.46,0.64,0.4,0.36,-0.1,,-0.004,-0.303,0.81,0.1,0.24,0.4044,0.5463,0.8,0.5266666666666668,0.46222,0.35228,0.4
1969-12-01,0.66,0.78,0.6,0.41,0.7,,-0.085,-0.348,0.63,-0.7,0.18,0.3816,0.4983,0.7,0.4400000000000002,0.60217,0.19082,0.38
1970-01-01,0.2,0.31,0.22,0.24,-1.9,,0.298,-0.773,0.51,1.9,0.09,0.2833,0.3601,0.5,0.2700000000000002,0.39905,0.12943,0.28
1970-02-01,-0.05,-0.36,0.25,-0.84,-1.7,,0.326,-1.024,0.34,1.7,-0.61,0.1977,0.3599,0.2,0.0633333333333335,-0.40186,0.41591,0.2
1970-03-01,0.04,-0.33,0.17,-0.92,1.0,,0.068,-1.386,0.29,-1.0,-0.5,-0.1429,0.0417,0.2,0.0533333333333335,-0.835,0.1461,-0.14
1970-04-01,0.17,-0.39,0.28,-0.95,-0.1,,0.219,-1.721,0.19,0.1,-0.67,-0.0796,0.1927,0.2,0.0300000000000001,-0.70978,0.10858,-0.08
1970-05-01,-0.12,-0.82,0.08,-1.38,0.6,,0.182,-1.993,0.04,-0.6,-0.8999999999999999,-0.3052,0.038,0.1,-0.1233333333333331,-1.41815,0.19107,-0.3
1970-06-01,-0.42,-1.14,-0.23,-1.68,1.6,,-0.385,-1.865,-0.3,-1.6,-0.91,-0.6949,-0.2067,-0.2,-0.3966666666666665,-1.73175,-0.11244,-0.69
1970-07-01,-0.65,-1.75,-0.12,-2.12,-0.6,,-0.57,-1.723,-0.63,0.6,-1.63,-1.0891,-0.5597,-0.5,-0.6499999999999998,-2.32895,-0.20926,-1.08
1970-08-01,-0.88,-1.7,-0.48,-1.79,1.0,,-0.35,-1.284,-0.76,-1.0,-1.22,-1.2638,-0.7132,-0.6,-0.8566666666666665,-1.68888,-0.94881,-1.26
1970-09-01,-1.04,-1.32,-0.8,-1.22,1.9,,-0.599,-0.959,-0.77,-1.9,-0.52,-1.0811,-0.5081,-0.5,-0.9366666666666664,-0.93809,-1.36494,-1.07
1970-10-01,-0.89,-1.14,-0.77,-1.31,1.7,,-0.638,-0.276,-0.74,-1.7,-0.3699999999999999,-1.1255,-0.5189,-0.6,-0.963333333333333,-0.72153,-1.60588,-1.12
1970-11-01,-0.96,-1.41,-0.62,-1.29,2.6,,-0.307,0.231,-0.86,-2.6,-0.7899999999999999,-1.1376,-0.5496,-0.5,-1.0099999999999998,-0.98632,-1.55953,-1.13
1970-12-01,-1.18,-1.23,-1.05,-1.17,3.2,,-0.235,0.454,-1.15,-3.2,-0.1799999999999999,-1.333,-0.6482,-0.8,-1.283333333333333,-0.56802,-2.07617,-1.33
1971-01-01,-1.71,-1.61,-1.47,-1.48,0.6,,0.198,0.566,-1.36,-0.6,-0.1400000000000001,-1.7327,-1.037,-0.9,-1.45,-0.70423,-2.31929,-1.73
1971-02-01,-1.46,-1.63,-1.13,-1.29,3.3,,0.013,0.862,-1.38,-3.3,-0.5,-1.569,-0.7977,-1.0,-1.49,-1.01334,-1.89602,-1.57
1971-03-01,-1.3,-1.26,-1.15,-1.12,3.8,,0.208,0.692,-1.12,-3.8,-0.1100000000000001,-1.3625,-0.5775,-0.8,-1.2333333333333332,-0.73767,-1.77302,-1.36
1971-04-01,-0.94,-0.88,-0.77,-0.52,2.8,,0.24,0.4,-0.85,-2.8,-0.1099999999999999,-1.1867,-0.4929,-0.6,-1.0533333333333332,-0.36038,-1.69492,-1.18
1971-05-01,-0.92,-0.96,-0.88,-1.15,1.4,,-0.074,0.397,-0.73,-1.4,-0.0799999999999999,-0.9835,-0.2649,-0.5,-0.9666666666666665,-0.74723,-1.40648,-0.98
1971-06-01,-1.04,-1.04,-0.96,-1.49,0.7,,-0.236,0.211,-0.74,-0.7,-0.08,-1.133,-0.3287,-0.4,-0.9533333333333333,-0.89311,-1.46839,-1.13
1971-07-01,-0.9,-0.79,-0.93,-0.89,0.4,,-0.354,0.1,-0.8,-0.4,0.14,-1.1721,-0.4199,-0.3,-0.9566666666666668,-0.48937,-1.62747,-1.17
1971-08-01,-0.93,-0.83,-1.01,-0.95,2.5,,-0.547,0.097,-0.77,-2.5,0.18,-1.1125,-0.3914,-0.2,-0.96,-0.79171,-1.62196,-1.1
1971-09-01,-1.05,-1.07,-1.13,-1.08,2.3,,-0.746,0.145,-0.82,-2.3,0.0599999999999998,-1.0102,-0.3365,-0.3,-1.01,-0.41688,-1.86466,-1.0
1971-10-01,-1.05,-1.25,-0.9,-1.31,2.8,,-0.629,0.087,-0.85,-2.8,-0.35,-1.2529,-0.4853,-0.4,-1.0066666666666666,-0.81035,-1.74836,-1.24
1971-11-01,-0.92,-1.14,-0.76,-0.82,0.9,,0.018,0.221,-0.96,-0.9,-0.3799999999999999,-1.152,-0.4066,-0.4,-0.9433333333333334,-0.78252,-1.46924,-1.15
1971-12-01,-0.86,-1.28,-0.58,-0.83,0.4,,0.215,0.259,-0.9,-0.4,-0.7000000000000001,-1.2326,-0.4198,-0.4,-0.82,-1.25086,-1.15207,-1.23
1972-01-01,-0.68,-0.65,-0.57,-0.09,0.8,,0.143,0.447,-0.71,-0.8,-0.08,-0.9212,-0.3622,-0.2,-0.58,-0.12735,-1.20344,-0.92
1972-02-01,-0.2,-0.4,-0.13,0.21,1.8,,-0.216,0.576,-0.35,-1.8,-0.27,-0.4545,-0.0259,0.0,-0.3466666666666666,0.04606,-0.70632,-0.45
1972-03-01,-0.16,-0.19,-0.12,0.32,1.1,,0.03,0.661,0.06,-1.1,-0.07,-0.2013,0.3497,0.3,-0.0533333333333332,-0.00182,-0.45999,-0.19
1972-04-01,0.2,0.1,0.28,0.72,-0.2,,0.131,0.851,0.41,0.2,-0.18,0.0708,0.5329,0.5,0.09,0.18354,-0.06545,0.07
1972-05-01,0.23,0.26,0.16,0.77,-2.6,,0.157,1.134,0.67,2.6,0.1,0.3755,0.8071,0.7,0.2800000000000001,0.42662,-0.02551,0.38
1972-06-01,0.41,0.58,0.19,1.7,-0.9,,0.738,1.52,0.92,0.9,0.3899999999999999,0.4509,0.7794,0.9,0.4266666666666667,1.28188,-0.33134,0.45
1972-07-01,0.64,1.14,0.25,1.73,-2.4,,0.708,1.659,1.13,2.4,0.8899999999999999,0.8414,1.1129,1.1,0.5933333333333334,1.91386,-0.1997,0.85
1972-08-01,0.73,1.6,0.06,2.0,-0.8,,0.511,1.642,1.37,0.8,1.54,1.0837,1.2956,1.4,0.7100000000000001,2.61537,-0.44561,1.09
1972-09-01,0.76,1.36,0.17,1.17,-2.2,,0.363,1.482,1.58,2.2,1.1900000000000002,1.2203,1.3915,1.6,0.8700000000000001,1.8629,0.01409,1.23
1972-10-01,1.12,1.62,0.51,0.99,-1.5,,0.327,1.186,1.84,1.5,1.11,1.5365,1.5721,1.8,1.0600000000000005,1.91249,0.45238,1.54
1972-11-01,1.3,1.86,0.66,1.21,-0.6,,0.67,0.6,2.09,0.6,1.2000000000000002,1.8923,1.8763,2.0,1.2266666666666668,2.01887,0.63447,1.9
1972-12-01,1.26,2.0,0.58,1.34,-2.1,,0.477,0.122,2.12,2.1,1.42,2.0773,1.9361,1.9,1.2166666666666668,2.39291,0.75111,2.09
1973-01-01,1.09,1.35,0.69,0.93,-0.5,,0.043,-0.293,1.84,0.5,0.6600000000000001,1.7806,1.6798,1.7,1.086666666666667,1.62943,0.93307,1.8
1973-02-01,0.91,0.71,0.62,0.01,-2.3,,-0.077,-0.675,1.25,2.3,0.0899999999999999,1.1854,1.2101,1.3,0.7966666666666667,0.48341,0.78896,1.2
1973-03-01,0.39,0.19,0.28,-0.48,1.2,,-0.001,-1.108,0.54,-1.2,-0.09,0.2603,0.3959,0.6,0.3033333333333334,-0.12699,0.33087,0.27
1973-04-01,-0.39,-0.67,-0.28,-0.83,0.1,,-0.116,-1.22,-0.1,-0.1,-0.39,-0.5768,-0.3178,-0.2,-0.2133333333333332,-0.81665,-0.22978,-0.58
1973-05-01,-0.64,-1.14,-0.34,-1.17,0.7,,0.084,-1.119,-0.54,-0.7,-0.7999999999999998,-0.9696,-0.6606,-0.7,-0.6499999999999999,-1.27663,-0.38315,-0.97
1973-06-01,-0.92,-1.1,-0.71,-1.02,1.8,,-0.225,-0.855,-0.87,-1.8,-0.3900000000000001,-1.1818,-0.7969,-1.0,-0.8966666666666665,-1.31004,-0.81918,-1.18
1973-07-01,-1.13,-1.34,-0.88,-1.12,1.0,,-0.495,-0.561,-1.11,-1.0,-0.4600000000000001,-1.5376,-1.1574,-1.1,-1.096666666666667,-1.17853,-1.26695,-1.54
1973-08-01,-1.24,-1.4,-1.02,-1.63,2.1,,-0.607,-0.038,-1.28,-2.1,-0.3799999999999999,-1.6315,-1.2178,-1.2,-1.2666666666666664,-1.0938,-1.59975,-1.63
1973-09-01,-1.43,-1.44,-1.23,-1.36,2.0,,-0.773,0.501,-1.45,-2.0,-0.2099999999999999,-1.6565,-1.2391,-1.3,-1.4233333333333331,-0.81547,-1.89405,-1.66
1973-10-01,-1.6,-1.5,-1.3,-1.27,1.3,,-0.449,1.149,-1.71,-1.3,-0.1999999999999999,-1.9826,-1.4663,-1.6,-1.6933333333333331,-0.64493,-2.30365,-1.98
1973-11-01,-2.05,-1.72,-1.71,-1.14,4.3,,-0.157,1.717,-1.95,-4.3,-0.01,-2.3643,-1.7761,-1.9,-1.9433333333333336,-0.47932,-2.72612,-2.37
1973-12-01,-2.18,-1.75,-2.0,-1.22,3.0,,0.047,1.969,-2.03,-3.0,0.25,-2.2619,-1.5566,-1.9,-2.09,-0.58552,-2.89212,-2.26
1974-01-01,-2.04,-1.74,-1.86,-1.14,4.0,,0.279,2.145,-1.84,-4.0,0.1200000000000001,-2.088,-1.2787,-1.6,-1.9399999999999995,-0.65793,-2.72903,-2.09
1974-02-01,-1.6,-1.41,-1.29,-1.13,3.4,,0.156,2.129,-1.55,-3.4,-0.1199999999999998,-1.6524,-0.8713,-1.3,-1.6733333333333331,-0.5528,-2.07267,-1.66
1974-03-01,-1.38,-0.91,-1.24,-0.69,4.0,,0.249,1.962,-1.23,-4.0,0.3299999999999999,-1.4391,-0.6528,-1.0,-1.3633333333333333,-0.33984,-1.77434,-1.45
1974-04-01,-1.11,-0.65,-1.14,-0.33,1.6,,-0.053,1.728,-1.03,-1.6,0.4899999999999999,-1.3509,-0.6101,-0.8,-1.1899999999999995,0.00625,-1.81343,-1.36
1974-05-01,-1.08,-0.66,-1.12,0.1,1.6,,-0.239,1.703,-0.91,-1.6,0.4600000000000001,-1.2908,-0.6382,-0.6,-0.9333333333333332,0.08621,-1.9098,-1.29
1974-06-01,-0.61,-0.36,-0.69,-0.67,0.7,,-0.027,1.502,-0.77,-0.7,0.3299999999999999,-1.1971,-0.5388,-0.5,-0.8833333333333332,-0.20264,-1.6588,-1.2
1974-07-01,-0.96,-0.43,-1.14,-0.27,1.9,,-0.249,1.229,-0.53,-1.9,0.71,-0.9018,-0.3551,-0.3,-0.7133333333333333,0.06264,-1.69098,-0.9
1974-08-01,-0.57,-0.33,-0.69,-0.63,1.3,,-0.498,0.89,-0.37,-1.3,0.3599999999999999,-0.5288,-0.0368,-0.2,-0.7333333333333333,0.01639,-1.19557,-0.52
1974-09-01,-0.67,-0.5,-0.95,-0.72,1.8,,-0.661,0.824,-0.41,-1.8,0.4499999999999999,-0.6491,-0.1164,-0.2,-0.7733333333333333,0.00176,-1.49266,-0.64
1974-10-01,-1.08,-0.95,-1.13,-1.28,1.5,,-0.845,0.636,-0.61,-1.5,0.1799999999999999,-0.9476,-0.33,-0.4,-0.9533333333333333,-0.40808,-1.63979,-0.94
1974-11-01,-1.11,-1.03,-1.11,-1.22,-0.2,,-0.551,0.479,-0.75,0.2,0.08,-1.098,-0.4798,-0.6,-1.0533333333333337,-0.47971,-1.52594,-1.09
1974-12-01,-0.97,-0.98,-1.03,-1.53,0.3,,-0.36,0.361,-0.64,-0.3,0.05,-0.9771,-0.3216,-0.3,-0.8866666666666666,-0.71229,-1.32576,-0.97
1975-01-01,-0.58,-0.58,-0.76,-1.05,-0.8,,-0.367,0.6,-0.54,0.8,0.18,-0.4552,0.1639,-0.1,-0.7066666666666666,-0.39576,-0.89808,-0.45
1975-02-01,-0.57,-0.77,-0.56,-0.91,1.3,,-0.25,0.749,-0.57,-1.3,-0.2099999999999999,-0.6827,-0.0604,-0.1,-0.6733333333333332,-0.73354,-0.74668,-0.68
1975-03-01,-0.87,-0.81,-0.81,-0.4,2.6,,-0.464,0.855,-0.65,-2.6,0.0,-1.0909,-0.4023,-0.3,-0.7299999999999999,-0.18945,-1.43629,-1.09
1975-04-01,-0.75,-0.44,-0.79,-0.06,1.9,,0.087,0.949,-0.73,-1.9,0.35,-0.957,-0.2549,-0.4,-0.8666666666666666,0.23266,-1.63799,-0.96
1975-05-01,-0.98,-0.88,-1.06,-0.77,1.1,,0.066,1.337,-0.83,-1.1,0.18,-1.1346,-0.4174,-0.6,-1.0199999999999998,-0.43765,-1.68449,-1.13
1975-06-01,-1.33,-1.26,-1.26,-1.07,2.1,,0.055,1.46,-0.98,-2.1,0.0,-1.4955,-0.7623,-0.7,-1.1733333333333331,-0.74596,-1.89962,-1.5
1975-07-01,-1.21,-0.86,-1.42,-0.72,3.1,,-0.039,1.503,-1.13,-3.1,0.5599999999999999,-1.3926,-0.7412,-0.9,-1.336666666666667,-0.34482,-2.18419,-1.39
1975-08-01,-1.47,-0.97,-1.64,-0.85,3.3,,-0.344,1.734,-1.2,-3.3,0.6699999999999999,-1.5217,-0.8182,-0.9,-1.4566666666666663,0.01034,-2.52666,-1.52
1975-09-01,-1.69,-1.2,-1.95,-1.39,3.4,,-0.857,1.933,-1.37,-3.4,0.75,-1.6647,-0.88,-1.0,-1.6266666666666665,-0.22902,-2.78459,-1.66
1975-10-01,-1.72,-1.43,-1.95,-1.6,2.8,,-1.056,1.984,-1.43,-2.8,0.52,-1.8326,-0.9727,-0.9,-1.64,-0.43792,-2.88884,-1.83
1975-11-01,-1.51,-1.19,-1.8,-1.84,1.9,,-0.328,1.946,-1.55,-1.9,0.6100000000000001,-1.6582,-0.7279,-1.0,-1.7333333333333332,-0.57481,-2.72738,-1.66
1975-12-01,-1.97,-1.81,-2.11,-1.73,3.5,,-0.169,1.909,-1.65,-3.5,0.2999999999999998,-1.9319,-0.9587,-1.1,-1.74,-0.73021,-2.84861,-1.93
1976-01-01,-1.74,-1.74,-1.44,-0.77,2.3,,0.005,1.725,-1.56,-2.3,-0.3,-2.0109,-1.0637,-1.0,-1.5833333333333333,-0.85311,-2.58205,-2.01
1976-02-01,-1.04,-1.07,-0.97,-0.58,2.8,,0.077,1.727,-1.17,-2.8,-0.1,-1.2715,-0.4554,-0.6,-1.2033333333333331,-0.24271,-1.94126,-1.26
1976-03-01,-0.83,-0.68,-0.82,-0.41,2.9,,0.02,1.697,-0.73,-2.9,0.1399999999999999,-0.832,-0.0373,-0.3,-0.8199999999999998,-0.16796,-1.39361,-0.82
1976-04-01,-0.59,-0.47,-0.55,0.3,0.5,,0.122,1.813,-0.47,-0.5,0.08,-0.9352,-0.1948,-0.1,-0.6766666666666664,0.10137,-1.47066,-0.93
1976-05-01,-0.61,-0.27,-0.62,0.5,0.6,,-0.004,2.059,-0.28,-0.6,0.35,-0.7364,-0.002,0.0,-0.4999999999999998,0.54784,-1.48392,-0.74
1976-06-01,-0.3,0.38,-0.55,1.09,0.4,,0.369,2.355,-0.05,-0.4,0.93,-0.3824,0.2069,0.3,-0.3366666666666665,1.44381,-1.49479,-0.38
1976-07-01,-0.1,0.65,-0.49,1.35,-1.4,,0.593,2.206,0.18,1.4,1.14,-0.1729,0.3768,0.5,-0.1366666666666665,1.60058,-1.459,-0.16
1976-08-01,-0.01,0.66,-0.34,0.83,-1.3,,0.107,1.882,0.35,1.3,1.0,0.1191,0.5892,0.7,0.0166666666666668,1.72729,-1.20854,0.12
1976-09-01,0.16,0.77,-0.31,0.87,-1.9,,-0.208,1.353,0.62,1.9,1.08,0.2973,0.7389,0.9,0.2233333333333335,1.51482,-0.83468,0.3
1976-10-01,0.52,0.91,0.11,0.21,0.7,,-0.231,0.809,0.81,-0.7,0.8,0.7419,1.0208,1.0,0.4466666666666668,1.08133,-0.07978,0.75
1976-11-01,0.66,0.84,0.34,0.23,1.2,,-0.181,0.303,0.86,-1.2,0.4999999999999999,0.703,0.9523,1.1,0.5133333333333335,0.79334,0.11349,0.71
1976-12-01,0.36,0.61,-0.02,0.09,-0.6,,0.029,0.066,0.85,0.6,0.63,0.4818,0.7788,1.1,0.5300000000000001,0.83754,-0.31847,0.49
1977-01-01,0.57,0.77,0.1,0.08,-0.7,,-0.003,-0.165,0.71,0.7,0.67,0.768,0.9796,1.0,0.3933333333333335,0.90632,-0.01676,0.78
1977-02-01,0.25,0.45,-0.05,-0.41,2.0,,-0.261,-0.266,0.64,-2.0,0.5,0.3682,0.616,0.9,0.3333333333333335,0.39126,-0.03207,0.37
1977-03-01,0.18,0.23,-0.07,-0.58,-0.9,,0.174,-0.445,0.34,0.9,0.3,0.1833,0.5412,0.5,0.0666666666666668,0.18082,-0.21754,0.19
1977-04-01,-0.23,-0.58,-0.09,-0.67,-0.7,,-0.029,-0.658,0.23,0.7,-0.49,-0.3798,0.0132,0.3,-0.0699999999999998,-0.54101,-0.35896,-0.38
1977-05-01,-0.16,-0.33,-0.26,-0.87,-0.8,,-0.341,-0.907,0.21,0.8,-0.07,-0.2153,0.1242,0.3,-0.0533333333333331,-0.35724,-0.3085,-0.21
1977-06-01,0.23,0.01,0.15,-0.32,-1.5,,-0.095,-1.185,0.34,1.5,-0.1399999999999999,0.0082,0.2971,0.5,0.1466666666666668,-0.21602,-0.11374,0.01
1977-07-01,0.37,-0.03,0.34,-0.6,-1.9,,-0.171,-1.527,0.35,1.9,-0.37,0.0827,0.4329,0.5,0.1966666666666668,-0.26791,0.02021,0.09
1977-08-01,-0.01,-0.52,0.12,-0.96,-1.3,,-0.261,-1.733,0.42,1.3,-0.64,-0.0128,0.3301,0.5,0.2066666666666668,-0.66173,0.14687,-0.01
1977-09-01,0.26,-0.28,0.39,-0.89,-1.3,,-0.259,-1.947,0.57,1.3,-0.67,0.3941,0.7051,0.6,0.2800000000000001,-0.69623,0.62571,0.4
1977-10-01,0.59,0.36,0.41,-0.42,-1.7,,0.245,-2.106,0.73,1.7,-0.0499999999999999,0.6174,0.9108,0.9,0.4866666666666668,-0.25447,0.64247,0.63
1977-11-01,0.61,0.25,0.51,-0.39,-2.1,,-0.127,-1.912,0.81,2.1,-0.26,0.4787,0.7765,1.1,0.6033333333333335,-0.22034,0.52649,0.48
1977-12-01,0.61,0.28,0.46,-0.58,-1.7,,-0.02,-1.635,0.79,1.7,-0.18,0.6866,0.9887,1.1,0.5800000000000002,-0.25056,0.65627,0.7
1978-01-01,0.52,0.26,0.39,-0.38,-0.5,,-0.64,-1.571,0.69,0.5,-0.13,0.6126,0.8016,1.0,0.4800000000000001,-0.29571,0.68259,0.62
1978-02-01,0.31,0.03,0.29,-0.51,-4.4,,-0.53,-1.283,0.42,4.4,-0.26,0.2449,0.5059,0.7,0.2833333333333335,-0.28925,0.36339,0.25
1978-03-01,0.02,-0.23,-0.01,-1.22,-0.3,,-0.583,-1.0,0.06,0.3,-0.22,-0.1978,0.139,0.3,-0.0533333333333331,-0.76821,0.0781,-0.2
1978-04-01,-0.49,-0.88,-0.34,-0.8,-0.5,,-0.214,-0.983,-0.18,0.5,-0.54,-0.7062,-0.2704,-0.1,-0.2733333333333331,-0.724,-0.59049,-0.7
1978-05-01,-0.35,-1.01,-0.09,-1.17,2.2,,-0.533,-0.905,-0.31,-2.2,-0.92,-0.7384,-0.2376,-0.3,-0.4366666666666665,-1.25427,-0.27402,-0.74
1978-06-01,-0.47,-0.86,-0.29,-1.08,1.1,,-0.175,-0.785,-0.29,-1.1,-0.5700000000000001,-0.7118,-0.2946,-0.2,-0.3833333333333331,-1.09478,-0.40879,-0.71
1978-07-01,-0.33,-0.58,-0.25,-0.81,0.9,,-0.107,-0.732,-0.36,-0.9,-0.3299999999999999,-0.5585,-0.1754,-0.3,-0.5233333333333331,-0.77403,-0.58637,-0.55
1978-08-01,-0.77,-1.0,-0.57,-1.28,0.7,,-0.224,-0.616,-0.42,-0.7,-0.43,-0.7915,-0.3406,-0.3,-0.5166666666666665,-1.15314,-0.5096,-0.79
1978-09-01,-0.45,-0.67,-0.19,-0.72,0.1,,-0.26,-0.349,-0.42,-0.1,-0.48,-0.7084,-0.2135,-0.3,-0.5533333333333331,-0.7917,-0.52544,-0.71
1978-10-01,-0.44,-0.4,-0.38,-0.9,-0.6,,-0.502,-0.084,-0.29,0.6,-0.02,-0.4701,0.0366,-0.1,-0.3633333333333331,-0.4668,-0.55272,-0.46
1978-11-01,-0.2,-0.16,-0.27,-0.05,-0.0,,-0.458,0.022,-0.08,0.0,0.11,-0.3802,0.0459,0.2,-0.1833333333333331,-0.06156,-0.55787,-0.38
1978-12-01,0.09,0.13,-0.04,0.02,-0.1,,-0.26,-0.188,0.0,0.1,0.17,-0.0617,0.2788,0.3,-0.0199999999999998,0.18425,-0.368,-0.06
1979-01-01,0.05,-0.22,0.2,-0.0,-0.7,0.46,0.317,-0.343,0.03,0.7,-0.42,-0.1361,0.098,0.3,0.0633333333333335,-0.16868,-0.14455,-0.13
1979-02-01,0.05,-0.15,0.13,-0.51,1.6,0.29,-0.159,-0.309,0.07,-1.6,-0.28,-0.2211,0.0468,0.3,0.0566666666666668,-0.29966,-0.23626,-0.22
1979-03-01,0.07,0.01,0.04,-0.52,0.2,-0.05,-0.034,-0.347,0.2,-0.2,-0.03,-0.0199,0.2276,0.3,0.0566666666666668,-0.29757,0.02274,-0.02
1979-04-01,0.05,0.17,-0.04,-0.04,-0.2,0.22,-0.207,-0.187,0.28,0.2,0.21,0.0141,0.208,0.2,0.0200000000000001,0.13822,-0.06334,0.02
1979-05-01,-0.06,0.06,-0.14,0.16,0.8,0.27,-0.444,0.067,0.23,-0.8,0.2,-0.2432,0.0245,0.1,-0.0199999999999998,0.16607,-0.30962,-0.25
1979-06-01,-0.05,0.11,-0.1,0.47,1.1,-0.11,0.109,0.333,0.05,-1.1,0.21,-0.2961,-0.0637,0.0,-0.0799999999999998,0.17279,-0.41649,-0.29
1979-07-01,-0.13,-0.25,0.03,0.03,2.2,-0.1,-0.315,0.44,0.04,-2.2,-0.28,-0.469,-0.1675,0.0,-0.1266666666666664,-0.08043,-0.38655,-0.47
1979-08-01,-0.2,0.03,-0.35,-0.14,-0.3,0.47,-0.226,0.462,0.17,0.3,0.38,-0.1052,0.1758,0.3,-0.0533333333333331,0.44307,-0.5914,-0.1
1979-09-01,0.17,0.6,-0.14,0.52,0.2,0.38,-0.279,0.302,0.33,-0.2,0.74,0.272,0.4893,0.4,0.0033333333333335,1.00327,-0.52434,0.28
1979-10-01,0.04,0.35,-0.05,0.37,-0.2,0.23,-0.314,0.007,0.45,0.2,0.3999999999999999,0.1127,0.318,0.5,0.1800000000000002,0.78938,-0.35941,0.11
1979-11-01,0.33,0.43,0.29,0.09,-0.7,0.53,-0.251,-0.285,0.52,0.7,0.14,0.2878,0.4105,0.5,0.2833333333333335,0.3545,0.13987,0.29
1979-12-01,0.48,0.46,0.4,-0.22,-1.2,0.63,-0.101,-0.758,0.64,1.2,0.06,0.5119,0.5818,0.6,0.4166666666666669,0.11323,0.46793,0.52
1980-01-01,0.44,0.35,0.33,-0.31,0.7,0.33,-0.158,-1.073,0.59,-0.7,0.0199999999999999,0.535,0.5925,0.7,0.4233333333333335,-0.0488,0.72162,0.54
1980-02-01,0.35,0.01,0.46,-0.45,0.5,0.21,-0.2,-1.201,0.46,-0.5,-0.45,0.2154,0.3582,0.5,0.3233333333333335,-0.46206,0.67098,0.22
1980-03-01,0.18,-0.23,0.36,-0.26,-0.7,0.39,-0.418,-1.04,0.34,0.7,-0.59,0.0205,0.1583,0.3,0.2200000000000001,-0.40952,0.42685,0.03
1980-04-01,0.13,-0.06,0.22,-0.06,-1.0,0.5,-0.096,-0.996,0.38,1.0,-0.28,-0.0675,0.0935,0.1,0.1800000000000002,-0.33858,0.2589,-0.07
1980-05-01,0.23,-0.11,0.39,-0.05,-0.0,0.45,-0.066,-1.039,0.48,0.0,-0.5,0.0791,0.2112,0.3,0.2200000000000002,-0.4592,0.40711,0.08
1980-06-01,0.3,0.24,0.19,0.13,-0.0,0.55,-0.382,-1.039,0.46,0.0,0.0499999999999999,0.2093,0.4068,0.3,0.2100000000000002,-0.12938,0.31713,0.21
1980-07-01,0.1,-0.24,0.25,-0.69,-0.1,0.47,-0.661,-1.018,0.25,0.1,-0.49,-0.0632,0.1687,0.1,0.0166666666666668,-0.55196,0.21434,-0.06
1980-08-01,-0.35,-0.45,-0.13,-0.48,0.6,0.03,-0.822,-1.135,0.03,-0.6,-0.32,-0.3792,-0.1112,-0.1,-0.2033333333333331,-0.18039,-0.4046,-0.38
1980-09-01,-0.36,-0.24,-0.26,-0.4,-0.8,0.12,-0.745,-1.284,-0.07,0.8,0.02,-0.2778,-0.0372,-0.2,-0.3033333333333332,0.07876,-0.40826,-0.28
1980-10-01,-0.2,-0.49,0.03,-0.46,0.0,0.03,-0.658,-1.291,0.02,-0.0,-0.52,-0.2571,0.044,-0.1,-0.1599999999999998,-0.47496,-0.0706,-0.26
1980-11-01,0.08,-0.08,0.22,-0.46,-0.6,-0.08,-0.417,-1.393,0.11,0.6,-0.3,-0.1023,0.1433,0.1,-0.0066666666666664,-0.24032,-0.02096,-0.1
1980-12-01,0.1,0.13,-0.05,-0.89,-0.1,-0.12,-0.483,-1.425,-0.01,0.1,0.18,0.0439,0.3163,0.1,-0.0899999999999998,-0.1623,-0.07098,0.05
1981-01-01,-0.45,-0.76,-0.22,-1.5,0.6,-0.35,-0.201,-1.35,-0.26,-0.6,-0.54,-0.3644,-0.0155,0.0,-0.2566666666666665,-1.24608,0.08076,-0.36
1981-02-01,-0.42,-0.79,-0.18,-1.23,-0.3,-0.23,-0.024,-1.094,-0.5,0.3,-0.6100000000000001,-0.6408,-0.2453,-0.2,-0.3266666666666665,-1.18468,-0.11271,-0.64
1981-03-01,-0.11,-0.36,0.06,-0.54,-2.1,0.33,0.026,-0.835,-0.47,2.1,-0.42,-0.6363,-0.3092,-0.3,-0.3666666666666664,-0.53377,-0.35491,-0.64
1981-04-01,-0.57,-0.61,-0.43,-0.5,-0.2,0.42,0.093,-0.558,-0.37,0.2,-0.18,-0.5297,-0.1725,-0.2,-0.3233333333333331,-0.33401,-0.71335,-0.53
1981-05-01,-0.29,-0.35,-0.24,-0.36,1.3,-0.24,-0.018,-0.496,-0.26,-1.3,-0.1099999999999999,-0.575,-0.2459,-0.3,-0.3966666666666665,-0.39276,-0.82221,-0.57
1981-06-01,-0.33,-0.31,-0.35,-0.51,2.0,-0.69,-0.239,-0.464,-0.29,-2.0,0.0399999999999999,-0.4639,-0.1565,-0.3,-0.3899999999999998,-0.24918,-0.7957,-0.46
1981-07-01,-0.55,-0.54,-0.5,-0.67,1.4,-0.6,-0.56,-0.533,-0.3,-1.4,-0.04,-0.643,-0.3404,-0.2,-0.4233333333333332,-0.26197,-1.00828,-0.64
1981-08-01,-0.39,-0.52,-0.39,-0.86,1.2,-0.33,-0.628,-0.604,-0.25,-1.2,-0.13,-0.536,-0.1651,-0.2,-0.3866666666666665,-0.55688,-0.83175,-0.53
1981-09-01,-0.22,-0.2,-0.23,-0.66,0.5,-0.06,-0.757,-0.708,-0.16,-0.5,0.03,-0.1974,0.0423,0.0,-0.2566666666666665,-0.28028,-0.37423,-0.19
1981-10-01,-0.16,-0.08,-0.21,-0.42,-0.6,-0.16,-0.606,-0.668,-0.13,0.6,0.13,-0.3015,-0.165,-0.2,-0.2666666666666664,-0.11292,-0.4299,-0.3
1981-11-01,-0.42,-0.32,-0.25,-0.38,0.3,-0.27,-0.327,-0.52,-0.15,-0.3,-0.07,-0.4115,-0.2465,-0.2,-0.2333333333333331,-0.3164,-0.4031,-0.41
1981-12-01,-0.12,0.02,-0.02,-0.35,0.8,-0.2,-0.019,-0.404,-0.08,-0.8,0.04,-0.1999,-0.0285,-0.1,-0.1566666666666664,-0.05908,-0.1517,-0.2
1982-01-01,0.07,0.33,-0.1,-0.1,2.0,-0.43,0.144,-0.565,-0.05,-2.0,0.43,0.1254,0.3071,0.1,-0.0599999999999998,0.10137,0.02832,0.13
1982-02-01,-0.13,-0.05,-0.05,-0.33,0.4,-0.5,0.167,-0.753,0.07,-0.4,0.0,-0.1651,0.0831,0.2,-0.0099999999999998,-0.17011,-0.06468,-0.17
1982-03-01,0.03,-0.15,0.06,-0.75,1.0,-0.28,0.054,-0.931,0.19,-1.0,-0.21,0.1275,0.3995,0.2,0.0533333333333335,-0.73387,0.49805,0.13
1982-04-01,0.26,0.15,0.29,-0.45,0.1,-0.37,0.119,-1.271,0.47,-0.1,-0.1399999999999999,0.2075,0.4341,0.5,0.2733333333333335,-0.66726,0.81,0.21
1982-05-01,0.53,0.47,0.5,-0.04,-0.6,-0.11,0.223,-1.319,0.66,0.6,-0.03,0.4495,0.6351,0.7,0.5300000000000002,-0.17172,0.77615,0.45
1982-06-01,0.8,0.89,0.64,0.4,-1.7,0.63,0.255,-0.955,0.72,1.7,0.25,0.5267,0.7174,0.8,0.5566666666666669,0.11997,0.71556,0.53
1982-07-01,0.34,0.49,0.16,0.45,-2.5,1.65,0.265,-0.406,0.79,2.5,0.3299999999999999,0.3641,0.6293,0.9,0.5266666666666668,0.58108,0.13147,0.37
1982-08-01,0.44,0.83,0.13,0.89,-2.9,1.91,0.256,0.021,1.07,2.9,0.7,0.7194,0.9549,1.1,0.6066666666666668,1.25607,0.08482,0.73
1982-09-01,1.04,1.83,0.35,1.3,-2.9,1.68,0.442,0.871,1.58,2.9,1.48,1.4862,1.5948,1.6,0.9866666666666668,2.08238,0.31011,1.49
1982-10-01,1.48,2.11,0.84,1.6,-2.8,1.77,0.624,1.535,1.97,2.8,1.27,1.9753,1.9774,2.0,1.3066666666666669,2.26232,0.81399,1.99
1982-11-01,1.4,2.37,0.7,2.72,-4.3,2.13,0.284,1.87,2.18,4.3,1.6700000000000002,1.9098,1.9025,2.2,1.4966666666666668,3.10745,0.29156,1.92
1982-12-01,1.61,2.83,0.68,2.72,-3.7,2.36,-0.163,1.913,2.23,3.7,2.15,2.1878,2.0664,2.4,1.5633333333333337,3.52396,0.28646,2.2
1983-01-01,1.68,2.77,0.73,2.49,-5.8,2.47,-0.482,2.096,2.18,5.8,2.04,2.3307,2.1641,2.4,1.59,3.51132,0.34205,2.35
1983-02-01,1.48,2.22,0.58,1.83,-6.0,2.66,-0.588,2.332,1.92,6.0,1.64,1.9238,1.7317,2.2,1.4366666666666668,2.77778,0.37509,1.94
1983-03-01,1.15,1.67,0.56,1.97,-4.0,2.6,-0.752,2.673,1.54,4.0,1.11,1.3697,1.2652,1.7,1.096666666666667,2.50686,-0.01311,1.38
1983-04-01,0.66,1.48,0.14,2.88,-1.5,2.75,-0.556,3.352,1.29,1.5,1.34,0.9476,0.8883,1.3,0.8300000000000001,2.93814,-0.68772,0.95
1983-05-01,0.68,1.72,0.2,3.56,1.0,2.85,-0.058,4.14,1.06,-1.0,1.52,0.9029,0.9043,0.9,0.5833333333333335,3.24368,-0.72077,0.9
1983-06-01,0.41,1.58,0.05,3.77,0.1,1.96,0.37,4.638,0.72,-0.1,1.53,0.5475,0.482,0.5,0.3200000000000001,3.45708,-1.16388,0.54
1983-07-01,-0.13,0.97,-0.35,3.24,-1.0,0.63,0.525,4.557,0.31,1.0,1.3199999999999998,-0.1038,-0.0587,0.0,0.0166666666666668,3.06845,-1.5065,-0.11
1983-08-01,-0.23,0.65,-0.38,2.37,0.2,-0.17,0.345,4.21,-0.08,-0.2,1.03,-0.2594,-0.1893,-0.2,-0.2899999999999998,2.59633,-1.52899,-0.27
1983-09-01,-0.51,0.3,-0.73,1.35,1.4,-0.5,-0.068,3.64,-0.46,-1.4,1.03,-0.5149,-0.3601,-0.6,-0.6066666666666666,1.69175,-1.63948,-0.52
1983-10-01,-1.08,-0.68,-0.86,0.86,0.7,-0.53,-0.288,2.955,-0.81,-0.7,0.1799999999999999,-1.1478,-0.9198,-0.9,-0.8766666666666666,0.99037,-1.69192,-1.16
1983-11-01,-1.04,-0.83,-0.89,0.4,-0.2,-0.47,-0.343,2.301,-1.0,0.2,0.06,-1.2847,-1.0314,-1.1,-0.9633333333333332,0.48506,-1.64967,-1.29
1983-12-01,-0.77,-0.72,-0.63,0.06,0.0,-0.5,-0.101,1.739,-0.91,-0.0,-0.0899999999999999,-1.0268,-0.8278,-1.0,-0.8666666666666666,0.22991,-1.26045,-1.03
1984-01-01,-0.79,-0.67,-0.72,-0.45,0.3,-0.55,-0.223,1.335,-0.6,-0.3,0.0499999999999999,-0.6743,-0.488,-0.6,-0.6766666666666664,0.00723,-0.99411,-0.67
1984-02-01,-0.47,0.0,-0.83,-0.59,1.4,-0.56,-0.149,1.111,-0.42,-1.4,0.83,-0.195,-0.0148,-0.5,-0.6199999999999998,0.00262,-0.62176,-0.19
1984-03-01,-0.6,-0.3,-0.7,-0.43,-0.4,-0.17,-0.122,0.766,-0.34,0.4,0.3999999999999999,-0.5193,-0.3509,-0.5,-0.5766666666666665,0.1761,-0.90063,-0.52
1984-04-01,-0.66,-0.38,-0.79,-0.12,0.6,0.06,0.05,0.514,-0.43,-0.6,0.41,-0.6813,-0.4316,-0.6,-0.6499999999999998,0.28691,-1.22411,-0.68
1984-05-01,-0.69,-0.87,-0.71,-1.18,0.3,-0.46,-0.304,0.336,-0.51,-0.3,-0.16,-0.7378,-0.3865,-0.6,-0.7233333333333332,-0.54762,-0.87434,-0.73
1984-06-01,-0.82,-1.11,-0.71,-0.88,-0.6,-0.69,-0.356,0.139,-0.45,0.6,-0.4000000000000001,-0.9046,-0.5078,-0.5,-0.6833333333333331,-0.67638,-0.86374,-0.9
1984-07-01,-0.54,-0.65,-0.52,-0.5,0.3,-0.35,-0.366,-0.236,-0.3,-0.3,-0.13,-0.5122,-0.1516,-0.3,-0.6066666666666666,-0.42194,-0.70888,-0.5
1984-08-01,-0.46,-0.4,-0.6,-0.71,0.7,-0.19,-0.497,-0.186,-0.16,-0.7,0.1999999999999999,-0.2531,0.0856,-0.2,-0.4699999999999999,-0.01123,-0.86701,-0.24
1984-09-01,-0.41,-0.45,-0.36,-0.37,0.2,-0.14,-0.608,0.165,-0.24,-0.2,-0.09,-0.3429,-0.1447,-0.3,-0.5366666666666665,0.09563,-0.75831,-0.34
1984-10-01,-0.74,-0.78,-0.64,-0.51,-0.5,-0.19,-0.654,0.594,-0.56,0.5,-0.14,-0.6796,-0.3365,-0.6,-0.7066666666666666,-0.2193,-0.98724,-0.67
1984-11-01,-0.97,-0.89,-0.77,-0.18,0.4,-0.58,-0.418,0.62,-0.92,-0.4,-0.12,-1.1854,-0.8113,-0.9,-0.9733333333333332,-0.11721,-1.46428,-1.19
1984-12-01,-1.21,-1.12,-0.98,-0.32,-0.2,-0.29,-0.278,0.72,-1.14,0.2,-0.1400000000000001,-1.342,-0.8976,-0.9,-0.9933333333333332,-0.40584,-1.52943,-1.34
1985-01-01,-0.8,-1.08,-0.52,-0.79,-0.5,-0.26,-0.467,0.783,-1.04,0.5,-0.56,-1.1604,-0.7392,-0.8,-0.9466666666666664,-0.81888,-0.994,-1.16
1985-02-01,-0.83,-1.03,-0.7,-1.18,2.0,-0.58,-0.627,0.443,-0.85,-2.0,-0.33,-0.7278,-0.3675,-0.7,-0.8366666666666666,-0.8138,-0.78272,-0.72
1985-03-01,-0.88,-0.81,-0.92,-0.74,1.3,-0.6,-0.541,-0.017,-0.77,-1.3,0.1099999999999999,-0.792,-0.3397,-0.7,-0.9066666666666666,-0.31296,-1.31169,-0.79
1985-04-01,-1.01,-0.99,-0.9,-1.35,1.9,-0.77,-0.2,-0.175,-0.78,-1.9,-0.0899999999999999,-1.1739,-0.6646,-0.8,-0.9233333333333332,-0.56455,-1.45575,-1.18
1985-05-01,-0.88,-1.02,-0.78,-1.57,0.7,-1.23,-0.223,-0.404,-0.78,-0.7,-0.24,-1.0283,-0.5343,-0.8,-0.9133333333333332,-0.94936,-1.03548,-1.03
1985-06-01,-0.85,-0.89,-0.82,-0.96,-0.6,-0.67,-0.629,-0.81,-0.63,0.6,-0.07,-0.9179,-0.4294,-0.5,-0.7399999999999999,-0.75115,-0.98789,-0.91
1985-07-01,-0.49,-0.9,-0.41,-1.26,-0.2,-0.1,-0.404,-1.019,-0.49,0.2,-0.49,-0.7444,-0.3328,-0.3,-0.5999999999999999,-1.07277,-0.62493,-0.74
1985-08-01,-0.46,-0.76,-0.36,-1.08,1.6,-0.49,-0.459,-1.081,-0.46,-1.6,-0.4,-0.563,-0.1366,-0.2,-0.4733333333333331,-0.92578,-0.52987,-0.56
1985-09-01,-0.47,-0.8,-0.25,-1.0,0.0,-0.56,-0.238,-1.14,-0.4,-0.0,-0.55,-0.7025,-0.3245,-0.2,-0.4433333333333332,-0.94503,-0.446,-0.7
1985-10-01,-0.4,-0.73,-0.31,-0.95,-0.6,-0.08,-0.498,-1.053,-0.35,0.6,-0.42,-0.4908,-0.0977,-0.2,-0.3866666666666665,-0.91861,-0.32134,-0.49
1985-11-01,-0.29,-0.58,-0.18,-0.66,-0.3,-0.06,0.074,-0.798,-0.27,0.3,-0.3999999999999999,-0.3781,-0.0341,-0.1,-0.3133333333333332,-0.85112,-0.28999,-0.37
1985-12-01,-0.25,-0.7,-0.13,-0.4,0.4,-0.42,-0.417,-0.515,-0.36,-0.4,-0.57,-0.4101,-0.1036,-0.2,-0.3466666666666665,-0.77258,-0.28401,-0.41
1986-01-01,-0.5,-0.72,-0.24,-0.21,1.6,-0.4,-0.113,-0.477,-0.49,-1.6,-0.48,-0.6603,-0.2867,-0.3,-0.3566666666666665,-0.64466,-0.37535,-0.66
1986-02-01,-0.32,-0.24,-0.14,0.01,-1.7,-0.34,-0.135,-0.409,-0.47,1.7,-0.0999999999999999,-0.6995,-0.4278,-0.3,-0.3733333333333332,-0.36537,-0.39497,-0.71
1986-03-01,-0.3,-0.21,-0.21,-0.6,0.8,-0.39,-0.2,-0.43,-0.31,-0.8,0.0,-0.4139,-0.0748,-0.2,-0.3033333333333332,-0.61899,-0.11309,-0.42
1986-04-01,-0.29,-0.19,-0.32,-0.7,0.5,-0.53,-0.286,-0.816,-0.2,-0.5,0.13,-0.3327,0.0211,-0.1,-0.2699999999999998,-0.53119,-0.3031,-0.33
1986-05-01,-0.22,-0.48,-0.09,-0.92,-0.4,-0.26,-0.154,-1.099,-0.12,0.4,-0.39,-0.5283,-0.2046,-0.1,-0.1899999999999998,-0.98768,-0.21819,-0.53
1986-06-01,-0.06,-0.37,0.04,-0.82,1.6,0.02,-0.279,-1.197,-0.04,-1.6,-0.41,-0.3049,-0.0283,0.0,-0.0499999999999998,-0.83726,0.01259,-0.31
1986-07-01,0.13,-0.0,0.17,-0.36,0.5,0.41,-0.546,-1.454,0.22,-0.5,-0.17,-0.1159,0.1243,0.3,0.1333333333333335,-0.40246,0.07881,-0.11
1986-08-01,0.33,0.09,0.24,-0.03,-0.6,0.97,-0.401,-1.556,0.44,0.6,-0.15,0.3122,0.5799,0.6,0.3233333333333335,-0.10522,0.26419,0.32
1986-09-01,0.51,0.27,0.38,0.05,-0.8,1.29,-0.142,-1.402,0.71,0.8,-0.1099999999999999,0.5215,0.7626,0.8,0.4533333333333334,0.16155,0.41032,0.53
1986-10-01,0.52,0.32,0.34,0.0,1.1,0.56,-0.048,-1.248,0.94,-1.1,-0.02,0.7965,0.9402,1.0,0.6800000000000002,0.31541,0.49012,0.81
1986-11-01,1.01,0.79,0.76,0.16,-2.0,0.64,-0.243,-1.098,1.14,2.0,0.03,1.0006,1.1213,1.2,0.8233333333333336,0.5751,0.6686,1.01
1986-12-01,0.94,0.91,0.52,0.37,-2.4,1.06,-0.274,-0.733,1.22,2.4,0.39,1.1122,1.2535,1.4,0.9300000000000002,0.91555,0.50947,1.12
1987-01-01,0.84,0.93,0.49,0.84,-1.1,1.03,-0.081,-0.569,1.23,1.1,0.44,1.1233,1.2353,1.5,0.8933333333333335,1.05928,0.46945,1.14
1987-02-01,0.9,0.96,0.67,0.77,-2.1,1.16,0.041,-0.174,1.19,2.1,0.2899999999999999,1.1251,1.2376,1.4,0.8700000000000001,0.99049,0.70149,1.13
1987-03-01,0.87,0.94,0.63,1.17,-2.1,1.57,-0.138,-0.01,1.06,2.1,0.3099999999999999,0.9765,0.9746,1.1,0.7866666666666667,1.15387,0.50841,0.98
1987-04-01,0.59,0.89,0.4,1.22,-2.3,1.75,-0.157,-0.12,0.95,2.3,0.49,0.5732,0.6395,0.9,0.6966666666666668,1.322,-0.19003,0.58
1987-05-01,0.63,0.92,0.44,1.34,-2.1,1.97,0.165,-0.199,0.97,2.1,0.48,0.6218,0.5522,0.8,0.6866666666666669,1.34398,-0.02427,0.62
1987-06-01,0.84,0.89,0.59,0.91,-1.8,2.07,0.109,-0.286,1.22,1.8,0.3,0.9126,0.8553,0.9,0.8166666666666668,0.99388,0.44264,0.92
1987-07-01,0.98,1.06,0.59,0.91,-2.2,1.88,0.206,-0.594,1.51,2.2,0.4700000000000001,1.2847,1.176,1.1,0.9566666666666668,1.28457,0.59287,1.29
1987-08-01,1.05,1.22,0.63,0.78,-1.5,1.46,0.297,-0.736,1.7,1.5,0.59,1.5567,1.3782,1.3,1.07,1.3626,0.79181,1.57
1987-09-01,1.18,1.54,0.66,0.99,-1.7,1.26,0.392,-0.788,1.65,1.7,0.88,1.6397,1.4214,1.3,1.126666666666667,1.49624,1.07813,1.65
1987-10-01,1.15,1.12,0.89,1.12,-0.6,1.18,0.254,-0.821,1.48,0.6,0.2300000000000001,1.2342,0.9761,1.2,1.1366666666666667,1.22604,0.92095,1.24
1987-11-01,1.08,1.04,0.95,0.86,-0.0,0.91,-0.051,-0.91,1.25,0.0,0.09,1.0684,0.7763,1.0,1.0400000000000005,0.87557,1.01696,1.07
1987-12-01,0.89,0.91,0.82,0.48,-0.8,0.79,0.152,-0.976,1.11,0.8,0.09,0.9409,0.7719,0.8,0.9033333333333334,0.77514,0.9182,0.94
1988-01-01,0.74,0.53,0.68,0.08,-0.2,0.63,0.353,-1.223,0.81,0.2,-0.15,0.8984,0.7087,0.5,0.5933333333333335,0.1719,1.07999,0.9
1988-02-01,0.15,-0.1,0.27,-0.39,-0.6,0.33,-0.154,-1.148,0.54,0.6,-0.37,0.2724,0.0807,0.1,0.3300000000000001,-0.47605,0.82651,0.28
1988-03-01,0.1,-0.07,0.18,-0.94,1.1,0.17,-0.313,-1.086,0.14,-1.1,-0.25,0.0924,-0.0675,-0.4,-0.0666666666666665,-0.62023,0.55226,0.1
1988-04-01,-0.45,-0.62,-0.36,-0.85,0.2,-0.01,-0.128,-1.134,-0.31,-0.2,-0.26,-0.4457,-0.4676,-0.9,-0.4799999999999998,-0.71999,-0.12947,-0.44
1988-05-01,-1.09,-1.48,-0.71,-1.08,1.5,-0.39,-0.513,-1.066,-0.88,-1.5,-0.77,-1.2521,-1.1537,-1.5,-0.9633333333333332,-1.33138,-0.48957,-1.25
1988-06-01,-1.35,-1.9,-0.83,-1.38,0.1,-1.18,-0.272,-0.921,-1.3,-0.1,-1.0699999999999998,-1.7397,-1.5499,-1.7,-1.24,-1.85478,-0.87033,-1.74
1988-07-01,-1.28,-1.61,-0.87,-1.08,1.7,-1.77,-0.15,-0.856,-1.3,-1.7,-0.7400000000000001,-1.7377,-1.5377,-1.6,-1.2433333333333334,-1.73393,-1.07392,-1.74
1988-08-01,-1.1,-1.51,-0.7,-1.52,2.5,-1.81,-0.289,-0.49,-1.11,-2.5,-0.81,-1.1921,-1.0289,-1.4,-1.1333333333333333,-1.38015,-0.87547,-1.19
1988-09-01,-1.02,-1.1,-0.91,-1.33,3.0,-1.81,-0.394,0.341,-1.19,-3.0,-0.19,-1.0017,-0.8103,-1.4,-1.28,-0.82059,-1.13962,-1.0
1988-10-01,-1.72,-1.53,-1.54,-1.21,2.3,-1.6,-0.525,0.939,-1.48,-2.3,0.01,-1.8942,-1.5907,-1.7,-1.543333333333333,-0.6651,-2.16446,-1.9
1988-11-01,-1.89,-1.84,-1.53,-0.83,2.8,-1.71,-0.184,1.711,-1.8,-2.8,-0.31,-2.0474,-1.6416,-1.9,-1.7866666666666664,-0.51967,-2.36187,-2.05
1988-12-01,-1.75,-1.57,-1.52,-0.87,2.0,-1.55,0.156,2.441,-1.85,-2.0,-0.05,-1.9627,-1.514,-1.9,-1.8166666666666664,-0.38726,-2.45427,-1.96
1989-01-01,-1.81,-1.29,-1.67,-0.31,2.5,-1.12,-0.281,2.535,-1.69,-2.5,0.3799999999999999,-1.9624,-1.5302,-1.6,-1.64,-0.03945,-2.60208,-1.97
1989-02-01,-1.36,-0.91,-1.33,-0.03,2.0,-1.1,-0.045,2.291,-1.43,-2.0,0.42,-1.4725,-1.0582,-1.4,-1.4266666666666667,0.27349,-2.3198,-1.47
1989-03-01,-1.11,-0.81,-1.13,-0.23,1.8,-1.24,-0.319,1.817,-1.08,-1.8,0.3199999999999998,-1.2099,-0.7743,-1.1,-1.17,-0.19957,-1.72781,-1.21
1989-04-01,-1.04,-0.83,-0.96,-0.08,2.7,-1.09,-0.48,1.242,-0.83,-2.7,0.13,-1.0745,-0.6619,-0.9,-0.9566666666666668,-0.0803,-1.50705,-1.08
1989-05-01,-0.72,-0.76,-0.68,-0.97,2.0,-1.03,-0.594,0.594,-0.58,-2.0,-0.0799999999999999,-0.8703,-0.4597,-0.6,-0.7766666666666665,-0.65224,-0.91343,-0.88
1989-06-01,-0.57,-0.26,-0.83,-0.78,1.2,-1.0,-0.78,0.233,-0.4,-1.2,0.57,-0.5864,-0.2208,-0.4,-0.6033333333333332,-0.13628,-0.95527,-0.59
1989-07-01,-0.52,-0.34,-0.64,-0.61,1.5,-1.08,-0.447,-0.139,-0.31,-1.5,0.3,-0.5788,-0.3507,-0.4,-0.6066666666666666,-0.25017,-0.92572,-0.57
1989-08-01,-0.73,-0.49,-0.73,-0.3,-0.5,-0.66,-0.321,-0.082,-0.27,0.5,0.24,-0.5333,-0.3115,-0.4,-0.5433333333333333,0.01505,-1.05163,-0.53
1989-09-01,-0.38,-0.38,-0.41,-0.61,0.8,-0.53,-0.224,-0.134,-0.24,-0.8,0.0299999999999999,-0.3049,-0.1104,-0.3,-0.4866666666666666,-0.26414,-0.59845,-0.3
1989-10-01,-0.35,-0.32,-0.35,-0.6,1.3,-0.49,-0.412,-0.264,-0.22,-1.3,0.0299999999999999,-0.4033,-0.1891,-0.2,-0.3933333333333332,-0.31521,-0.55431,-0.4
1989-11-01,-0.45,-0.48,-0.48,-0.33,-0.4,-0.36,-0.338,-0.481,-0.16,0.4,0.0,-0.4544,-0.2312,-0.1,-0.2433333333333332,-0.22024,-0.61101,-0.45
1989-12-01,0.07,-0.23,0.09,-0.65,-0.9,-0.07,-0.167,-0.586,-0.05,0.9,-0.32,-0.1377,0.0749,0.1,-0.1299999999999999,-0.4871,-0.02585,-0.13
1990-01-01,-0.01,-0.36,0.15,-0.59,-0.1,0.13,-0.099,-0.95,0.14,0.1,-0.51,0.0106,0.2519,0.3,0.1366666666666667,-0.61837,0.34702,0.01
1990-02-01,0.35,0.19,0.37,-0.24,-3.0,0.45,-0.289,-1.169,0.21,3.0,-0.18,0.2111,0.2652,0.3,0.1533333333333334,-0.26871,0.51488,0.21
1990-03-01,0.12,-0.27,0.32,-0.59,-0.7,0.61,-0.143,-1.237,0.28,0.7,-0.5900000000000001,0.0431,0.1771,0.3,0.2466666666666667,-0.6796,0.4891,0.04
1990-04-01,0.27,0.12,0.34,-0.68,0.3,0.17,-0.385,-1.228,0.29,-0.3,-0.22,0.0775,0.1802,0.3,0.18,-0.44836,0.31477,0.08
1990-05-01,0.15,0.24,0.11,-0.24,2.0,0.08,-0.349,-1.502,0.29,-2.0,0.13,0.0817,0.2182,0.2,0.1466666666666667,-0.03884,0.05851,0.08
1990-06-01,0.02,0.01,0.1,-0.22,0.5,0.04,-0.568,-1.601,0.31,-0.5,-0.09,-0.0842,0.09,0.2,0.1466666666666667,-0.22257,0.06445,-0.08
1990-07-01,0.27,0.1,0.25,-0.69,0.9,0.13,-0.246,-1.7,0.33,-0.9,-0.15,0.0879,0.2383,0.2,0.17,-0.43411,0.33124,0.09
1990-08-01,0.22,0.08,0.34,-0.56,-0.3,0.02,-0.391,-1.934,0.38,0.3,-0.26,0.2175,0.3607,0.3,0.2366666666666667,-0.32137,0.44875,0.22
1990-09-01,0.22,0.01,0.26,-0.55,-1.2,0.23,-0.183,-2.083,0.39,1.2,-0.25,0.219,0.3667,0.3,0.25,-0.39455,0.54992,0.22
1990-10-01,0.31,-0.07,0.44,-0.89,0.4,-0.06,-0.345,-1.968,0.35,-0.4,-0.51,0.2153,0.2905,0.3,0.25,-0.85281,0.85254,0.21
1990-11-01,0.22,-0.08,0.38,-0.53,-0.8,0.12,-0.095,-1.851,0.4,0.8,-0.46,0.1062,0.2203,0.3,0.3000000000000001,-0.85581,0.84125,0.1
1990-12-01,0.37,-0.05,0.5,-0.64,-0.4,0.31,0.003,-1.754,0.41,0.4,-0.55,0.3558,0.4488,0.4,0.39,-0.7747,1.03752,0.35
1991-01-01,0.58,0.1,0.67,-0.57,1.0,0.19,0.065,-1.537,0.41,-1.0,-0.5700000000000001,0.4857,0.5583,0.6,0.4533333333333333,-0.71266,1.15892,0.49
1991-02-01,0.41,-0.04,0.63,-0.35,0.4,0.09,-0.097,-1.643,0.26,-0.4,-0.67,0.3141,0.4465,0.5,0.4100000000000001,-0.69782,0.97009,0.32
1991-03-01,0.24,0.02,0.39,-0.16,-1.1,0.21,-0.037,-1.554,0.22,1.1,-0.37,0.0353,0.193,0.4,0.3666666666666667,-0.55515,0.64776,0.03
1991-04-01,0.45,0.11,0.57,-0.17,-1.0,0.2,0.288,-1.553,0.26,1.0,-0.4599999999999999,0.1893,0.2863,0.4,0.3800000000000001,-0.55929,0.7028,0.19
1991-05-01,0.45,0.35,0.54,0.3,-1.7,0.36,0.379,-1.503,0.45,1.7,-0.19,0.2678,0.3299,0.6,0.4966666666666667,-0.31405,0.81472,0.26
1991-06-01,0.59,0.81,0.43,0.47,-0.2,0.97,0.263,-1.624,0.64,0.2,0.38,0.5195,0.5455,0.7,0.58,0.34539,0.64168,0.52
1991-07-01,0.7,0.88,0.55,0.72,0.0,0.91,0.269,-1.418,0.73,-0.0,0.3299999999999999,0.7578,0.7712,0.9,0.6733333333333333,0.57122,0.67928,0.76
1991-08-01,0.73,0.63,0.56,0.18,-0.7,0.37,0.058,-1.391,0.64,0.7,0.0699999999999999,0.671,0.7471,0.8,0.6166666666666667,0.17373,0.75075,0.68
1991-09-01,0.42,0.32,0.34,0.37,-2.5,0.53,0.099,-1.237,0.62,2.5,-0.02,0.4187,0.5359,1.0,0.68,0.30019,0.48682,0.42
1991-10-01,0.89,0.68,0.71,0.48,-1.7,0.97,-0.031,-1.258,0.79,1.7,-0.0299999999999999,0.8573,1.0173,1.2,0.79,0.32825,0.96052,0.86
1991-11-01,1.06,0.98,0.82,0.48,-1.1,1.04,0.04,-1.114,1.21,1.1,0.16,1.1886,1.3421,1.7,1.0733333333333337,0.58432,1.03325,1.2
1991-12-01,1.27,1.15,0.87,0.52,-2.9,1.23,0.084,-1.093,1.53,2.9,0.2799999999999999,1.6739,1.7889,2.0,1.2233333333333334,0.80712,1.16626,1.69
1992-01-01,1.34,1.4,0.66,0.44,-4.7,1.68,-0.321,-1.002,1.71,4.7,0.7399999999999999,1.8174,1.9236,2.1,1.3100000000000005,0.94593,1.07371,1.84
1992-02-01,1.32,1.04,0.97,0.52,-1.5,1.59,-0.388,-0.732,1.63,1.5,0.07,1.7613,1.8304,2.1,1.2833333333333334,0.67213,1.36406,1.78
1992-03-01,1.19,1.1,0.84,0.94,-3.3,1.72,-0.671,-0.381,1.48,3.3,0.2600000000000001,1.3656,1.4841,1.9,1.2266666666666668,0.96021,0.91116,1.38
1992-04-01,1.17,1.24,0.8,1.69,-1.7,1.98,-0.553,-0.294,1.29,1.7,0.4399999999999999,1.189,1.2796,1.8,1.11,1.54817,0.42622,1.2
1992-05-01,0.97,1.25,0.59,1.91,0.4,1.68,-0.549,-0.392,1.06,-0.4,0.66,1.0322,1.0813,1.4,0.9033333333333332,1.64606,0.27461,1.04
1992-06-01,0.57,0.66,0.31,0.86,-1.0,1.51,-0.861,-0.48,0.73,1.0,0.35,0.5719,0.6782,0.9,0.6366666666666667,0.60538,0.45973,0.58
1992-07-01,0.37,-0.01,0.42,-0.09,-1.0,0.61,-0.479,-0.912,0.37,1.0,-0.43,0.2195,0.3794,0.5,0.3433333333333334,-0.35979,0.67396,0.22
1992-08-01,0.09,-0.21,0.19,-0.22,0.6,-0.02,-0.768,-1.192,0.09,-0.6,-0.4,0.0511,0.2809,0.3,0.1433333333333334,-0.29049,0.39645,0.05
1992-09-01,-0.03,-0.26,0.03,-0.12,0.1,0.4,-0.833,-1.226,-0.13,-0.1,-0.29,-0.0636,0.1512,0.1,-0.0366666666666666,-0.20317,0.2702,-0.06
1992-10-01,-0.17,-0.24,-0.0,0.09,-2.3,0.67,-0.627,-1.098,-0.25,2.3,-0.24,-0.2993,-0.0394,0.1,-0.0866666666666666,-0.40897,0.14816,-0.3
1992-11-01,-0.06,-0.17,-0.0,-0.05,-1.1,0.62,-0.4,-1.054,-0.28,1.1,-0.17,-0.2835,0.0564,0.1,-0.0766666666666665,-0.41168,0.1696,-0.28
1992-12-01,-0.0,-0.32,0.08,-0.09,-0.9,0.73,-0.316,-0.831,-0.13,0.9,-0.4,-0.154,0.1755,0.4,0.0966666666666667,-0.37602,0.19674,-0.15
1993-01-01,0.35,-0.02,0.37,-0.03,-1.5,0.79,-0.196,-0.746,0.09,1.5,-0.39,0.1434,0.3911,0.6,0.26,-0.21919,0.57039,0.14
1993-02-01,0.43,0.35,0.35,0.36,-1.2,0.9,0.035,-0.63,0.3,1.2,0.0,0.4079,0.6311,0.7,0.38,0.44087,0.38364,0.41
1993-03-01,0.36,0.31,0.21,0.49,-0.8,0.77,-0.295,-0.404,0.5,0.8,0.1,0.3832,0.5769,0.9,0.4733333333333334,0.58279,0.15464,0.39
1993-04-01,0.63,0.87,0.37,1.08,-1.9,0.99,-0.181,-0.273,0.67,1.9,0.5,0.5851,0.7247,1.1,0.6166666666666668,1.18166,0.00662,0.59
1993-05-01,0.86,1.29,0.4,1.15,-0.6,1.48,-0.027,-0.383,0.7,0.6,0.89,0.773,0.8519,1.0,0.6266666666666668,1.35759,0.13193,0.78
1993-06-01,0.39,0.43,0.26,0.9,-1.4,1.52,-0.108,-0.529,0.57,1.4,0.1699999999999999,0.3509,0.4568,0.8,0.4833333333333334,0.88671,-0.01685,0.35
1993-07-01,0.2,0.09,0.14,0.4,-1.3,0.9,-0.152,-0.784,0.32,1.3,-0.05,0.221,0.4116,0.5,0.2833333333333334,0.51138,0.05176,0.23
1993-08-01,0.26,0.08,0.25,0.35,-1.6,0.6,-0.306,-0.935,0.25,1.6,-0.1699999999999999,0.1284,0.3783,0.5,0.2633333333333335,0.36605,0.11657,0.13
1993-09-01,0.33,0.11,0.31,0.13,-1.2,0.61,-0.17,-1.137,0.15,1.2,-0.2,0.3504,0.5306,0.5,0.2700000000000001,0.20921,0.39102,0.35
1993-10-01,0.22,0.12,0.2,0.35,-1.8,0.96,-0.156,-1.135,0.1,1.8,-0.08,0.057,0.2599,0.5,0.2800000000000001,0.48114,0.00766,0.06
1993-11-01,0.29,0.22,0.2,0.13,-0.1,0.71,-0.149,-1.046,0.04,0.1,0.0199999999999999,0.0054,0.1213,0.4,0.2833333333333334,0.13113,0.11936,0.0
1993-12-01,0.34,0.19,0.29,-0.17,0.3,0.27,-0.206,-0.826,0.06,-0.3,-0.0999999999999999,0.1586,0.2995,0.4,0.2833333333333335,-0.10858,0.43542,0.16
1994-01-01,0.22,0.13,0.22,0.03,-0.2,-0.01,0.025,-1.097,0.06,0.2,-0.09,0.0947,0.2567,0.3,0.1566666666666668,-0.03837,0.37588,0.1
1994-02-01,-0.09,-0.19,-0.08,-0.33,0.4,-0.21,-0.146,-1.277,0.07,-0.4,-0.11,0.0533,0.2373,0.2,0.0866666666666667,-0.36202,0.25601,0.06
1994-03-01,0.13,-0.29,0.19,-0.83,-1.1,-0.22,0.202,-1.463,0.17,1.1,-0.48,0.0973,0.2893,0.2,0.0833333333333334,-0.90509,0.53647,0.11
1994-04-01,0.21,-0.22,0.17,-1.03,-2.1,0.02,0.351,-1.8,0.31,2.1,-0.39,0.2516,0.4351,0.3,0.1966666666666667,-1.09296,0.69974,0.26
1994-05-01,0.25,-0.14,0.23,-1.0,-1.1,-0.02,0.544,-2.347,0.42,1.1,-0.37,0.3006,0.485,0.4,0.26,-0.71386,0.63283,0.31
1994-06-01,0.32,-0.07,0.33,-0.62,-0.7,0.26,0.433,-2.666,0.41,0.7,-0.4,0.3091,0.5448,0.4,0.3166666666666668,-0.67348,0.64835,0.32
1994-07-01,0.38,-0.4,0.64,-0.8,-2.2,0.96,0.557,-2.618,0.44,2.2,-1.04,0.2418,0.5252,0.5,0.4033333333333335,-1.01877,0.92543,0.24
1994-08-01,0.51,-0.28,0.68,-1.01,-2.0,0.88,0.811,-2.445,0.43,2.0,-0.96,0.5223,0.798,0.6,0.4233333333333335,-1.17995,1.19945,0.53
1994-09-01,0.38,-0.06,0.46,-0.17,-2.6,1.1,0.529,-2.277,0.55,2.6,-0.52,0.4725,0.7498,0.8,0.5566666666666668,-0.46013,0.84843,0.48
1994-10-01,0.78,0.52,0.73,0.48,-1.9,1.52,0.707,-1.857,0.74,1.9,-0.2099999999999999,0.7525,0.8364,1.0,0.7100000000000001,0.34999,0.85497,0.75
1994-11-01,0.97,0.84,0.8,0.49,-0.9,1.01,0.287,-1.313,1.01,0.9,0.0399999999999999,1.1078,1.1445,1.2,0.9433333333333336,0.542,1.00629,1.11
1994-12-01,1.08,0.83,0.92,0.63,-2.0,0.92,0.263,-1.182,1.09,2.0,-0.09,1.2493,1.3,1.3,0.9633333333333334,0.49184,1.1131,1.25
1995-01-01,0.84,0.63,0.78,0.66,-0.7,0.83,0.139,-1.499,0.96,0.7,-0.15,1.0171,1.0447,1.2,0.9066666666666668,0.47433,0.94609,1.02
1995-02-01,0.8,0.48,0.79,0.22,-0.2,0.54,0.164,-1.744,0.72,0.2,-0.31,0.73,0.703,0.9,0.7200000000000002,-0.15727,1.06052,0.73
1995-03-01,0.52,-0.05,0.74,-0.43,1.2,0.18,-0.05,-2.076,0.53,-1.2,-0.79,0.4616,0.4884,0.6,0.5466666666666669,-0.82635,1.1925,0.46
1995-04-01,0.32,-0.33,0.51,-1.01,-1.1,0.14,-0.221,-2.374,0.3,1.1,-0.8400000000000001,0.28,0.3323,0.2,0.3200000000000001,-1.44601,1.17803,0.28
1995-05-01,0.12,-0.62,0.45,-1.02,-0.6,0.14,-0.251,-2.405,0.14,0.6,-1.07,-0.1104,-0.0153,-0.1,0.1533333333333335,-1.50538,0.84393,-0.11
1995-06-01,0.02,-0.41,0.22,-0.71,0.2,0.02,-0.078,-2.145,-0.03,-0.2,-0.63,-0.1414,-0.1146,-0.2,0.0366666666666668,-1.02372,0.50987,-0.14
1995-07-01,-0.03,-0.32,0.1,-0.69,0.7,-0.28,-0.169,-1.806,-0.24,-0.7,-0.42,-0.2123,-0.1752,-0.4,-0.1666666666666665,-0.72779,0.18964,-0.21
1995-08-01,-0.49,-0.87,-0.14,-0.64,0.5,-0.71,-0.144,-1.333,-0.54,-0.5,-0.73,-0.627,-0.5091,-0.6,-0.3833333333333331,-0.92915,-0.19165,-0.63
1995-09-01,-0.63,-0.95,-0.29,-0.44,0.4,-0.94,-0.18,-0.849,-0.81,-0.4,-0.6599999999999999,-0.8374,-0.6629,-0.8,-0.6233333333333332,-0.79396,-0.4988,-0.84
1995-10-01,-0.75,-0.84,-0.49,-0.68,0.0,-0.74,-0.367,-0.595,-0.97,-0.0,-0.35,-0.8742,-0.6694,-0.9,-0.7533333333333333,-0.74644,-0.64299,-0.88
1995-11-01,-0.88,-0.97,-0.61,-0.5,0.1,-0.77,-0.295,-0.335,-1.0,-0.1,-0.36,-1.0994,-0.9204,-1.0,-0.7999999999999998,-0.60157,-0.89421,-1.1
1995-12-01,-0.77,-0.95,-0.46,-0.92,-0.8,-0.9,0.09,-0.059,-0.98,0.8,-0.4899999999999999,-0.9414,-0.7279,-1.0,-0.7766666666666665,-0.9216,-0.63756,-0.95
1996-01-01,-0.68,-0.75,-0.49,-0.64,1.6,-0.85,-0.021,0.021,-0.9,-1.6,-0.26,-0.8548,-0.6357,-0.9,-0.6999999999999998,-0.74412,-0.61376,-0.86
1996-02-01,-0.65,-0.57,-0.47,-0.33,0.4,-0.8,-0.033,-0.294,-0.75,-0.4,-0.0999999999999999,-0.8599,-0.7139,-0.7,-0.6099999999999999,-0.50564,-0.68559,-0.86
1996-03-01,-0.5,-0.37,-0.37,-0.21,1.9,-0.66,-0.085,-0.398,-0.59,-1.9,0.0,-0.6083,-0.4569,-0.6,-0.4866666666666665,-0.28973,-0.57182,-0.61
1996-04-01,-0.31,-0.54,-0.35,-1.51,1.3,-0.76,-0.369,-0.779,-0.39,-1.3,-0.19,-0.4674,-0.2487,-0.4,-0.3533333333333332,-1.17916,-0.26283,-0.47
1996-05-01,-0.25,-0.6,-0.18,-0.9,0.5,-0.85,-0.266,-1.188,-0.31,-0.5,-0.42,-0.3842,-0.1568,-0.2,-0.2733333333333332,-0.96988,-0.33308,-0.38
1996-06-01,-0.26,-0.49,-0.23,-1.27,1.9,-0.91,-0.395,-1.344,-0.3,-1.9,-0.26,-0.438,-0.2545,-0.2,-0.2733333333333331,-1.08602,-0.28617,-0.44
1996-07-01,-0.31,-0.35,-0.32,-0.55,1.1,-0.83,-0.644,-1.233,-0.27,-1.1,-0.0299999999999999,-0.4408,-0.2662,-0.2,-0.2566666666666665,-0.74289,-0.46239,-0.44
1996-08-01,-0.2,-0.24,-0.12,-0.15,1.2,-0.64,-0.681,-1.266,-0.32,-1.2,-0.12,-0.2202,-0.0476,-0.2,-0.2799999999999998,-0.58439,-0.29569,-0.22
1996-09-01,-0.33,-0.35,-0.19,-0.1,1.0,-0.32,-0.712,-1.073,-0.35,-1.0,-0.1599999999999999,-0.4479,-0.287,-0.2,-0.2666666666666665,-0.51878,-0.38146,-0.45
1996-10-01,-0.27,-0.34,-0.2,-0.19,1.0,-0.37,-1.109,-1.019,-0.4,-1.0,-0.14,-0.4453,-0.2166,-0.2,-0.2633333333333332,-0.67129,-0.31223,-0.44
1996-11-01,-0.19,-0.43,-0.08,-0.44,-0.1,-0.34,-0.797,-1.1,-0.45,0.1,-0.35,-0.4134,-0.1635,-0.3,-0.2833333333333332,-0.94315,-0.09166,-0.41
1996-12-01,-0.39,-0.82,-0.09,-0.64,1.5,-0.47,-0.413,-0.97,-0.49,-1.5,-0.73,-0.6451,-0.3538,-0.3,-0.2766666666666665,-1.38674,-0.10276,-0.64
1997-01-01,-0.25,-0.67,0.06,-0.28,0.8,-0.65,-0.11,-0.68,-0.5,-0.8,-0.73,-0.5311,-0.2072,-0.2,-0.2399999999999998,-1.30183,0.16929,-0.53
1997-02-01,-0.08,-0.45,0.23,0.01,2.9,-0.71,0.079,-0.464,-0.36,-2.9,-0.68,-0.3737,-0.0472,0.0,-0.0933333333333332,-0.95601,0.22468,-0.37
1997-03-01,0.05,-0.16,0.32,0.5,-0.7,-0.3,0.043,0.051,-0.1,0.7,-0.48,-0.2465,0.0233,0.2,0.1366666666666668,-0.25615,0.14585,-0.25
1997-04-01,0.44,0.03,0.68,0.99,-1.0,0.15,0.054,0.742,0.28,1.0,-0.65,0.1599,0.3956,0.5,0.4033333333333335,-0.10639,0.51073,0.16
1997-05-01,0.72,0.92,0.57,2.11,-2.2,0.71,0.026,1.314,0.75,2.2,0.3500000000000001,0.6392,0.7608,0.8,0.6900000000000001,1.07574,0.3185,0.64
1997-06-01,0.91,1.57,0.56,2.96,-2.3,2.34,0.081,1.83,1.22,2.3,1.01,1.0851,1.0687,1.2,0.9466666666666668,2.3878,-0.16668,1.09
1997-07-01,1.21,2.16,0.65,3.46,-1.2,2.27,0.447,2.386,1.6,1.2,1.5100000000000002,1.5528,1.4737,1.5,1.1733333333333331,3.08266,-0.00112,1.56
1997-08-01,1.4,2.6,0.67,3.64,-2.4,2.27,0.633,2.785,1.9,2.4,1.93,1.8848,1.7707,1.8,1.413333333333333,3.73859,0.03728,1.89
1997-09-01,1.63,2.78,0.85,3.46,-2.4,2.2,0.771,2.961,2.14,2.4,1.9299999999999995,2.1236,1.9022,2.1,1.5733333333333337,3.8994,0.26054,2.13
1997-10-01,1.69,3.0,0.73,3.28,-2.4,2.06,0.874,3.262,2.33,2.4,2.27,2.3532,1.9968,2.2,1.7233333333333334,3.98288,0.29758,2.36
1997-11-01,1.85,3.24,0.89,3.51,-2.0,2.14,1.279,3.195,2.4,2.0,2.35,2.4041,1.9977,2.3,1.7733333333333334,4.26895,0.31654,2.41
1997-12-01,1.78,3.21,0.83,3.7,-1.6,2.11,0.863,3.08,2.39,1.6,2.38,2.2833,1.7855,2.3,1.8133333333333337,4.38007,0.08422,2.29
1998-01-01,1.81,2.9,0.9,2.92,-4.4,2.29,0.525,2.942,2.24,4.4,2.0,2.3726,1.9218,2.1,1.706666666666667,3.93267,0.38556,2.38
1998-02-01,1.53,2.32,0.76,2.09,-3.4,2.45,0.422,2.958,1.93,3.4,1.5599999999999998,2.0221,1.4985,1.8,1.4666666666666668,3.17631,0.42687,2.03
1998-03-01,1.06,1.86,0.42,2.37,-4.0,2.28,-0.055,2.815,1.44,4.0,1.4400000000000002,1.333,0.9046,1.2,1.0466666666666669,2.92387,-0.07453,1.34
1998-04-01,0.55,1.39,0.19,2.64,-2.4,2.61,0.047,2.788,0.99,2.4,1.2,0.7862,0.4894,0.8,0.7333333333333335,2.94026,-0.70917,0.78
1998-05-01,0.59,1.45,0.15,3.06,0.4,2.32,0.14,2.745,0.45,-0.4,1.3,0.5798,0.347,0.1,0.2333333333333334,2.93494,-0.99155,0.57
1998-06-01,-0.44,0.05,-0.37,2.09,1.6,0.41,0.147,2.636,-0.13,-1.6,0.42,-0.3797,-0.5463,-0.5,-0.1266666666666665,2.33252,-1.68547,-0.39
1998-07-01,-0.53,-0.0,-0.38,1.08,2.0,-1.54,-0.385,2.193,-0.78,-2.0,0.38,-0.9774,-1.0692,-1.0,-0.5699999999999998,1.35472,-1.73825,-0.99
1998-08-01,-0.74,-0.19,-0.77,0.71,1.9,-1.82,-0.58,1.922,-1.12,-1.9,0.5800000000000001,-1.2692,-1.3395,-1.1,-0.7466666666666666,1.13786,-2.02109,-1.28
1998-09-01,-0.97,-0.74,-0.83,0.02,1.7,-1.4,-0.496,1.789,-1.31,-1.7,0.0899999999999999,-1.2503,-1.1673,-1.2,-0.9566666666666664,0.49181,-1.87496,-1.26
1998-10-01,-1.16,-0.76,-1.11,0.45,1.8,-1.29,-0.743,1.904,-1.35,-1.8,0.3500000000000001,-1.4597,-1.3056,-1.3,-1.0699999999999996,0.67697,-2.29427,-1.46
1998-11-01,-1.08,-0.57,-1.16,-0.39,1.7,-1.34,-0.653,2.073,-1.48,-1.7,0.59,-1.4585,-1.2818,-1.5,-1.2299999999999998,0.60573,-2.21809,-1.46
1998-12-01,-1.45,-1.2,-1.27,-0.07,2.3,-1.29,-0.336,2.508,-1.57,-2.3,0.07,-1.682,-1.3989,-1.6,-1.403333333333333,0.3904,-2.33702,-1.69
1999-01-01,-1.68,-1.22,-1.6,-0.53,3.0,-1.28,-0.13,2.577,-1.55,-3.0,0.3800000000000001,-1.6838,-1.325,-1.6,-1.4699999999999998,0.18742,-2.4451,-1.69
1999-02-01,-1.28,-0.72,-1.35,-0.09,1.6,-1.2,-0.038,2.338,-1.3,-1.6,0.6300000000000001,-1.3213,-0.9797,-1.3,-1.2866666666666664,0.44174,-2.34545,-1.32
1999-03-01,-0.9,-0.38,-0.97,0.1,2.1,-1.15,0.102,2.029,-1.07,-2.1,0.59,-0.9537,-0.6954,-1.0,-0.9633333333333332,0.75166,-2.11343,-0.95
1999-04-01,-0.71,-0.72,-0.75,-1.15,2.3,-1.17,-0.001,1.512,-0.98,-2.3,0.03,-1.1149,-0.7713,-0.9,-0.7966666666666665,-0.12305,-1.69748,-1.11
1999-05-01,-0.78,-0.54,-0.77,-0.65,0.4,-1.34,-0.186,0.883,-1.02,-0.4,0.2299999999999999,-1.1418,-0.7657,-0.8,-0.7499999999999999,-0.08435,-1.58205,-1.15
1999-06-01,-0.76,-0.69,-0.7,-0.99,0.4,-1.26,-0.146,0.539,-1.04,-0.4,0.01,-1.1877,-0.779,-0.8,-0.8099999999999999,-0.18878,-1.54799,-1.19
1999-07-01,-0.89,-0.49,-0.93,-0.32,0.9,-1.17,0.111,0.313,-1.1,-0.9,0.44,-1.1655,-0.8626,-0.8,-0.8899999999999998,0.12685,-1.71449,-1.17
1999-08-01,-1.02,-0.77,-0.94,-0.32,0.6,-1.03,0.023,0.2,-1.11,-0.6,0.1699999999999999,-1.2181,-0.8743,-0.9,-0.9266666666666666,0.14933,-1.76847,-1.22
1999-09-01,-0.87,-1.0,-0.76,-0.85,-0.1,-1.15,-0.049,0.269,-1.16,0.1,-0.24,-1.088,-0.7523,-0.9,-0.9466666666666664,-0.61502,-1.34495,-1.09
1999-10-01,-0.95,-1.09,-0.8,-0.34,1.6,-1.33,-0.189,0.484,-1.26,-1.6,-0.29,-1.2374,-0.8351,-1.1,-1.0499999999999998,-0.75561,-1.44907,-1.23
1999-11-01,-1.33,-1.46,-1.09,-1.18,1.7,-1.33,-0.116,0.682,-1.46,-1.7,-0.3699999999999999,-1.5794,-1.1738,-1.3,-1.2366666666666664,-0.70304,-1.81779,-1.58
1999-12-01,-1.43,-1.4,-1.18,-0.37,2.4,-1.43,-0.148,1.276,-1.65,-2.4,-0.2199999999999999,-1.735,-1.3769,-1.6,-1.39,-0.47524,-2.09549,-1.74
2000-01-01,-1.41,-1.41,-1.16,-0.45,1.1,-1.25,-0.125,1.57,-1.66,-1.1,-0.25,-1.7609,-1.4082,-1.5,-1.3666666666666665,-0.68839,-1.97683,-1.77
2000-02-01,-1.26,-0.92,-1.19,-0.37,2.7,-1.26,-0.009,2.016,-1.41,-2.7,0.2699999999999999,-1.5393,-1.2409,-1.3,-1.2466666666666666,-0.1253,-2.10005,-1.55
2000-03-01,-1.07,-0.52,-1.16,-0.28,2.2,-1.37,0.141,2.037,-1.07,-2.2,0.6399999999999999,-0.9852,-0.676,-1.1,-1.0466666666666666,0.44548,-2.01999,-0.98
2000-04-01,-0.81,-0.17,-1.01,-0.01,2.0,-0.9,0.141,1.683,-0.81,-2.0,0.84,-0.8631,-0.5665,-0.9,-0.9066666666666666,0.97217,-2.12256,-0.87
2000-05-01,-0.84,-0.3,-0.96,-0.15,0.6,-0.94,0.113,1.131,-0.71,-0.6,0.6599999999999999,-0.8589,-0.5061,-0.7,-0.7333333333333333,0.58162,-1.86006,-0.86
2000-06-01,-0.55,-0.51,-0.51,-0.4,-0.3,-1.18,-0.022,0.648,-0.64,0.3,0.0,-0.7811,-0.3615,-0.5,-0.6433333333333332,-0.00814,-1.3402,-0.79
2000-07-01,-0.54,-0.61,-0.47,-0.62,-0.3,-0.61,0.077,0.012,-0.55,0.3,-0.14,-0.667,-0.337,-0.3,-0.4799999999999999,-0.16609,-1.02706,-0.67
2000-08-01,-0.35,-0.36,-0.34,-0.89,1.2,-0.08,0.131,-0.251,-0.51,-1.2,-0.0199999999999999,-0.4892,-0.2575,-0.3,-0.4066666666666665,-0.31075,-0.82245,-0.49
2000-09-01,-0.33,-0.29,-0.24,0.01,1.4,-0.36,-0.096,-0.224,-0.55,-1.4,-0.0499999999999999,-0.515,-0.3656,-0.4,-0.4133333333333331,-0.09257,-0.75578,-0.52
2000-10-01,-0.56,-0.42,-0.46,-0.46,1.8,-0.52,-0.142,0.036,-0.63,-1.8,0.04,-0.6958,-0.5131,-0.5,-0.4999999999999998,-0.09066,-0.98636,-0.7
2000-11-01,-0.61,-0.82,-0.44,-1.05,3.0,-0.86,-0.306,0.269,-0.75,-3.0,-0.3799999999999999,-0.7869,-0.5666,-0.8,-0.6866666666666665,-0.53401,-0.92415,-0.79
2000-12-01,-0.89,-0.79,-0.74,-0.91,1.3,-0.79,-0.248,0.618,-0.74,-1.3,-0.05,-0.9144,-0.6245,-0.8,-0.7466666666666665,-0.20885,-1.24427,-0.92
2001-01-01,-0.74,-0.56,-0.69,-0.43,1.6,-0.84,-0.431,0.921,-0.68,-1.6,0.1299999999999999,-0.7302,-0.4956,-0.8,-0.7766666666666665,0.0359,-1.2067,-0.73
2001-02-01,-0.7,-0.55,-0.64,-0.43,2.8,-0.86,-0.016,1.144,-0.52,-2.8,0.0899999999999999,-0.6296,-0.419,-0.6,-0.6099999999999998,0.20385,-1.17729,-0.63
2001-03-01,-0.39,0.12,-0.5,0.34,1.5,-0.78,-0.01,0.812,-0.44,-1.5,0.62,-0.479,-0.3715,-0.5,-0.4499999999999998,0.62745,-1.2088,-0.48
2001-04-01,-0.26,-0.12,-0.23,0.32,0.3,-0.55,0.136,0.329,-0.34,-0.3,0.11,-0.4881,-0.3943,-0.4,-0.2633333333333331,0.52571,-1.13831,-0.49
2001-05-01,-0.14,-0.19,-0.11,-0.88,-0.8,-0.52,0.137,-0.35,-0.25,0.8,-0.08,-0.3314,-0.2461,-0.3,-0.1333333333333331,-0.03637,-0.61986,-0.34
2001-06-01,0.0,0.03,0.02,-0.86,0.5,-0.73,0.127,-1.087,-0.12,-0.5,0.0099999999999999,-0.191,-0.1162,-0.1,-0.0033333333333331,-0.4438,-0.17571,-0.19
2001-07-01,0.13,-0.11,0.29,-0.79,-0.3,0.03,-0.14,-1.91,-0.08,0.3,-0.3999999999999999,-0.0421,0.0535,0.0,0.0666666666666668,-0.49016,0.14714,-0.04
2001-08-01,0.07,-0.22,0.29,-0.88,-0.7,0.38,-0.301,-2.232,-0.13,0.7,-0.51,-0.0538,0.0376,0.0,0.0533333333333335,-0.59572,0.28608,-0.05
2001-09-01,-0.04,-0.59,0.38,-1.21,0.3,-0.06,-0.223,-2.239,-0.19,-0.3,-0.97,-0.2007,-0.1037,0.0,0.0533333333333335,-1.1384,0.47659,-0.2
2001-10-01,0.13,-0.34,0.4,-1.02,-0.1,-0.23,-0.451,-2.123,-0.29,0.1,-0.74,-0.1446,-0.061,-0.2,-0.0066666666666664,-1.05917,0.45,-0.14
2001-11-01,-0.11,-0.59,0.27,-0.63,1.1,-0.28,-0.245,-2.084,-0.35,-1.1,-0.86,-0.367,-0.2606,-0.3,-0.0833333333333331,-1.11549,0.22616,-0.37
2001-12-01,-0.27,-0.59,0.08,-0.69,-1.4,0.06,-0.051,-1.637,-0.31,1.4,-0.6699999999999999,-0.4064,-0.2987,-0.3,-0.1233333333333331,-0.99198,0.1253,-0.41
2002-01-01,0.01,-0.47,0.34,-0.59,0.7,0.09,-0.142,-1.186,-0.15,-0.7,-0.81,-0.1511,-0.0899,-0.2,-0.0366666666666664,-1.00997,0.49162,-0.15
2002-02-01,0.15,-0.27,0.39,-0.04,1.8,-0.26,-0.098,-0.929,0.03,-1.8,-0.66,-0.0419,0.0362,0.0,0.1266666666666668,-0.56008,0.43151,-0.04
2002-03-01,0.22,0.17,0.35,0.76,-0.4,-0.2,0.008,-0.803,0.09,0.4,-0.1799999999999999,0.006,-0.0171,0.0,0.2166666666666668,0.23653,0.0698,0.01
2002-04-01,0.28,-0.03,0.57,0.41,-0.1,-0.36,-0.352,-0.918,0.2,0.1,-0.6,0.0227,-0.011,0.1,0.3000000000000002,-0.03769,0.23714,0.02
2002-05-01,0.4,0.21,0.6,0.37,-1.4,-0.14,-0.329,-1.28,0.43,1.4,-0.39,0.3072,0.2596,0.2,0.4433333333333335,-0.07328,0.60904,0.31
2002-06-01,0.65,0.59,0.67,0.17,-0.4,0.34,-0.189,-1.757,0.65,0.4,-0.08,0.7123,0.615,0.4,0.5700000000000002,0.09744,0.80735,0.72
2002-07-01,0.66,0.26,0.73,-0.34,-0.8,0.43,-0.261,-2.067,0.79,0.8,-0.47,0.7356,0.7398,0.6,0.6600000000000001,-0.25823,0.91499,0.74
2002-08-01,0.67,0.4,0.65,0.12,-1.6,1.01,-0.208,-2.169,0.86,1.6,-0.25,0.8635,0.9237,0.8,0.7133333333333335,-0.12743,0.93587,0.87
2002-09-01,0.81,0.61,0.76,0.09,-1.0,0.88,0.286,-1.903,1.01,1.0,-0.15,1.0866,1.1003,1.0,0.8033333333333336,0.37267,0.85092,1.09
2002-10-01,0.93,0.72,0.75,0.2,-0.6,0.84,0.405,-1.552,1.21,0.6,-0.03,1.2382,1.1529,1.2,0.98,0.59014,0.85709,1.25
2002-11-01,1.2,1.2,0.9,0.77,-0.7,0.84,0.096,-1.383,1.31,0.7,0.2999999999999999,1.4572,1.3167,1.3,1.126666666666667,0.86764,1.038,1.47
2002-12-01,1.25,1.27,0.89,0.77,-1.8,0.91,-0.158,-1.289,1.14,1.8,0.38,1.3662,1.1346,1.1,1.01,0.80691,1.06335,1.37
2003-01-01,0.58,0.38,0.51,-0.39,-0.3,0.82,-0.239,-1.484,0.92,0.3,-0.13,0.6024,0.449,0.9,0.8366666666666669,0.15769,0.84459,0.6
2003-02-01,0.68,0.32,0.75,-0.0,-1.1,0.63,0.017,-1.7,0.63,1.1,-0.43,0.6379,0.4629,0.5,0.6000000000000002,-0.26844,1.09686,0.64
2003-03-01,0.54,0.11,0.7,-0.07,-0.5,0.53,-0.039,-1.983,0.38,0.5,-0.59,0.3617,0.2292,0.2,0.4800000000000002,-0.43684,0.99819,0.36
2003-04-01,0.22,-0.23,0.46,-0.35,-0.2,-0.11,-0.099,-2.153,-0.04,0.2,-0.6900000000000001,-0.1403,-0.1761,-0.2,0.1666666666666668,-0.96567,0.61833,-0.14
2003-05-01,-0.26,-0.7,0.03,-0.92,-0.5,-0.61,-0.164,-2.241,-0.26,0.5,-0.73,-0.6116,-0.5623,-0.3,0.0266666666666668,-1.55203,0.31217,-0.61
2003-06-01,0.12,-0.29,0.28,-0.9,-1.0,-0.1,0.139,-1.986,-0.16,1.0,-0.5700000000000001,-0.2869,-0.2377,-0.2,0.0400000000000002,-1.18436,0.42007,-0.29
2003-07-01,0.26,0.14,0.31,-0.71,0.5,0.01,0.131,-1.917,0.08,-0.5,-0.1699999999999999,0.2029,0.1462,0.0,0.2266666666666668,-0.56194,0.5276,0.21
2003-08-01,0.3,0.28,0.36,0.17,0.2,0.05,0.108,-1.769,0.21,-0.2,-0.0799999999999999,0.2521,0.1267,0.1,0.2566666666666669,-0.0164,0.34791,0.26
2003-09-01,0.21,-0.08,0.37,-0.66,-0.2,0.18,-0.06,-1.499,0.26,0.2,-0.45,0.2652,0.1339,0.2,0.3333333333333335,-0.30743,0.53726,0.27
2003-10-01,0.49,0.49,0.52,0.03,0.0,0.28,-0.243,-1.169,0.29,-0.0,-0.03,0.4207,0.222,0.2,0.3800000000000001,0.0927,0.55355,0.42
2003-11-01,0.44,0.43,0.54,0.41,-0.5,0.3,-0.159,-1.168,0.35,0.5,-0.11,0.3375,0.2116,0.3,0.4533333333333336,0.37035,0.4439,0.33
2003-12-01,0.43,0.71,0.48,0.48,1.8,0.14,0.189,-0.94,0.35,-1.8,0.2299999999999999,0.4363,0.3614,0.2,0.4333333333333335,0.30579,0.49039,0.43
2004-01-01,0.43,0.41,0.54,0.22,-2.2,0.19,0.044,-0.809,0.37,2.2,-0.13,0.2743,0.1577,0.2,0.4066666666666669,-0.03937,0.58541,0.27
2004-02-01,0.36,0.24,0.5,0.13,2.0,-0.04,0.114,-0.86,0.31,-2.0,-0.26,0.234,0.0968,0.1,0.2866666666666669,-0.11196,0.51873,0.23
2004-03-01,0.07,0.06,0.15,-0.68,0.7,-0.43,0.077,-1.21,0.23,-0.7,-0.09,0.1169,0.0984,0.1,0.2233333333333335,-0.36139,0.28586,0.12
2004-04-01,0.24,0.09,0.33,-0.45,-1.5,-0.23,-0.079,-1.466,0.17,1.5,-0.24,0.065,0.066,0.1,0.1666666666666668,-0.40843,0.24707,0.07
2004-05-01,0.19,-0.41,0.31,-1.08,1.7,-0.46,-0.565,-1.85,0.17,-1.7,-0.72,0.0518,0.2157,0.2,0.2333333333333335,-1.22852,0.60696,0.06
2004-06-01,0.27,-0.1,0.33,-0.58,-1.4,-0.38,-0.384,-2.169,0.28,1.4,-0.43,0.1229,0.3135,0.4,0.3433333333333335,-0.89398,0.60714,0.13
2004-07-01,0.57,0.15,0.59,-0.65,-0.8,0.46,-0.301,-2.41,0.47,0.8,-0.4399999999999999,0.4744,0.5779,0.5,0.4966666666666668,-0.73936,0.82388,0.49
2004-08-01,0.65,0.19,0.6,-0.28,-0.5,0.76,-0.133,-2.342,0.64,0.5,-0.41,0.7471,0.7939,0.7,0.6300000000000002,-0.65213,1.12642,0.76
2004-09-01,0.67,0.3,0.72,0.12,-0.6,0.58,-0.106,-2.137,0.7,0.6,-0.42,0.8037,0.734,0.7,0.6866666666666669,-0.34569,1.18185,0.81
2004-10-01,0.74,0.42,0.8,0.16,-0.1,0.4,-0.004,-1.832,0.67,0.1,-0.38,0.7207,0.6452,0.7,0.7466666666666669,-0.07408,1.06594,0.73
2004-11-01,0.83,0.73,0.87,0.43,-1.1,0.56,-0.153,-1.708,0.66,1.1,-0.14,0.6561,0.5441,0.7,0.7966666666666669,0.23338,0.90071,0.66
2004-12-01,0.82,0.63,0.87,0.05,-1.3,0.48,-0.132,-1.606,0.69,1.3,-0.24,0.7402,0.5997,0.7,0.806666666666667,0.12996,1.06812,0.74
2005-01-01,0.77,0.41,0.89,0.04,0.6,0.09,-0.124,-1.816,0.64,-0.6,-0.48,0.6573,0.4969,0.5,0.6900000000000001,-0.45196,1.32012,0.66
2005-02-01,0.48,-0.16,0.67,-0.79,-5.2,0.61,-0.56,-1.851,0.58,5.2,-0.8300000000000001,0.357,0.2439,0.4,0.6000000000000002,-0.99322,1.12919,0.36
2005-03-01,0.55,-0.02,0.63,-0.97,0.5,0.83,-0.433,-1.721,0.45,-0.5,-0.65,0.4433,0.2771,0.3,0.4766666666666668,-1.08063,1.20268,0.45
2005-04-01,0.4,0.13,0.47,-0.29,-1.0,0.14,0.084,-1.641,0.43,1.0,-0.3399999999999999,0.2588,0.1869,0.3,0.4266666666666669,-0.54303,0.70973,0.26
2005-05-01,0.33,0.24,0.36,-0.25,-1.3,0.19,-0.033,-1.458,0.29,1.3,-0.12,0.3025,0.2343,0.2,0.3333333333333335,-0.23041,0.43725,0.3
2005-06-01,0.27,0.17,0.35,-0.31,0.7,0.21,-0.176,-1.143,0.11,-0.7,-0.1799999999999999,0.0445,0.0427,0.1,0.1933333333333335,-0.31971,0.28202,0.04
2005-07-01,-0.02,0.11,0.06,-0.11,0.3,-0.0,-0.384,-1.22,-0.06,-0.3,0.05,-0.2277,-0.2198,-0.1,0.1066666666666669,0.07917,-0.2319,-0.23
2005-08-01,0.07,0.13,0.17,-0.39,-0.6,0.02,-0.345,-1.501,-0.14,0.6,-0.04,-0.0524,-0.0727,-0.1,0.0333333333333335,0.01831,-0.05355,-0.05
2005-09-01,0.05,-0.14,0.21,-0.42,0.6,-0.02,-0.534,-1.618,-0.11,-0.6,-0.35,-0.0348,0.0013,0.0,0.0733333333333335,-0.45293,0.18053,-0.04
2005-10-01,0.1,-0.29,0.27,-1.09,2.0,-0.66,-0.436,-1.609,-0.29,-2.0,-0.56,-0.0667,0.0131,-0.2,-0.0366666666666664,-0.98609,0.32915,-0.06
2005-11-01,-0.26,-0.96,0.08,-1.36,-0.3,-0.7,-0.272,-1.324,-0.57,0.3,-1.04,-0.594,-0.4536,-0.5,-0.2699999999999998,-1.59238,0.07732,-0.59
2005-12-01,-0.65,-1.2,-0.18,-0.74,-0.0,-0.7,-0.3,-0.555,-0.84,0.0,-1.02,-0.9228,-0.7929,-0.8,-0.5333333333333331,-1.33536,-0.34084,-0.92
2006-01-01,-0.69,-0.71,-0.39,-0.2,2.7,-0.64,-0.135,-0.077,-0.85,-2.7,-0.3199999999999999,-0.9124,-0.8221,-0.9,-0.6566666666666664,-0.46173,-0.80918,-0.91
2006-02-01,-0.63,-0.28,-0.56,0.34,0.2,-0.49,-0.306,0.151,-0.77,-0.2,0.28,-0.6746,-0.6301,-0.9,-0.6466666666666664,0.43232,-1.18122,-0.67
2006-03-01,-0.62,-0.56,-0.47,0.01,2.9,-0.62,-0.226,0.196,-0.57,-2.9,-0.09,-0.7123,-0.6216,-0.7,-0.4633333333333331,-0.02406,-0.93794,-0.71
2006-04-01,-0.14,-0.31,-0.07,-1.31,1.8,-0.84,-0.015,-0.098,-0.37,-1.8,-0.24,-0.3182,-0.236,-0.5,-0.2466666666666664,-0.69405,-0.20267,-0.32
2006-05-01,0.02,-0.02,0.07,-0.27,-0.8,-0.42,-0.208,-0.692,-0.14,0.8,-0.09,-0.0902,-0.0683,-0.2,0.0233333333333335,-0.25888,-0.04141,-0.09
2006-06-01,0.19,0.04,0.29,-0.05,-0.4,-0.17,-0.059,-0.967,-0.03,0.4,-0.2499999999999999,0.0,0.0011,0.0,0.1566666666666668,-0.16894,0.00238,0.0
2006-07-01,0.26,0.05,0.32,0.33,-1.0,0.22,0.04,-0.99,0.1,1.0,-0.27,0.0042,0.0226,0.1,0.3200000000000002,-0.03016,0.13809,0.01
2006-08-01,0.51,0.39,0.53,0.58,-1.7,0.59,0.229,-0.869,0.3,1.7,-0.14,0.3051,0.2762,0.4,0.4766666666666668,0.34364,0.39742,0.31
2006-09-01,0.66,0.73,0.63,0.92,-1.0,0.65,0.428,-0.729,0.54,1.0,0.0999999999999999,0.6009,0.4919,0.6,0.6433333333333335,0.76379,0.55811,0.6
2006-10-01,0.76,0.91,0.67,1.22,-2.1,0.77,0.577,-0.715,0.77,2.1,0.24,0.6992,0.5899,0.7,0.8033333333333336,0.87505,0.69355,0.7
2006-11-01,0.99,1.04,0.87,0.75,0.1,1.0,0.501,-0.626,0.94,-0.1,0.17,0.9916,0.8047,0.9,0.9433333333333336,0.71448,0.99379,0.99
2006-12-01,1.08,1.16,0.92,0.43,-0.5,0.64,0.172,-0.531,0.94,0.5,0.2399999999999998,1.1391,0.9283,0.9,0.9200000000000004,0.71753,1.01266,1.14
2007-01-01,0.69,0.75,0.64,0.35,-1.3,0.64,0.225,-0.783,0.66,1.3,0.1099999999999999,0.7005,0.5293,0.6,0.6800000000000002,0.62177,0.62866,0.7
2007-02-01,0.27,0.02,0.44,-0.04,-0.1,0.4,0.15,-1.016,0.22,0.1,-0.42,0.1313,0.0192,0.2,0.3400000000000001,-0.13685,0.49539,0.13
2007-03-01,0.06,-0.4,0.35,-0.61,0.3,-0.19,0.115,-1.261,-0.12,-0.3,-0.75,-0.177,-0.1354,-0.1,0.1066666666666668,-0.78008,0.46482,-0.18
2007-04-01,-0.01,-0.42,0.23,-0.82,-0.2,-0.32,0.1,-1.697,-0.32,0.2,-0.65,-0.3144,-0.2602,-0.3,-0.0599999999999998,-1.00303,0.30201,-0.32
2007-05-01,-0.23,-0.77,0.08,-1.32,-0.2,-0.41,0.27,-1.95,-0.38,0.2,-0.85,-0.4721,-0.3867,-0.4,-0.0866666666666665,-1.40788,0.19666,-0.47
2007-06-01,-0.02,-0.54,0.17,-1.38,0.9,-0.83,0.031,-2.087,-0.47,-0.9,-0.7100000000000001,-0.3567,-0.3413,-0.4,-0.1633333333333332,-1.23224,0.16109,-0.35
2007-07-01,-0.24,-0.63,0.0,-0.5,-0.5,-0.76,0.045,-2.006,-0.56,0.5,-0.63,-0.5901,-0.5443,-0.5,-0.2633333333333332,-0.99805,-0.13272,-0.59
2007-08-01,-0.53,-1.02,-0.17,-0.87,0.7,-0.91,0.237,-1.763,-0.81,-0.7,-0.85,-0.7228,-0.5982,-0.8,-0.5566666666666665,-1.27806,-0.22256,-0.72
2007-09-01,-0.9,-1.21,-0.52,-0.85,0.3,-1.06,0.235,-1.315,-1.07,-0.3,-0.69,-1.1117,-0.9337,-1.0,-0.8333333333333334,-1.06317,-0.78855,-1.11
2007-10-01,-1.07,-1.28,-0.65,-1.45,1.2,-1.13,0.068,-0.916,-1.34,-1.2,-0.63,-1.3896,-1.1079,-1.3,-1.11,-1.29097,-0.99194,-1.39
2007-11-01,-1.36,-1.66,-0.97,-1.65,1.4,-1.12,-0.023,-0.132,-1.5,-1.4,-0.69,-1.532,-1.141,-1.5,-1.2833333333333332,-1.33119,-1.30674,-1.54
2007-12-01,-1.42,-1.67,-1.04,-1.57,2.7,-1.19,-0.227,0.76,-1.6,-2.7,-0.6299999999999999,-1.5799,-1.1926,-1.6,-1.46,-1.24182,-1.49895,-1.58
2008-01-01,-1.6,-1.56,-1.26,-0.19,2.9,-1.07,0.115,1.509,-1.64,-2.9,-0.3,-1.68,-1.3195,-1.7,-1.553333333333333,-0.35856,-2.22462,-1.68
2008-02-01,-1.64,-1.33,-1.4,0.47,4.4,-1.27,-0.072,2.104,-1.52,-4.4,0.0699999999999998,-1.6651,-1.301,-1.6,-1.4599999999999995,0.27418,-2.52127,-1.67
2008-03-01,-1.14,-0.7,-1.13,0.7,2.4,-1.52,0.097,2.289,-1.29,-2.4,0.4299999999999999,-1.2087,-0.8689,-1.4,-1.2233333333333332,0.55411,-2.16899,-1.21
2008-04-01,-0.89,-0.41,-0.93,0.69,1.1,-1.1,-0.153,2.138,-1.01,-1.1,0.52,-0.9897,-0.6851,-1.0,-0.9266666666666664,0.71943,-1.93591,-0.99
2008-05-01,-0.75,-0.16,-0.84,0.49,-0.1,-0.99,0.179,1.695,-0.84,0.1,0.6799999999999999,-0.8439,-0.5777,-0.8,-0.7299999999999999,0.91203,-1.77546,-0.84
2008-06-01,-0.55,-0.11,-0.63,0.26,1.0,-0.79,0.215,1.329,-0.61,-1.0,0.52,-0.6847,-0.4604,-0.5,-0.4899999999999998,0.90282,-1.56436,-0.68
2008-07-01,-0.17,0.44,-0.41,0.71,0.5,-0.78,0.246,0.942,-0.37,-0.5,0.85,-0.301,-0.166,-0.2,-0.2899999999999998,1.27374,-1.43087,-0.3
2008-08-01,-0.15,0.54,-0.33,1.19,1.7,-1.01,0.124,0.771,-0.23,-1.7,0.8700000000000001,-0.1328,-0.1033,-0.2,-0.2033333333333331,1.64977,-1.39958,-0.13
2008-09-01,-0.29,0.28,-0.46,0.96,2.0,-1.02,0.086,0.687,-0.24,-2.0,0.74,-0.2528,-0.2658,-0.3,-0.2366666666666665,1.28781,-1.29352,-0.25
2008-10-01,-0.27,0.08,-0.36,0.14,2.1,-1.09,0.029,0.745,-0.35,-2.1,0.44,-0.3503,-0.326,-0.4,-0.3166666666666665,0.76984,-1.05001,-0.35
2008-11-01,-0.39,-0.04,-0.48,-0.26,2.2,-0.98,-0.128,0.78,-0.55,-2.2,0.44,-0.4584,-0.386,-0.6,-0.4666666666666665,0.31789,-1.03078,-0.46
2008-12-01,-0.74,-0.53,-0.63,-0.29,2.4,-1.01,-0.053,0.834,-0.73,-2.4,0.0999999999999999,-0.8593,-0.7677,-0.9,-0.6633333333333332,-0.15548,-1.14871,-0.86
2009-01-01,-0.86,-0.45,-0.78,-0.08,1.8,-1.01,0.031,0.655,-0.85,-1.8,0.33,-0.888,-0.7931,-1.0,-0.7499999999999999,0.16071,-1.36901,-0.89
2009-02-01,-0.65,-0.51,-0.5,-0.41,3.1,-0.85,0.163,0.533,-0.79,-3.1,-0.01,-0.7913,-0.6238,-0.9,-0.6966666666666664,-0.16846,-1.10399,-0.79
2009-03-01,-0.58,-0.62,-0.4,-0.67,0.7,-0.95,0.1,0.231,-0.61,-0.7,-0.2199999999999999,-0.6971,-0.6009,-0.7,-0.4599999999999998,-0.52675,-0.73532,-0.69
2009-04-01,-0.15,0.04,-0.07,0.54,1.3,-0.81,0.126,-0.157,-0.33,-1.3,0.11,-0.3507,-0.3151,-0.4,-0.1699999999999998,0.21687,-0.5236,-0.35
2009-05-01,0.22,0.4,0.21,0.22,-0.2,-0.72,0.257,-0.49,0.01,0.2,0.19,0.0566,-0.0288,0.0,0.2033333333333334,0.37132,-0.11072,0.06
2009-06-01,0.54,0.75,0.46,0.69,0.2,-0.05,0.1,-0.589,0.28,-0.2,0.29,0.3132,0.1202,0.2,0.4533333333333334,0.58016,0.19054,0.31
2009-07-01,0.6,0.85,0.44,0.63,0.4,0.56,-0.192,-0.946,0.45,-0.4,0.41,0.4803,0.2455,0.4,0.5833333333333335,0.68303,0.31106,0.48
2009-08-01,0.61,0.72,0.64,0.75,-0.3,0.56,-0.104,-1.282,0.58,0.3,0.0799999999999999,0.5613,0.295,0.4,0.6133333333333334,0.67023,0.53179,0.56
2009-09-01,0.63,0.7,0.65,0.52,0.5,0.42,-0.103,-1.662,0.71,-0.5,0.0499999999999999,0.6813,0.462,0.5,0.7366666666666668,0.38244,0.84181,0.68
2009-10-01,0.97,0.8,1.01,0.49,-2.0,0.56,-0.013,-1.926,1.01,2.0,-0.2099999999999999,0.8873,0.6578,0.9,0.9933333333333336,0.15908,1.32247,0.89
2009-11-01,1.38,1.16,1.25,0.41,-1.0,1.04,-0.067,-2.151,1.36,1.0,-0.09,1.4497,1.213,1.3,1.3133333333333337,0.20798,1.7106,1.46
2009-12-01,1.59,1.43,1.32,0.26,-1.2,0.95,0.16,-2.168,1.56,1.2,0.1099999999999998,1.7316,1.4127,1.5,1.4333333333333336,0.44975,1.82368,1.74
2010-01-01,1.33,1.02,1.2,0.25,-1.8,0.93,0.294,-2.205,1.5,1.8,-0.1799999999999999,1.5116,1.1884,1.4,1.3733333333333335,0.12908,1.79966,1.52
2010-02-01,1.2,0.95,1.04,0.43,-2.4,1.28,0.023,-1.88,1.22,2.4,-0.09,1.2492,0.902,1.1,1.1533333333333335,0.12552,1.43818,1.25
2010-03-01,0.93,0.69,0.84,0.38,-1.1,1.33,0.458,-1.447,0.84,1.1,-0.15,0.8964,0.5461,0.7,0.9066666666666668,-0.09741,1.1918,0.9
2010-04-01,0.59,0.56,0.65,0.38,2.0,0.49,0.37,-0.999,0.35,-2.0,-0.0899999999999999,0.3862,0.0581,0.1,0.5066666666666668,-0.17512,0.78538,0.38
2010-05-01,0.0,-0.05,0.2,0.3,1.5,-0.12,-0.029,-0.795,-0.17,-1.5,-0.25,-0.2151,-0.4633,-0.5,0.0700000000000001,-0.12937,0.00064,-0.22
2010-06-01,-0.38,-0.43,-0.13,0.14,0.6,-1.29,-0.14,-0.326,-0.66,-0.6,-0.3,-0.6851,-0.8211,-1.0,-0.3933333333333332,-0.45772,-0.56312,-0.69
2010-07-01,-0.8,-0.79,-0.59,-0.6,3.0,-2.42,-0.001,-0.075,-1.05,-3.0,-0.2,-1.069,-1.1008,-1.2,-0.7533333333333333,-0.76168,-0.99316,-1.07
2010-08-01,-1.08,-1.0,-0.97,-1.01,3.0,-2.38,-0.061,0.038,-1.35,-3.0,-0.03,-1.3829,-1.3061,-1.4,-1.0733333333333333,-0.62329,-1.58341,-1.39
2010-09-01,-1.34,-1.2,-1.19,-0.97,3.7,-2.26,-0.267,0.229,-1.56,-3.7,-0.01,-1.5912,-1.4314,-1.5,-1.3033333333333332,-0.55988,-1.95556,-1.6
2010-10-01,-1.49,-1.48,-1.33,-1.15,2.9,-2.16,-0.437,0.723,-1.64,-2.9,-0.1499999999999999,-1.6874,-1.4845,-1.6,-1.4066666666666665,-0.6286,-2.18172,-1.69
2010-11-01,-1.39,-1.34,-1.33,-1.12,2.1,-2.01,-0.495,1.11,-1.64,-2.1,-0.01,-1.6413,-1.3847,-1.6,-1.4366666666666663,-0.66535,-2.19387,-1.64
2010-12-01,-1.43,-1.37,-1.3,-0.78,4.8,-1.85,-0.212,1.551,-1.54,-4.8,-0.07,-1.6036,-1.3255,-1.5,-1.4066666666666665,-0.63672,-2.15981,-1.6
2011-01-01,-1.4,-1.16,-1.24,-0.3,3.8,-1.77,0.191,1.584,-1.31,-3.8,0.08,-1.5348,-1.2286,-1.4,-1.2999999999999998,-0.29455,-2.17624,-1.54
2011-02-01,-1.07,-0.68,-0.92,0.05,4.5,-1.59,0.241,1.637,-1.04,-4.5,0.24,-1.1011,-0.8629,-1.2,-1.086666666666667,0.05647,-1.77267,-1.11
2011-03-01,-0.79,-0.62,-0.64,-0.51,4.2,-1.75,0.367,1.555,-0.8,-4.2,0.02,-0.9124,-0.6841,-1.0,-0.8366666666666666,-0.32902,-1.29159,-0.93
2011-04-01,-0.65,-0.24,-0.62,0.23,3.1,-1.69,0.154,1.279,-0.62,-3.1,0.38,-0.755,-0.5172,-0.8,-0.6333333333333332,0.18979,-1.30026,-0.77
2011-05-01,-0.46,-0.24,-0.44,0.47,0.6,-1.24,-0.089,0.919,-0.46,-0.6,0.2,-0.5171,-0.3244,-0.5,-0.4399999999999999,0.17995,-1.02733,-0.52
2011-06-01,-0.21,0.11,-0.3,0.74,0.4,-1.03,0.055,0.824,-0.37,-0.4,0.41,-0.3752,-0.2223,-0.3,-0.2833333333333331,0.37669,-0.94943,-0.38
2011-07-01,-0.18,0.1,-0.3,0.28,1.6,-0.75,0.223,0.441,-0.43,-1.6,0.4,-0.4219,-0.2564,-0.3,-0.3166666666666665,0.27846,-0.92132,-0.43
2011-08-01,-0.56,-0.35,-0.48,-0.13,0.7,-0.81,0.344,0.259,-0.58,-0.7,0.13,-0.6403,-0.4787,-0.4,-0.4766666666666665,0.10979,-1.08629,-0.65
2011-09-01,-0.69,-0.55,-0.67,-0.58,1.7,-1.08,0.202,0.184,-0.79,-1.7,0.12,-0.7945,-0.5663,-0.7,-0.7166666666666665,-0.14648,-1.15963,-0.8
2011-10-01,-0.9,-0.96,-0.75,-0.76,1.2,-1.3,0.356,0.333,-0.96,-1.2,-0.2099999999999999,-1.0453,-0.811,-0.9,-0.8366666666666666,-0.56718,-1.30496,-1.05
2011-11-01,-0.92,-0.99,-0.68,-0.54,1.8,-1.14,0.336,0.579,-1.02,-1.8,-0.3099999999999999,-1.1777,-0.9509,-1.0,-0.9366666666666664,-0.50593,-1.39453,-1.19
2011-12-01,-0.99,-0.71,-0.98,-0.67,4.1,-1.18,-0.128,1.165,-0.92,-4.1,0.27,-1.0562,-0.8141,-1.0,-0.9399999999999998,-0.29946,-1.56638,-1.06
2012-01-01,-0.91,-0.6,-0.97,-0.23,1.8,-1.07,0.046,1.288,-0.72,-1.8,0.37,-0.8676,-0.6516,-0.8,-0.8466666666666666,0.26446,-1.61629,-0.87
2012-02-01,-0.64,-0.13,-0.68,0.45,0.8,-0.68,-0.078,1.455,-0.57,-0.8,0.55,-0.6743,-0.5096,-0.6,-0.693333333333333,0.83503,-1.54432,-0.67
2012-03-01,-0.53,-0.18,-0.57,0.02,1.2,-0.59,0.026,1.36,-0.46,-1.2,0.3899999999999999,-0.6132,-0.3943,-0.5,-0.4866666666666665,0.62779,-1.30263,-0.61
2012-04-01,-0.29,0.09,-0.28,0.96,-0.4,-0.38,-0.271,1.24,-0.36,0.4,0.37,-0.5,-0.4029,-0.4,-0.3433333333333331,0.94499,-1.18631,-0.5
2012-05-01,-0.21,0.05,-0.24,0.82,0.1,-0.32,-0.37,0.887,-0.17,-0.1,0.29,-0.3216,-0.2868,-0.3,-0.1499999999999998,0.8763,-1.00227,-0.32
2012-06-01,0.05,0.51,-0.11,1.07,-0.7,-0.28,0.0,0.517,0.06,0.7,0.62,0.0194,0.073,0.0,0.0233333333333335,1.17601,-0.78473,0.02
2012-07-01,0.23,0.74,-0.01,0.63,-0.1,0.34,0.546,0.02,0.3,0.1,0.75,0.2448,0.2967,0.3,0.2433333333333335,0.95478,-0.49545,0.25
2012-08-01,0.45,0.58,0.3,0.29,-0.3,-0.02,0.652,-0.48,0.41,0.3,0.2799999999999999,0.4605,0.4638,0.4,0.3233333333333335,0.51975,0.04331,0.47
2012-09-01,0.29,0.32,0.24,0.26,0.4,-0.29,0.453,-0.989,0.41,-0.4,0.08,0.3765,0.3323,0.4,0.3333333333333335,0.23622,0.23488,0.38
2012-10-01,0.26,0.03,0.33,-0.23,0.5,-0.19,0.11,-1.28,0.31,-0.5,-0.3,0.2582,0.203,0.2,0.2933333333333335,-0.3521,0.53644,0.26
2012-11-01,0.33,0.2,0.36,-0.61,0.4,-0.03,-0.099,-1.28,0.13,-0.4,-0.1599999999999999,0.1517,0.0448,0.0,0.1933333333333335,-0.4313,0.54695,0.16
2012-12-01,-0.01,-0.25,0.19,-0.9,-1.0,-0.03,0.267,-0.999,-0.1,1.0,-0.44,-0.2581,-0.3862,-0.3,0.0066666666666668,-0.80241,0.24986,-0.25
2013-01-01,-0.3,-0.54,-0.05,-0.36,-0.1,-0.06,-0.065,-0.753,-0.29,0.1,-0.49,-0.5206,-0.555,-0.5,-0.2266666666666665,-0.76897,-0.07673,-0.53
2013-02-01,-0.37,-0.58,-0.11,-0.39,-0.4,-0.08,0.189,-0.794,-0.29,0.4,-0.47,-0.511,-0.5551,-0.6,-0.2999999999999998,-0.50947,-0.27079,-0.52
2013-03-01,-0.23,-0.02,-0.26,-0.35,2.5,-0.13,0.083,-1.008,-0.21,-2.5,0.24,-0.2512,-0.2866,-0.5,-0.2299999999999998,-0.05573,-0.44643,-0.25
2013-04-01,-0.09,-0.22,0.0,-1.1,0.4,-0.35,-0.297,-1.304,-0.19,-0.4,-0.22,-0.2485,-0.2724,-0.4,-0.1899999999999998,-0.55782,-0.13391,-0.25
2013-05-01,-0.25,-0.7,-0.1,-1.21,1.3,-0.68,-0.506,-1.778,-0.27,-1.3,-0.6,-0.4003,-0.3902,-0.5,-0.2066666666666664,-1.22094,0.07801,-0.4
2013-06-01,-0.28,-0.82,-0.13,-1.33,2.0,-1.14,-0.497,-2.053,-0.34,-2.0,-0.69,-0.4301,-0.3345,-0.5,-0.2533333333333331,-1.50853,0.17619,-0.42
2013-07-01,-0.23,-0.45,-0.15,-1.06,1.3,-0.79,-0.181,-2.055,-0.35,-1.3,-0.3,-0.3936,-0.3067,-0.5,-0.2833333333333331,-1.21254,0.04519,-0.39
2013-08-01,-0.34,-0.65,-0.1,-0.63,0.3,-0.45,-0.194,-1.738,-0.28,-0.3,-0.55,-0.3831,-0.3371,-0.4,-0.2233333333333331,-1.0328,0.0115,-0.38
2013-09-01,-0.1,-0.34,0.06,-0.71,0.5,-0.33,-0.31,-1.506,-0.21,-0.5,-0.4,-0.1811,-0.1798,-0.4,-0.1966666666666664,-0.62542,-0.01339,-0.18
2013-10-01,-0.15,-0.29,0.09,-0.53,-0.1,-0.13,-0.168,-1.063,-0.13,0.1,-0.38,-0.2011,-0.1941,-0.2,-0.0433333333333331,-0.52462,0.09363,-0.2
2013-11-01,0.12,-0.05,0.27,-0.38,1.2,-0.16,0.199,-0.541,-0.1,-1.2,-0.32,-0.1419,-0.1672,-0.2,-0.0633333333333331,-0.46614,0.11488,-0.14
2013-12-01,-0.16,-0.05,-0.11,-0.28,0.1,-0.33,0.141,-0.361,-0.15,-0.1,0.06,-0.1627,-0.1812,-0.3,-0.0966666666666665,-0.32352,-0.08986,-0.17
2014-01-01,-0.25,-0.25,-0.05,0.35,2.4,-0.5,-0.101,-0.568,-0.28,-2.4,-0.2,-0.5067,-0.473,-0.4,-0.2133333333333331,-0.27611,-0.31218,-0.49
2014-02-01,-0.23,-0.72,0.2,-0.36,0.1,-0.42,-0.089,-0.565,-0.32,-0.1,-0.92,-0.6267,-0.5562,-0.4,-0.1199999999999998,-1.01133,0.18468,-0.62
2014-03-01,0.12,-0.07,0.36,-0.13,-1.5,-0.05,-0.151,-0.573,-0.14,1.5,-0.43,-0.2848,-0.2541,-0.1,0.1100000000000001,-0.61896,0.40314,-0.28
2014-04-01,0.44,0.28,0.5,0.12,1.3,-0.17,-0.058,-0.748,0.15,-1.3,-0.2199999999999999,0.0774,0.0173,0.1,0.3633333333333335,-0.28193,0.47933,0.08
2014-05-01,0.53,0.53,0.56,1.04,0.9,-0.17,-0.092,-0.531,0.31,-0.9,-0.03,0.3064,0.1195,0.2,0.4600000000000002,0.29764,0.42005,0.32
2014-06-01,0.41,0.73,0.43,1.4,0.3,0.0,-0.028,-0.327,0.23,-0.3,0.3,0.2154,-0.0071,0.0,0.3566666666666668,0.73027,0.13875,0.23
2014-07-01,0.13,0.46,0.15,1.15,-0.3,0.41,-0.363,-0.404,0.1,0.3,0.31,-0.0743,-0.184,-0.1,0.2300000000000001,0.56909,-0.01894,-0.06
2014-08-01,0.15,0.27,0.26,0.85,-1.2,0.23,-0.372,-0.582,0.11,1.2,0.01,-0.037,-0.1653,-0.1,0.1966666666666668,0.39671,0.11082,-0.03
2014-09-01,0.31,0.3,0.34,0.46,-1.2,-0.1,-0.145,-0.819,0.28,1.2,-0.04,0.2771,0.1088,0.1,0.3033333333333335,0.23312,0.43107,0.29
2014-10-01,0.45,0.64,0.4,0.47,-1.0,0.11,0.141,-1.107,0.54,1.0,0.24,0.4301,0.2274,0.4,0.5333333333333335,0.31797,0.61137,0.44
2014-11-01,0.84,0.93,0.74,0.78,-1.5,0.37,0.009,-1.38,0.71,1.5,0.19,0.7416,0.5347,0.5,0.6900000000000001,0.35834,0.92817,0.75
2014-12-01,0.78,0.77,0.73,0.15,-0.9,0.35,0.046,-1.553,0.77,0.9,0.04,0.7057,0.5009,0.6,0.7500000000000001,0.08412,0.98693,0.71
2015-01-01,0.63,0.36,0.72,-0.04,-1.4,0.23,-0.1,-1.723,0.69,1.4,-0.36,0.5128,0.347,0.5,0.6933333333333337,-0.40122,1.19076,0.51
2015-02-01,0.67,0.04,0.88,-0.5,0.4,0.06,-0.345,-1.789,0.61,-0.4,-0.84,0.4329,0.2658,0.5,0.6800000000000003,-0.96388,1.4758,0.42
2015-03-01,0.74,0.2,0.92,-0.03,-1.2,0.15,-0.241,-1.578,0.65,1.2,-0.72,0.4791,0.3187,0.6,0.826666666666667,-0.7509,1.36789,0.47
2015-04-01,1.07,0.87,1.13,1.02,-0.1,0.31,-0.008,-1.221,0.81,0.1,-0.2599999999999999,0.6974,0.4604,0.7,0.9700000000000004,0.07661,1.2373,0.7
2015-05-01,1.1,1.0,1.08,1.66,-1.2,0.95,0.24,-0.703,1.02,1.2,-0.08,0.9181,0.6216,0.9,1.1333333333333335,0.6686,1.07254,0.92
2015-06-01,1.23,1.48,1.09,2.18,-0.9,1.9,0.296,-0.357,1.25,0.9,0.3899999999999999,1.1752,0.8354,1.0,1.2266666666666668,1.41962,0.95014,1.18
2015-07-01,1.35,1.8,1.03,2.26,-1.9,1.79,0.225,-0.031,1.57,1.9,0.77,1.4509,1.0859,1.3,1.356666666666667,1.98542,0.91178,1.46
2015-08-01,1.49,1.87,1.04,1.73,-2.4,1.95,0.568,0.066,1.91,2.4,0.8300000000000001,1.9202,1.5024,1.5,1.5033333333333336,1.80269,1.34996,1.93
2015-09-01,1.67,2.29,1.12,2.12,-2.7,2.24,0.294,-0.062,2.21,2.7,1.17,2.1969,1.6511,1.8,1.6900000000000002,2.36509,1.36041,2.21
2015-10-01,1.91,2.5,1.31,2.21,-2.8,2.15,0.482,-0.166,2.47,2.8,1.19,2.355,1.7562,2.0,1.93,2.40227,1.52272,2.36
2015-11-01,2.21,2.75,1.58,2.3,-0.8,1.93,0.347,-0.244,2.64,0.8,1.17,2.7111,2.0538,2.2,2.0833333333333335,2.31831,1.96206,2.72
2015-12-01,2.13,2.64,1.48,2.08,-0.9,1.93,0.272,-0.506,2.75,0.9,1.16,2.6546,1.9655,2.3,2.1566666666666667,2.39471,1.82566,2.66
2016-01-01,2.13,2.48,1.44,1.56,-3.6,1.93,0.265,-0.807,2.63,3.6,1.04,2.5649,1.7963,2.1,2.0433333333333334,2.09554,1.8101,2.57
2016-02-01,1.87,1.9,1.39,1.18,-3.2,1.8,-0.11,-1.004,2.28,3.2,0.51,2.2478,1.6141,1.8,1.8333333333333333,1.31251,1.83939,2.26
2016-03-01,1.5,1.58,1.2,1.14,-0.1,1.32,-0.008,-1.125,1.71,0.1,0.3800000000000001,1.6208,0.9658,1.3,1.4833333333333336,1.05223,1.49164,1.62
2016-04-01,1.08,0.88,0.96,0.52,-2.0,1.32,0.146,-1.217,1.05,2.0,-0.0799999999999999,0.9066,0.3864,0.7,1.07,0.24897,1.18208,0.91
2016-05-01,0.63,0.2,0.75,0.48,0.7,1.24,-0.113,-1.244,0.49,-0.7,-0.55,0.3133,-0.1018,0.1,0.6933333333333335,-0.07327,0.77639,0.3
2016-06-01,0.37,0.22,0.58,0.98,1.1,0.35,-0.443,-1.086,0.0,-1.1,-0.36,-0.0174,-0.4113,-0.4,0.3366666666666668,-0.05774,0.51612,-0.03
2016-07-01,0.01,-0.31,0.36,0.29,0.7,-0.54,-0.757,-0.774,-0.31,-0.7,-0.6699999999999999,-0.4662,-0.8141,-0.7,0.0933333333333334,-0.47371,0.18259,-0.48
2016-08-01,-0.1,-0.35,0.22,0.34,1.2,-0.26,-0.443,-0.49,-0.5,-1.2,-0.57,-0.5654,-0.8926,-0.8,-0.0999999999999998,-0.34129,-0.10791,-0.58
2016-09-01,-0.21,-0.09,-0.03,0.56,2.0,-0.29,-0.437,-0.232,-0.58,-2.0,-0.06,-0.5621,-0.8125,-0.9,-0.2333333333333331,0.15607,-0.47629,-0.58
2016-10-01,-0.39,-0.38,-0.19,0.33,-0.4,-0.53,-0.371,0.109,-0.64,0.4,-0.19,-0.7298,-0.9547,-1.0,-0.3233333333333332,-0.12942,-0.63096,-0.74
2016-11-01,-0.37,-0.3,-0.19,0.56,-0.2,-0.47,-0.382,0.321,-0.6,0.2,-0.1099999999999999,-0.7496,-0.9466,-1.0,-0.3099999999999999,-0.10737,-0.657,-0.76
2016-12-01,-0.17,-0.28,0.01,0.64,0.5,-0.37,-0.31,0.599,-0.45,-0.5,-0.29,-0.5002,-0.7105,-0.9,-0.2566666666666665,-0.12098,-0.3393,-0.5
2017-01-01,-0.23,-0.04,-0.02,1.07,0.3,-0.42,-0.086,0.904,-0.19,-0.3,-0.02,-0.4184,-0.6961,-0.6,-0.0599999999999998,0.45175,-0.41407,-0.43
2017-02-01,0.22,0.63,0.33,1.44,-0.1,-0.41,0.101,0.862,-0.02,0.1,0.3,-0.0826,-0.3212,-0.4,0.0566666666666668,0.94248,-0.36999,-0.08
2017-03-01,0.18,0.64,0.2,1.73,1.5,-0.58,0.357,0.681,0.18,-1.5,0.44,0.0315,-0.2294,-0.2,0.2500000000000001,0.90547,-0.29176,0.03
2017-04-01,0.35,0.68,0.32,1.07,-0.3,-0.19,0.498,0.324,0.31,0.3,0.36,0.2051,-0.0445,-0.1,0.3100000000000001,0.68927,-0.0135,0.22
2017-05-01,0.4,0.47,0.36,0.81,0.4,0.2,0.536,-0.325,0.4,-0.4,0.1099999999999999,0.3549,0.1001,0.0,0.4000000000000001,0.14285,0.30892,0.37
2017-06-01,0.45,0.2,0.56,0.25,-0.7,-0.23,0.424,-1.122,0.39,0.7,-0.36,0.3337,0.091,0.0,0.4100000000000001,-0.34432,0.55911,0.34
2017-07-01,0.38,0.31,0.47,0.06,1.3,-0.63,0.52,-1.598,0.19,-1.3,-0.1599999999999999,0.2577,-0.0253,-0.2,0.2933333333333335,-0.3487,0.49495,0.25
2017-08-01,0.05,0.06,0.27,-0.02,0.9,-0.72,0.349,-1.87,-0.07,-0.9,-0.21,-0.1521,-0.4437,-0.5,0.0766666666666668,-0.46772,0.16772,-0.16
2017-09-01,-0.2,-0.36,0.09,-0.35,1.0,-0.73,0.035,-1.975,-0.34,-1.0,-0.4499999999999999,-0.4281,-0.6236,-0.6,-0.0899999999999998,-0.89899,0.06222,-0.43
2017-10-01,-0.12,-0.2,0.1,-0.53,1.5,-0.59,0.015,-1.847,-0.6,-1.5,-0.3,-0.5636,-0.6959,-0.8,-0.2533333333333332,-0.84247,-0.18198,-0.56
2017-11-01,-0.44,-0.76,-0.04,-0.62,1.5,-0.62,0.289,-1.663,-0.77,-1.5,-0.72,-0.9585,-1.0678,-1.0,-0.4033333333333331,-1.16959,-0.29799,-0.97
2017-12-01,-0.65,-0.96,-0.27,-0.85,-0.2,-0.74,0.11,-1.203,-0.86,0.2,-0.69,-0.9897,-0.9765,-1.1,-0.5766666666666665,-1.40814,-0.4043,-0.98
2018-01-01,-0.64,-0.98,-0.23,-0.87,1.8,-0.79,-0.2,-1.179,-0.77,-1.8,-0.75,-0.9788,-0.9488,-1.1,-0.5899999999999999,-1.30847,-0.38604,-0.98
2018-02-01,-0.48,-0.69,-0.1,-0.22,-0.8,-0.71,0.216,-1.171,-0.71,0.8,-0.59,-0.78,-0.688,-1.0,-0.5366666666666665,-1.06624,-0.28066,-0.78
2018-03-01,-0.49,-0.75,-0.1,-0.85,2.4,-0.8,-0.12,-1.204,-0.57,-2.4,-0.65,-0.7978,-0.7224,-0.9,-0.3599999999999999,-1.30743,-0.09402,-0.8
2018-04-01,-0.11,-0.32,0.24,-0.37,0.8,-1.32,-0.083,-1.373,-0.39,-0.8,-0.56,-0.5045,-0.4978,-0.7,-0.1399999999999998,-1.09981,0.2315,-0.51
2018-05-01,0.18,-0.07,0.43,0.02,0.6,-0.94,0.122,-1.688,-0.13,-0.6,-0.5,-0.1956,-0.2189,-0.3,0.1266666666666668,-0.85466,0.37981,-0.2
2018-06-01,0.31,0.27,0.43,-0.12,-0.2,-0.51,0.155,-1.809,0.06,0.2,-0.1599999999999999,0.0583,0.0602,0.0,0.2933333333333335,-0.67234,0.53721,0.04
2018-07-01,0.39,0.37,0.44,0.25,0.4,-0.05,0.053,-1.845,0.14,-0.4,-0.07,0.1418,0.0904,0.1,0.3500000000000001,-0.34613,0.44559,0.12
2018-08-01,0.35,0.1,0.6,0.06,-0.5,0.47,0.121,-1.898,0.27,0.5,-0.5,0.1109,0.0141,0.2,0.4133333333333335,-0.60464,0.69978,0.09
2018-09-01,0.5,0.34,0.68,0.41,-1.5,0.62,0.604,-1.715,0.53,1.5,-0.34,0.4859,0.3408,0.4,0.6200000000000001,-0.3082,0.94219,0.47
2018-10-01,1.01,0.8,1.06,0.36,0.6,0.52,0.684,-1.562,0.81,-0.6,-0.26,0.9148,0.6625,0.6,0.8866666666666667,-0.17236,1.37251,0.9
2018-11-01,1.15,1.14,1.08,0.97,-0.1,0.33,0.5,-1.146,0.97,0.1,0.0599999999999998,0.9204,0.6476,0.8,1.086666666666667,0.24032,1.21241,0.9
2018-12-01,1.1,1.03,1.07,1.05,1.7,0.18,0.309,-0.858,0.92,-1.7,-0.04,0.8946,0.6059,0.8,1.0433333333333337,0.37831,1.07426,0.89
2019-01-01,0.88,0.82,0.93,0.84,-0.1,0.09,0.387,-0.896,0.89,0.1,-0.1100000000000001,0.6581,0.4217,0.7,0.9500000000000002,0.26197,0.9168,0.65
2019-02-01,0.87,0.75,0.97,0.89,-2.3,0.5,0.416,-0.875,0.86,2.3,-0.2199999999999999,0.723,0.4786,0.6,0.8900000000000002,0.20509,0.95438,0.71
2019-03-01,0.92,0.77,0.85,0.29,-0.5,0.76,0.225,-0.978,0.84,0.5,-0.0799999999999999,0.8146,0.5642,0.6,0.8700000000000002,0.09255,1.04258,0.81
2019-04-01,0.82,0.67,0.83,0.57,0.2,0.3,0.258,-1.412,0.77,-0.2,-0.1599999999999999,0.6302,0.3469,0.5,0.8566666666666669,0.19505,0.85271,0.62
2019-05-01,0.83,0.65,0.89,0.61,-0.7,0.23,0.54,-1.885,0.64,0.7,-0.24,0.563,0.2914,0.4,0.8166666666666669,0.07785,0.85603,0.55
2019-06-01,0.8,0.43,0.99,0.14,-0.7,0.35,0.605,-1.936,0.52,0.7,-0.56,0.4599,0.1668,0.2,0.7600000000000002,-0.47744,1.07121,0.45
2019-07-01,0.65,0.08,0.93,-0.18,-0.6,0.3,0.597,-2.309,0.33,0.6,-0.8500000000000001,0.36,0.0961,0.0,0.6000000000000002,-1.02207,1.35327,0.35
2019-08-01,0.35,-0.12,0.68,-0.22,-0.2,0.32,0.436,-2.674,0.19,0.2,-0.8,0.053,-0.1566,-0.1,0.3933333333333336,-1.13823,1.19639,0.04
2019-09-01,0.18,-0.25,0.52,-0.34,-1.9,0.16,0.892,-2.594,0.23,1.9,-0.77,0.0457,-0.1365,0.0,0.4366666666666669,-1.02748,1.0859,0.03
2019-10-01,0.78,0.32,0.96,-0.52,-0.6,0.31,0.964,-2.413,0.39,0.6,-0.6399999999999999,0.4957,0.2576,0.2,0.5933333333333336,-0.94857,1.35577,0.48
2019-11-01,0.82,0.55,0.94,0.11,-1.4,0.47,0.835,-2.404,0.58,1.4,-0.3899999999999999,0.5336,0.2123,0.3,0.776666666666667,-0.44747,1.22173,0.52
2019-12-01,0.73,0.4,0.93,0.19,-0.9,0.36,0.243,-2.171,0.66,0.9,-0.53,0.5269,0.1493,0.2,0.7966666666666669,-0.54361,1.24929,0.52
2020-01-01,0.84,0.41,1.08,0.31,0.3,0.24,0.173,-2.005,0.64,-0.3,-0.6700000000000002,0.6064,0.167,0.1,0.746666666666667,-0.64377,1.35918,0.6
2020-02-01,0.67,0.19,1.02,0.29,-0.1,0.26,0.054,-1.88,0.63,0.1,-0.8300000000000001,0.3707,-0.0174,0.1,0.7200000000000003,-0.52451,1.1033,0.37
2020-03-01,0.65,0.33,0.83,0.15,-0.2,0.13,0.019,-1.7,0.53,0.2,-0.4999999999999999,0.4809,0.0557,0.0,0.6600000000000003,-0.55846,1.15044,0.48
2020-04-01,0.66,0.56,0.78,0.55,0.3,-0.15,-0.011,-1.606,0.3,-0.3,-0.2199999999999999,0.3647,-0.0662,-0.3,0.4533333333333336,-0.17546,0.81977,0.36
2020-05-01,0.05,-0.16,0.32,0.21,0.7,-0.23,0.298,-1.79,0.01,-0.7,-0.48,-0.2721,-0.5991,-0.5,0.2200000000000002,-0.46932,0.27271,-0.27
2020-06-01,-0.05,-0.5,0.3,-0.32,-0.6,-0.68,0.455,-1.532,-0.23,0.6,-0.8,-0.3364,-0.605,-0.7,0.0266666666666669,-1.09952,0.40174,-0.34
2020-07-01,0.08,-0.33,0.29,-0.84,0.7,-0.94,0.319,-1.511,-0.36,-0.7,-0.62,-0.2968,-0.5879,-0.8,-0.0866666666666664,-1.21243,0.35144,-0.3
2020-08-01,-0.29,-0.49,-0.02,-0.51,1.8,-0.96,-0.183,-1.37,-0.53,-1.8,-0.47,-0.5851,-0.8263,-0.8,-0.2899999999999997,-0.904,-0.15289,-0.59
2020-09-01,-0.66,-0.93,-0.35,-0.74,1.5,-1.15,-0.189,-1.095,-0.85,-1.5,-0.5800000000000001,-0.8259,-0.9376,-1.2,-0.6166666666666664,-1.14011,-0.4579,-0.83
2020-10-01,-0.9,-0.97,-0.58,-0.55,0.8,-1.17,0.074,-0.479,-1.12,-0.8,-0.39,-1.25,-1.2839,-1.4,-0.8166666666666664,-0.77764,-1.00664,-1.26
2020-11-01,-0.89,-0.98,-0.48,-0.5,1.1,-1.13,0.02,-0.052,-1.2,-1.1,-0.5,-1.4147,-1.3808,-1.5,-0.9366666666666664,-0.73515,-1.19493,-1.42
2020-12-01,-1.02,-0.78,-0.82,-0.65,3.0,-1.14,0.031,0.379,-1.08,-3.0,0.0399999999999999,-1.1495,-1.0798,-1.4,-1.0099999999999998,-0.36975,-1.35502,-1.15
2021-01-01,-1.12,-0.65,-1.1,-0.62,3.2,-1.2,0.051,0.478,-0.91,-3.2,0.45,-0.9989,-0.8591,-1.3,-1.0466666666666666,-0.18553,-1.43992,-1.0
2021-02-01,-1.0,-0.78,-0.84,-0.52,2.5,-0.96,0.243,0.367,-0.79,-2.5,0.0599999999999999,-1.0041,-0.8703,-1.2,-0.9199999999999998,-0.29539,-1.2738,-1.0
2021-03-01,-0.64,-0.54,-0.52,-0.31,0.6,-0.79,0.267,0.083,-0.71,-0.6,-0.02,-0.8007,-0.7016,-1.1,-0.7033333333333331,-0.44242,-0.84476,-0.8
2021-04-01,-0.47,-0.67,-0.22,-0.98,0.6,-0.95,0.25,-0.271,-0.55,-0.6,-0.45,-0.7201,-0.6355,-0.9,-0.4533333333333331,-0.79473,-0.5099,-0.72
2021-05-01,-0.25,-0.5,-0.08,-0.46,0.8,-1.07,0.009,-0.569,-0.39,-0.8,-0.42,-0.4617,-0.4318,-0.7,-0.2499999999999997,-0.75423,-0.22526,-0.46
2021-06-01,-0.03,-0.11,-0.01,-0.05,0.7,-1.05,-0.002,-0.713,-0.3,-0.7,-0.1,-0.2838,-0.3206,-0.6,-0.1533333333333331,-0.35456,-0.1898,-0.28
2021-07-01,-0.18,-0.1,-0.12,0.05,2.3,-1.44,-0.229,-0.636,-0.35,-2.3,0.0199999999999999,-0.3939,-0.5177,-0.6,-0.1899999999999997,-0.14587,-0.37382,-0.39
2021-08-01,-0.36,-0.34,-0.17,-0.14,1.0,-1.29,-0.099,-0.486,-0.45,-1.0,-0.17,-0.5363,-0.6747,-0.8,-0.3433333333333331,-0.38981,-0.34408,-0.53
2021-09-01,-0.49,-0.39,-0.35,-0.29,1.3,-1.37,-0.058,-0.459,-0.63,-1.3,-0.04,-0.5569,-0.6434,-0.9,-0.5299999999999998,-0.30455,-0.60252,-0.55
2021-10-01,-0.74,-0.71,-0.52,-0.61,1.2,-1.46,-0.091,-0.385,-0.76,-1.2,-0.1899999999999999,-0.9451,-0.9866,-1.1,-0.6399999999999998,-0.42483,-0.94558,-0.94
2021-11-01,-0.69,-0.78,-0.49,-0.91,1.6,-1.39,0.069,-0.443,-0.91,-1.6,-0.29,-0.9478,-0.9924,-1.2,-0.7733333333333331,-0.66482,-0.89259,-0.94
2021-12-01,-0.89,-1.15,-0.6,-1.44,2.5,-1.2,-0.12,-0.545,-0.87,-2.5,-0.5499999999999999,-1.0666,-1.0316,-1.2,-0.7133333333333333,-1.28188,-0.8183,-1.06
2022-01-01,-0.56,-1.02,-0.1,-0.62,0.8,-1.01,-0.056,-0.475,-0.82,-0.8,-0.92,-0.9524,-0.999,-1.2,-0.6666666666666665,-1.46176,-0.33104,-0.94
2022-02-01,-0.55,-1.04,-0.14,-0.99,1.8,-0.98,-0.082,-0.423,-0.79,-1.8,-0.9,-0.8962,-0.8908,-1.1,-0.5933333333333332,-1.54007,-0.21239,-0.89
2022-03-01,-0.67,-0.46,-0.51,-0.1,2.9,-1.31,-0.093,-0.397,-0.86,-2.9,0.0499999999999999,-0.9794,-0.9679,-1.2,-0.6533333333333332,-0.49648,-0.97878,-0.97
2022-04-01,-0.74,-0.7,-0.59,-0.97,2.8,-1.6,-0.068,-0.346,-0.95,-2.8,-0.1099999999999999,-1.1195,-1.0336,-1.3,-0.7299999999999999,-0.72751,-1.01689,-1.11
2022-05-01,-0.78,-0.79,-0.62,-1.01,2.4,-1.63,-0.122,-0.185,-0.9,-2.4,-0.17,-1.1186,-1.0025,-1.2,-0.6799999999999998,-1.01801,-0.96807,-1.11
2022-06-01,-0.52,-0.59,-0.48,-1.01,2.8,-1.9,-0.335,-0.076,-0.78,-2.8,-0.1099999999999999,-0.7607,-0.7442,-0.9,-0.5999999999999998,-0.96392,-0.78502,-0.75
2022-07-01,-0.5,-0.29,-0.61,-0.42,1.3,-2.17,-0.195,-0.014,-0.76,-1.3,0.32,-0.707,-0.6266,-0.9,-0.6066666666666665,-0.44838,-1.06315,-0.69
2022-08-01,-0.8,-0.51,-0.76,-0.1,1.7,-1.75,-0.246,-0.046,-0.87,-1.7,0.25,-0.9818,-0.9309,-0.9,-0.7433333333333332,0.01487,-1.51474,-0.97
2022-09-01,-0.93,-0.86,-0.87,-0.44,2.7,-1.73,-0.322,0.016,-0.97,-2.7,0.01,-1.0789,-1.0314,-1.1,-0.8533333333333332,-0.41892,-1.58186,-1.07
2022-10-01,-0.83,-0.9,-0.78,-1.22,2.8,-1.72,-0.691,0.138,-0.94,-2.8,-0.12,-1.0003,-0.9088,-1.1,-0.833333333333333,-1.0158,-1.26904,-0.99
2022-11-01,-0.74,-0.77,-0.59,-0.82,0.5,-1.53,-0.269,0.12,-0.85,-0.5,-0.18,-0.9112,-0.8366,-1.1,-0.7333333333333331,-0.73647,-1.19711,-0.9
2022-12-01,-0.63,-0.69,-0.49,-0.41,3.5,-1.27,-0.091,0.32,-0.71,-3.5,-0.1999999999999999,-0.8598,-0.8235,-1.0,-0.6466666666666664,-0.48473,-1.24585,-0.85
2023-01-01,-0.57,-0.39,-0.45,-0.17,2.3,-1.11,0.11,0.663,-0.54,-2.3,0.06,-0.7181,-0.6982,-0.9,-0.5566666666666665,-0.35615,-0.93614,-0.72
2023-02-01,-0.47,-0.0,-0.5,0.84,2.3,-0.91,0.157,1.237,-0.29,-2.3,0.5,-0.4614,-0.4834,-0.7,-0.3733333333333331,0.38781,-1.10911,-0.46
2023-03-01,-0.08,0.46,-0.15,1.46,0.3,-0.76,0.414,1.404,-0.02,-0.3,0.61,-0.1117,-0.2947,-0.5,-0.0999999999999997,1.02222,-0.84295,-0.11
2023-04-01,0.25,0.68,0.26,2.47,0.4,-0.36,0.56,1.502,0.27,-0.4,0.42,0.135,-0.2278,-0.3,0.2200000000000002,1.40107,-0.54867,0.14
2023-05-01,0.49,1.03,0.36,2.17,-1.7,-0.06,0.443,1.484,0.57,1.7,0.67,0.4599,0.0615,0.0,0.5333333333333335,1.41176,-0.20236,0.46
2023-06-01,0.86,1.38,0.67,2.46,0.4,0.43,0.665,1.312,0.84,-0.4,0.7099999999999999,0.8344,0.3734,0.3,0.7733333333333335,1.64905,0.26108,0.84
2023-07-01,0.97,1.68,0.67,2.57,-0.4,0.51,0.498,0.677,1.12,0.4,1.0099999999999998,1.0202,0.489,0.5,1.01,2.07232,0.29222,1.02
2023-08-01,1.2,1.88,0.9,2.54,-1.4,0.51,0.826,0.362,1.37,1.4,0.98,1.3482,0.7342,0.8,1.1933333333333336,2.52894,0.52773,1.35
2023-09-01,1.41,1.99,1.06,2.12,-2.1,0.69,0.946,0.041,1.6,2.1,0.93,1.5986,0.9793,1.0,1.3733333333333333,2.2006,1.01112,1.6
2023-10-01,1.51,2.17,1.12,2.18,-0.8,0.48,0.804,-0.282,1.83,0.8,1.0499999999999998,1.72,1.0883,1.3,1.5933333333333335,2.03711,1.23204,1.72
2023-11-01,1.86,2.33,1.39,2.14,-1.3,0.91,0.92,-0.704,1.99,1.3,0.9400000000000002,2.0235,1.3217,1.4,1.7100000000000002,1.75909,1.68333,2.02
2023-12-01,1.76,2.1,1.38,1.42,-0.4,1.13,0.852,-0.801,2.06,0.4,0.7200000000000002,2.0312,1.2802,1.4,1.7533333333333336,1.44486,1.85113,2.03
2024-01-01,1.64,1.9,1.36,1.27,0.8,0.7,0.765,-1.228,1.92,-0.8,0.5399999999999998,1.8144,0.9792,1.1,1.596666666666667,1.02908,1.98192,1.81
2024-02-01,1.39,1.49,1.28,1.08,-2.3,0.68,0.327,-1.568,1.62,2.3,0.2099999999999999,1.521,0.6729,0.8,1.356666666666667,0.84546,1.69017,1.52
2024-03-01,1.04,0.88,1.03,0.53,0.6,0.78,0.421,-1.882,1.26,-0.6,-0.15,1.1287,0.4143,0.4,1.136666666666667,0.00284,1.59241,1.13
2024-04-01,0.98,0.72,1.06,0.24,-0.3,0.34,0.44,-2.089,0.82,0.3,-0.3400000000000001,0.7829,0.0893,0.0,0.8400000000000002,-0.40127,1.49874,0.77
2024-05-01,0.5,-0.08,0.76,-0.62,0.8,0.12,0.298,-2.368,0.49,-0.8,-0.84,0.2405,-0.3372,-0.3,0.6166666666666668,-1.18809,1.38589,0.23
2024-06-01,0.37,-0.15,0.72,-0.46,0.1,-0.24,0.197,-2.369,0.22,-0.1,-0.87,0.183,-0.3135,-0.4,0.4233333333333335,-1.18133,1.24369,0.17
2024-07-01,0.4,-0.0,0.69,-0.43,-1.2,-0.72,0.033,-2.354,0.08,1.2,-0.69,0.0556,-0.4071,-0.5,0.3200000000000002,-0.87688,0.99681,0.04
2024-08-01,0.19,-0.2,0.56,-0.11,1.5,-0.73,0.267,-2.178,-0.07,-1.5,-0.76,-0.1101,-0.5289,-0.6,0.1633333333333335,-0.74047,0.60748,-0.12
2024-09-01,-0.1,-0.32,0.25,-0.5,-0.2,-0.65,0.115,-1.843,-0.17,0.2,-0.5700000000000001,-0.2492,-0.6502,-0.7,0.0266666666666668,-0.64988,0.31724,-0.26
2024-10-01,-0.01,0.01,0.22,0.03,0.8,-0.51,-0.196,-1.324,-0.21,-0.8,-0.21,-0.2591,-0.6901,-0.8,-0.0466666666666664,-0.40158,0.19725,-0.27
2024-11-01,-0.03,-0.09,0.24,0.08,0.8,-0.68,-0.382,-0.792,-0.3,-0.8,-0.3299999999999999,-0.2366,-0.6471,-0.9,-0.1866666666666664,-0.32433,0.19997,-0.25
2024-12-01,-0.52,-0.37,-0.3,-0.01,1.9,-0.91,-0.331,-0.126,-0.42,-1.9,-0.07,-0.5865,-0.8916,-1.0,-0.3966666666666665,-0.23516,-0.49128,-0.6
2025-01-01,-0.64,-0.27,-0.53,-0.21,0.3,-1.0,-0.196,0.393,-0.45,-0.3,0.26,-0.7374,-1.039,-1.1,-0.5266666666666665,-0.13563,-0.78233,-0.74
2025-02-01,-0.42,0.06,-0.37,0.56,0.9,-0.83,0.017,0.598,-0.24,-0.9,0.43,-0.4314,-0.7645,-0.8,-0.3399999999999998,0.52036,-0.92364,-0.43
2025-03-01,0.04,0.62,-0.11,1.01,2.8,-0.68,0.058,0.553,-0.06,-2.8,0.73,0.0067,-0.3298,-0.7,-0.1433333333333331,1.10709,-0.77652,0.01
2025-04-01,-0.05,0.15,-0.03,0.42,0.9,-0.38,0.149,0.425,0.02,-0.9,0.18,-0.1413,-0.4274,-0.5,0.0200000000000002,0.38991,-0.46853,-0.14
2025-05-01,0.07,-0.09,0.19,0.01,0.7,-0.36,0.107,0.086,-0.02,-0.7,-0.28,-0.1335,-0.4188,-0.5,0.0566666666666668,-0.12862,-0.14836,-0.13
2025-06-01,0.15,0.06,0.31,0.27,0.5,-1.17,-0.014,-0.308,-0.04,-0.5,-0.25,-0.0675,-0.2668,-0.4,0.1200000000000002,-0.13789,0.052,-0.07
2025-07-01,0.14,0.14,0.29,0.16,1.0,-1.22,-0.072,-0.504,-0.11,-1.0,-0.1499999999999999,-0.143,-0.3553,-0.4,0.0466666666666668,0.04934,-0.08548,-0.14
2025-08-01,-0.15,-0.23,0.04,0.0,0.7,-0.87,-0.42,-0.514,-0.26,-0.7,-0.27,-0.364,-0.5926,-0.6,-0.1099999999999997,-0.06153,-0.31006,-0.36
2025-09-01,-0.32,-0.5,-0.05,-0.11,0.1,-1.12,-0.467,-0.44,-0.43,-0.1,-0.45,-0.4713,-0.6765,-0.8,-0.2966666666666664,-0.44051,-0.37255,-0.47
2025-10-01,-0.42,-0.42,-0.24,-0.21,1.9,-1.19,-0.448,-0.468,-0.57,-1.9,-0.18,-0.501,-0.6593,-0.9,-0.4266666666666664,-0.24593,-0.60893,-0.5
2025-11-01,-0.54,-0.63,-0.35,-0.34,1.8,-1.06,-0.256,-0.411,-0.61,-1.8,-0.28,-0.6973,-0.8117,-1.0,-0.4499999999999998,-0.39505,-0.72341,-0.7
2025-12-01,-0.39,-0.74,-0.09,-0.5,-0.0,-0.77,-0.017,-0.153,-0.6,0.0,-0.65,-0.6734,-0.8004,-1.0,-0.4433333333333332,-0.87624,-0.37049,-0.67
2026-01-01,-0.4,-0.69,0.04,-0.26,1.8,-0.76,0.123,-0.246,-0.39,-1.8,-0.73,-0.5823,-0.7577,-0.9,-0.2699999999999998,-0.83939,-0.09059,-0.58
2026-02-01,-0.02,-0.07,0.32,0.58,2.4,-0.95,0.529,-0.427,-0.21,-2.4,-0.39,-0.2714,-0.5638,-0.8,-0.0666666666666664,-0.16609,-0.0308,-0.27
2026-03-01,0.22,0.21,0.55,0.93,2.0,-1.03,0.285,-0.442,0.11,-2.0,-0.3400000000000001,-0.0105,-0.3464,-0.4,0.3133333333333335,0.10134,0.24829,-0.01
2026-04-01,0.74,0.5,1.12,1.13,-1.1,-0.64,0.279,-0.472,0.46,1.1,-0.6200000000000001,0.3006,-0.1239,0.0,0.6833333333333336,0.16892,0.83359,0.29
2026-05-01,1.09,1.1,1.23,1.51,-1.5,0.27,0.146,-0.407,0.95,1.5,-0.1299999999999999,0.9026,0.4117,0.5,1.136666666666667,0.73975,1.16292,0.9
2026-06-01,1.58,1.82,1.53,2.48,-2.4,1.52,,,1.39,2.4,0.29,1.5385,0.9497,1.0,1.4666666666666668,1.6219,1.30638,1.44
2026-07-01,1.73,2.3,1.42,2.91,-4.0,2.41,,,1.8,4.0,0.8799999999999999,1.9844,1.2963,1.4,1.7333333333333336,2.58976,1.10581,
2026-08-01,1.89,2.83,1.29,3.28,,2.54,,,,,1.54,2.4867,1.7066,,,3.5115,1.0936,
2026-09-01,,,,,,,,,,,,,,,,,,
2026-10-01,,,,,,,,,,,,,,,,,,
2026-11-01,,,,,,,,,,,,,,,,,,
2026-12-01,,,,,,,,,,,,,,,,,,
