panel,country,country_name,crop,season,start_relative_month,end_relative_month,window_type,window_note,source_units,included_units
BD_ed85e71af439,BD,Bangladesh,Amaranth,Rabi,-1,3,supplied_season_calendar,"No date fields on these rows. Months are the standard Bangladeshi Rabi window, and the -1 offset is consistent with Boro, which is derived and sits inside Rabi.",21,0
BD_a595d77de57d,BD,Bangladesh,Amaranth stem,Kharif,4,10,supplied_season_calendar,"No date fields on these rows. Bangladesh splits Kharif into Kharif-1 (Mar-Jun) and Kharif-2 (Jul-Oct); the source gives only 'Kharif', so this is the span of the two.",21,0
BD_b996047a9d7b,BD,Bangladesh,Areca nut,Annual,1,12,calendar_year_assumption,January–December of reported year. Annual aggregation or missing crop calendar; crop-specific window remains unresolved.,21,0
BD_b0a3a2ecc5ce,BD,Bangladesh,Ash gourd,Kharif,4,10,supplied_season_calendar,"No date fields on these rows. Bangladesh splits Kharif into Kharif-1 (Mar-Jun) and Kharif-2 (Jul-Oct); the source gives only 'Kharif', so this is the span of the two.",21,0
BD_198383a250d3,BD,Bangladesh,Banana,Kharif,4,10,supplied_season_calendar,"No date fields on these rows. Bangladesh splits Kharif into Kharif-1 (Mar-Jun) and Kharif-2 (Jul-Oct); the source gives only 'Kharif', so this is the span of the two.",21,0
BD_40440a5115d0,BD,Bangladesh,Barley,Annual,1,12,calendar_year_assumption,January–December of reported year. Annual aggregation or missing crop calendar; crop-specific window remains unresolved.,21,0
BD_8ee3e98fe35e,BD,Bangladesh,Betel leaf,Annual,1,12,calendar_year_assumption,January–December of reported year. Annual aggregation or missing crop calendar; crop-specific window remains unresolved.,21,0
BD_d8ee356a52c8,BD,Bangladesh,Bitter gourd,Kharif,4,10,supplied_season_calendar,"No date fields on these rows. Bangladesh splits Kharif into Kharif-1 (Mar-Jun) and Kharif-2 (Jul-Oct); the source gives only 'Kharif', so this is the span of the two.",21,0
BD_66fba2c2de5f,BD,Bangladesh,Black gram,Annual,1,12,calendar_year_assumption,January–December of reported year. Annual aggregation or missing crop calendar; crop-specific window remains unresolved.,21,0
BD_24244860e159,BD,Bangladesh,Bottle gourd,Rabi,-1,3,supplied_season_calendar,"No date fields on these rows. Months are the standard Bangladeshi Rabi window, and the -1 offset is consistent with Boro, which is derived and sits inside Rabi.",21,0
BD_0367723f66dc,BD,Bangladesh,Bottle gourd leaves,Rabi,-1,3,supplied_season_calendar,"No date fields on these rows. Months are the standard Bangladeshi Rabi window, and the -1 offset is consistent with Boro, which is derived and sits inside Rabi.",21,0
BD_f8115793e09e,BD,Bangladesh,Cabbage,Rabi,-1,3,supplied_season_calendar,"No date fields on these rows. Months are the standard Bangladeshi Rabi window, and the -1 offset is consistent with Boro, which is derived and sits inside Rabi.",21,0
BD_c2d5ab03fe1e,BD,Bangladesh,Carrot,Rabi,-1,3,supplied_season_calendar,"No date fields on these rows. Months are the standard Bangladeshi Rabi window, and the -1 offset is consistent with Boro, which is derived and sits inside Rabi.",20,0
BD_cd0003156dab,BD,Bangladesh,Cauliflower,Kharif,4,10,supplied_season_calendar,"No date fields on these rows. Bangladesh splits Kharif into Kharif-1 (Mar-Jun) and Kharif-2 (Jul-Oct); the source gives only 'Kharif', so this is the span of the two.",21,0
BD_126138fa269a,BD,Bangladesh,Chickpea,Annual,1,12,calendar_year_assumption,January–December of reported year. Annual aggregation or missing crop calendar; crop-specific window remains unresolved.,21,0
BD_b92a6dece9c9,BD,Bangladesh,Chilli pepper,Kharif,4,10,supplied_season_calendar,"No date fields on these rows. Bangladesh splits Kharif into Kharif-1 (Mar-Jun) and Kharif-2 (Jul-Oct); the source gives only 'Kharif', so this is the span of the two.",21,0
BD_37e7032b913a,BD,Bangladesh,Chilli pepper,Rabi,-1,3,supplied_season_calendar,"No date fields on these rows. Months are the standard Bangladeshi Rabi window, and the -1 offset is consistent with Boro, which is derived and sits inside Rabi.",21,0
BD_cd8d35c554e3,BD,Bangladesh,"Coconut, copra",Annual,1,12,calendar_year_assumption,January–December of reported year. Annual aggregation or missing crop calendar; crop-specific window remains unresolved.,21,0
BD_703927bc6b22,BD,Bangladesh,Coriander seed,Annual,1,12,calendar_year_assumption,January–December of reported year. Annual aggregation or missing crop calendar; crop-specific window remains unresolved.,21,0
BD_de69b5f232c6,BD,Bangladesh,"Coriander, leaf",Annual,1,12,calendar_year_assumption,January–December of reported year. Annual aggregation or missing crop calendar; crop-specific window remains unresolved.,21,0
BD_5d1839b9ce58,BD,Bangladesh,Cotton,Annual,1,12,calendar_year_assumption,January–December of reported year. Annual aggregation or missing crop calendar; crop-specific window remains unresolved.,15,0
BD_f54cb5db53da,BD,Bangladesh,Cowpea,Annual,1,12,calendar_year_assumption,January–December of reported year. Annual aggregation or missing crop calendar; crop-specific window remains unresolved.,21,0
BD_f153c275fbee,BD,Bangladesh,Cucumber,Annual,1,12,calendar_year_assumption,January–December of reported year. Annual aggregation or missing crop calendar; crop-specific window remains unresolved.,21,0
BD_a244ac126e2a,BD,Bangladesh,Eggplant,Annual,1,12,calendar_year_assumption,January–December of reported year. Annual aggregation or missing crop calendar; crop-specific window remains unresolved.,21,0
BD_71af88cbfe8b,BD,Bangladesh,Eggplant,Kharif,4,10,supplied_season_calendar,"No date fields on these rows. Bangladesh splits Kharif into Kharif-1 (Mar-Jun) and Kharif-2 (Jul-Oct); the source gives only 'Kharif', so this is the span of the two.",21,0
BD_e284e8e722d2,BD,Bangladesh,Eggplant,Rabi,-1,3,supplied_season_calendar,"No date fields on these rows. Months are the standard Bangladeshi Rabi window, and the -1 offset is consistent with Boro, which is derived and sits inside Rabi.",21,0
BD_8791c3acf95a,BD,Bangladesh,Foxtail millet,Rabi,-1,3,supplied_season_calendar,"No date fields on these rows. Months are the standard Bangladeshi Rabi window, and the -1 offset is consistent with Boro, which is derived and sits inside Rabi.",21,0
BD_b76affd5c5c3,BD,Bangladesh,Garlic,Annual,1,12,calendar_year_assumption,January–December of reported year. Annual aggregation or missing crop calendar; crop-specific window remains unresolved.,21,0
BD_ff5ab0390fc3,BD,Bangladesh,Ginger,Annual,1,12,calendar_year_assumption,January–December of reported year. Annual aggregation or missing crop calendar; crop-specific window remains unresolved.,21,0
BD_2dfe8065af85,BD,Bangladesh,Grass pea,Rabi,-1,3,supplied_season_calendar,"No date fields on these rows. Months are the standard Bangladeshi Rabi window, and the -1 offset is consistent with Boro, which is derived and sits inside Rabi.",21,0
BD_43f68877f8c8,BD,Bangladesh,Green pea,Annual,1,12,calendar_year_assumption,January–December of reported year. Annual aggregation or missing crop calendar; crop-specific window remains unresolved.,21,0
BD_f452de36dfb7,BD,Bangladesh,"Groundnut, in shell",Kharif,4,10,supplied_season_calendar,"No date fields on these rows. Bangladesh splits Kharif into Kharif-1 (Mar-Jun) and Kharif-2 (Jul-Oct); the source gives only 'Kharif', so this is the span of the two.",21,0
BD_422be63b05cc,BD,Bangladesh,Jute,Annual,1,12,calendar_year_assumption,January–December of reported year. Annual aggregation or missing crop calendar; crop-specific window remains unresolved.,21,14
BD_1f02df6b9808,BD,Bangladesh,Lentil,Rabi,-1,3,supplied_season_calendar,"No date fields on these rows. Months are the standard Bangladeshi Rabi window, and the -1 offset is consistent with Boro, which is derived and sits inside Rabi.",21,0
BD_92967d9b307b,BD,Bangladesh,Linseed,Rabi,-1,3,supplied_season_calendar,"No date fields on these rows. Months are the standard Bangladeshi Rabi window, and the -1 offset is consistent with Boro, which is derived and sits inside Rabi.",21,0
BD_e43ce8f351a9,BD,Bangladesh,Maize,Annual,1,12,calendar_year_assumption,January–December of reported year. Annual aggregation or missing crop calendar; crop-specific window remains unresolved.,21,0
BD_0b6cd586013c,BD,Bangladesh,Malabar spinach,Kharif,4,10,supplied_season_calendar,"No date fields on these rows. Bangladesh splits Kharif into Kharif-1 (Mar-Jun) and Kharif-2 (Jul-Oct); the source gives only 'Kharif', so this is the span of the two.",21,0
BD_458e088e7621,BD,Bangladesh,Melon,Annual,1,12,calendar_year_assumption,January–December of reported year. Annual aggregation or missing crop calendar; crop-specific window remains unresolved.,21,0
BD_0f031cbc9792,BD,Bangladesh,Mung bean,Annual,1,12,calendar_year_assumption,January–December of reported year. Annual aggregation or missing crop calendar; crop-specific window remains unresolved.,21,0
BD_da09729deee9,BD,Bangladesh,Okra,Kharif,4,10,supplied_season_calendar,"No date fields on these rows. Bangladesh splits Kharif into Kharif-1 (Mar-Jun) and Kharif-2 (Jul-Oct); the source gives only 'Kharif', so this is the span of the two.",21,0
BD_9de35d8fd5d3,BD,Bangladesh,Onion,Annual,1,12,calendar_year_assumption,January–December of reported year. Annual aggregation or missing crop calendar; crop-specific window remains unresolved.,21,0
BD_46a5ac6ffdee,BD,Bangladesh,Other pulses,Kharif,4,10,supplied_season_calendar,"No date fields on these rows. Bangladesh splits Kharif into Kharif-1 (Mar-Jun) and Kharif-2 (Jul-Oct); the source gives only 'Kharif', so this is the span of the two.",18,0
BD_257098dea44d,BD,Bangladesh,Pea,Annual,1,12,calendar_year_assumption,January–December of reported year. Annual aggregation or missing crop calendar; crop-specific window remains unresolved.,20,0
BD_c642430e7ea3,BD,Bangladesh,Pearl millet,Annual,1,12,calendar_year_assumption,January–December of reported year. Annual aggregation or missing crop calendar; crop-specific window remains unresolved.,1,0
BD_3938931ed1cb,BD,Bangladesh,Pigeon pea,Annual,1,12,calendar_year_assumption,January–December of reported year. Annual aggregation or missing crop calendar; crop-specific window remains unresolved.,21,0
BD_38294433166f,BD,Bangladesh,Pineapple,Annual,1,12,calendar_year_assumption,January–December of reported year. Annual aggregation or missing crop calendar; crop-specific window remains unresolved.,18,0
BD_28b89358b2f1,BD,Bangladesh,Plantain,Kharif,4,10,supplied_season_calendar,"No date fields on these rows. Bangladesh splits Kharif into Kharif-1 (Mar-Jun) and Kharif-2 (Jul-Oct); the source gives only 'Kharif', so this is the span of the two.",21,0
BD_063d879494f6,BD,Bangladesh,Plantain,Rabi,-1,3,supplied_season_calendar,"No date fields on these rows. Months are the standard Bangladeshi Rabi window, and the -1 offset is consistent with Boro, which is derived and sits inside Rabi.",21,0
BD_c862f2801c63,BD,Bangladesh,Pointed gourd,Kharif,4,10,supplied_season_calendar,"No date fields on these rows. Bangladesh splits Kharif into Kharif-1 (Mar-Jun) and Kharif-2 (Jul-Oct); the source gives only 'Kharif', so this is the span of the two.",17,0
BD_383b2bdc1f20,BD,Bangladesh,Potato,Annual,1,12,calendar_year_assumption,January–December of reported year. Annual aggregation or missing crop calendar; crop-specific window remains unresolved.,21,21
BD_c4311c781ee1,BD,Bangladesh,Pumpkin and squash,Annual,1,12,calendar_year_assumption,January–December of reported year. Annual aggregation or missing crop calendar; crop-specific window remains unresolved.,21,0
BD_7eda296646ad,BD,Bangladesh,Pumpkin and squash,Kharif,4,10,supplied_season_calendar,"No date fields on these rows. Bangladesh splits Kharif into Kharif-1 (Mar-Jun) and Kharif-2 (Jul-Oct); the source gives only 'Kharif', so this is the span of the two.",21,0
BD_28c5706c5505,BD,Bangladesh,Pumpkin and squash,Rabi,-1,3,supplied_season_calendar,"No date fields on these rows. Months are the standard Bangladeshi Rabi window, and the -1 offset is consistent with Boro, which is derived and sits inside Rabi.",21,0
BD_ee5ef6b95e25,BD,Bangladesh,Radish,Rabi,-1,3,supplied_season_calendar,"No date fields on these rows. Months are the standard Bangladeshi Rabi window, and the -1 offset is consistent with Boro, which is derived and sits inside Rabi.",21,0
BD_c73a17658db7,BD,Bangladesh,Rapeseed and mustard,Rabi,-1,3,supplied_season_calendar,"No date fields on these rows. Months are the standard Bangladeshi Rabi window, and the -1 offset is consistent with Boro, which is derived and sits inside Rabi.",21,0
BD_09a9ab060188,BD,Bangladesh,"Rice, paddy",Aman,3,11,prior_panel_window,Established panel window; see original report for calendar caveats.,21,16
BD_22adc18ab29f,BD,Bangladesh,"Rice, paddy",Aus,3,8,prior_panel_window,Established panel window; see original report for calendar caveats.,21,17
BD_a14866172a10,BD,Bangladesh,"Rice, paddy",Boro,-1,4,prior_panel_window,Established panel window; see original report for calendar caveats.,21,20
BD_97e02ccb59a1,BD,Bangladesh,Ridge gourd,Kharif,4,10,supplied_season_calendar,"No date fields on these rows. Bangladesh splits Kharif into Kharif-1 (Mar-Jun) and Kharif-2 (Jul-Oct); the source gives only 'Kharif', so this is the span of the two.",21,0
BD_06a5fb706df4,BD,Bangladesh,Sesame,Rabi,-1,3,supplied_season_calendar,"No date fields on these rows. Months are the standard Bangladeshi Rabi window, and the -1 offset is consistent with Boro, which is derived and sits inside Rabi.",21,0
BD_d5de35f2dc09,BD,Bangladesh,Snake cucumber,Annual,1,12,calendar_year_assumption,January–December of reported year. Annual aggregation or missing crop calendar; crop-specific window remains unresolved.,21,0
BD_004efa9b34f4,BD,Bangladesh,Snake gourd,Kharif,4,10,supplied_season_calendar,"No date fields on these rows. Bangladesh splits Kharif into Kharif-1 (Mar-Jun) and Kharif-2 (Jul-Oct); the source gives only 'Kharif', so this is the span of the two.",21,0
BD_7ef8ee62676c,BD,Bangladesh,Sorghum,Kharif,4,10,supplied_season_calendar,"No date fields on these rows. Bangladesh splits Kharif into Kharif-1 (Mar-Jun) and Kharif-2 (Jul-Oct); the source gives only 'Kharif', so this is the span of the two.",21,0
BD_87531e87e0bd,BD,Bangladesh,Sorghum,Rabi,-1,3,supplied_season_calendar,"No date fields on these rows. Months are the standard Bangladeshi Rabi window, and the -1 offset is consistent with Boro, which is derived and sits inside Rabi.",21,0
BD_b510c212efd9,BD,Bangladesh,Soybean,Rabi,-1,3,supplied_season_calendar,"No date fields on these rows. Months are the standard Bangladeshi Rabi window, and the -1 offset is consistent with Boro, which is derived and sits inside Rabi.",21,0
BD_287023c0b251,BD,Bangladesh,Spiny gourd,Annual,1,12,calendar_year_assumption,January–December of reported year. Annual aggregation or missing crop calendar; crop-specific window remains unresolved.,21,0
BD_2ec2acb28937,BD,Bangladesh,Sponge gourd,Kharif,4,10,supplied_season_calendar,"No date fields on these rows. Bangladesh splits Kharif into Kharif-1 (Mar-Jun) and Kharif-2 (Jul-Oct); the source gives only 'Kharif', so this is the span of the two.",21,0
BD_90d096b8ca19,BD,Bangladesh,Sugarcane,Annual,1,12,calendar_year_assumption,January–December of reported year. Annual aggregation or missing crop calendar; crop-specific window remains unresolved.,21,0
BD_303eb1bc572d,BD,Bangladesh,Sunflower,Annual,1,12,calendar_year_assumption,January–December of reported year. Annual aggregation or missing crop calendar; crop-specific window remains unresolved.,21,0
BD_84ef1a6b1ef5,BD,Bangladesh,Sunn hemp,Annual,1,12,calendar_year_assumption,January–December of reported year. Annual aggregation or missing crop calendar; crop-specific window remains unresolved.,5,0
BD_3cc056d745f4,BD,Bangladesh,Sunn hemp,Rabi,-1,3,supplied_season_calendar,"No date fields on these rows. Months are the standard Bangladeshi Rabi window, and the -1 offset is consistent with Boro, which is derived and sits inside Rabi.",4,0
BD_3c192f8c772d,BD,Bangladesh,Sweet potato,Rabi,-1,3,supplied_season_calendar,"No date fields on these rows. Months are the standard Bangladeshi Rabi window, and the -1 offset is consistent with Boro, which is derived and sits inside Rabi.",14,0
BD_7fb181a06de9,BD,Bangladesh,Taro,Kharif,4,10,supplied_season_calendar,"No date fields on these rows. Bangladesh splits Kharif into Kharif-1 (Mar-Jun) and Kharif-2 (Jul-Oct); the source gives only 'Kharif', so this is the span of the two.",21,0
BD_7d2e6628f751,BD,Bangladesh,"Taro, colocasia",Kharif,4,10,supplied_season_calendar,"No date fields on these rows. Bangladesh splits Kharif into Kharif-1 (Mar-Jun) and Kharif-2 (Jul-Oct); the source gives only 'Kharif', so this is the span of the two.",21,0
BD_a44a521346aa,BD,Bangladesh,Tea,Annual,1,12,calendar_year_assumption,January–December of reported year. Annual aggregation or missing crop calendar; crop-specific window remains unresolved.,6,0
BD_13fd3f5d1ccb,BD,Bangladesh,Tobacco,Annual,1,12,calendar_year_assumption,January–December of reported year. Annual aggregation or missing crop calendar; crop-specific window remains unresolved.,1,0
BD_4ee891496ee6,BD,Bangladesh,"Tobacco, Virginia",Annual,1,12,calendar_year_assumption,January–December of reported year. Annual aggregation or missing crop calendar; crop-specific window remains unresolved.,12,0
BD_5bd17d9db8d6,BD,Bangladesh,"Tobacco, jati",Annual,1,12,calendar_year_assumption,January–December of reported year. Annual aggregation or missing crop calendar; crop-specific window remains unresolved.,9,0
BD_53f2ed01de46,BD,Bangladesh,"Tobacco, motihari",Annual,1,12,calendar_year_assumption,January–December of reported year. Annual aggregation or missing crop calendar; crop-specific window remains unresolved.,10,0
BD_16921c190853,BD,Bangladesh,Tomato,Rabi,-1,3,supplied_season_calendar,"No date fields on these rows. Months are the standard Bangladeshi Rabi window, and the -1 offset is consistent with Boro, which is derived and sits inside Rabi.",21,0
BD_8a81e90513a8,BD,Bangladesh,Turmeric,Annual,1,12,calendar_year_assumption,January–December of reported year. Annual aggregation or missing crop calendar; crop-specific window remains unresolved.,21,0
BD_c8be58eb5f5f,BD,Bangladesh,Watermelon,Annual,1,12,calendar_year_assumption,January–December of reported year. Annual aggregation or missing crop calendar; crop-specific window remains unresolved.,20,0
BD_b61e4f4ffaeb,BD,Bangladesh,Wheat,Annual,1,12,calendar_year_assumption,January–December of reported year. Annual aggregation or missing crop calendar; crop-specific window remains unresolved.,21,16
BD_a00058901329,BD,Bangladesh,Yardlong bean,Kharif,4,10,supplied_season_calendar,"No date fields on these rows. Bangladesh splits Kharif into Kharif-1 (Mar-Jun) and Kharif-2 (Jul-Oct); the source gives only 'Kharif', so this is the span of the two.",21,0
IN_3b162a2c28af,IN,India,Areca nut,Kharif,6,10,supplied_season_calendar,"Year offsets from stablebound-india docs/RUNNING.md: 'Kharif, Autumn and Winter are sown and harvested within the first calendar year' and 'year is the harvest year'. Months are the standard Indian sowing/harvest window.",9,0
IN_5de5fb8f7fe3,IN,India,Areca nut,Rabi,-1,4,supplied_season_calendar,"RUNNING.md: 'Rabi and Summer are sown in the first and harvested in the second'; year is the harvest year, so sowing falls in the previous calendar year.",27,0
IN_ec0ac13340d1,IN,India,Areca nut,Whole Year,13,24,annual_following_year_assumption,January–December following reported sowing year. Crop-dependent harvest assignment remains unresolved.,102,25
IN_576cffa2a021,IN,India,Banana,Autumn,5,9,supplied_season_calendar,RUNNING.md: sown and harvested within the first calendar year. Autumn is aus rice.,6,0
IN_198383a250d3,IN,India,Banana,Kharif,6,10,supplied_season_calendar,"Year offsets from stablebound-india docs/RUNNING.md: 'Kharif, Autumn and Winter are sown and harvested within the first calendar year' and 'year is the harvest year'. Months are the standard Indian sowing/harvest window.",40,0
IN_c823d1ef9480,IN,India,Banana,Rabi,-1,4,supplied_season_calendar,"RUNNING.md: 'Rabi and Summer are sown in the first and harvested in the second'; year is the harvest year, so sowing falls in the previous calendar year.",6,0
IN_f08c714d18f1,IN,India,Banana,Summer,3,6,supplied_season_calendar,"UNRESOLVED - see docs/SEASONS.md. RUNNING.md groups Summer with Rabi as sown-in-first/harvested-in-second, which would make planting_year_offset -1. But the zaid season runs March-June, which is the SECOND calendar year of a July-June agricultural year, giving 0. Recorded as 0 on the agronomy; needs Michael's call.",51,0
IN_947481305801,IN,India,Banana,Whole Year,13,24,annual_following_year_assumption,January–December following reported sowing year. Crop-dependent harvest assignment remains unresolved.,259,58
IN_f2b16a4fd9a1,IN,India,Banana,Winter,7,12,supplied_season_calendar,"RUNNING.md: sown and harvested within the first calendar year. Winter is aman rice, harvested Nov-Dec of the same year.",7,0
IN_8d147d6c1849,IN,India,Barley,Kharif,6,10,supplied_season_calendar,"Year offsets from stablebound-india docs/RUNNING.md: 'Kharif, Autumn and Winter are sown and harvested within the first calendar year' and 'year is the harvest year'. Months are the standard Indian sowing/harvest window.",60,0
IN_0c0f5ca06cb6,IN,India,Barley,Rabi,-1,4,supplied_season_calendar,"RUNNING.md: 'Rabi and Summer are sown in the first and harvested in the second'; year is the harvest year, so sowing falls in the previous calendar year.",251,142
IN_ae51f9334396,IN,India,Barley,Whole Year,13,24,annual_following_year_assumption,January–December following reported sowing year. Crop-dependent harvest assignment remains unresolved.,39,0
IN_7986ef40c416,IN,India,Black gram,Autumn,5,9,supplied_season_calendar,RUNNING.md: sown and harvested within the first calendar year. Autumn is aus rice.,41,11
IN_a7dad748feaf,IN,India,Black gram,Kharif,6,10,supplied_season_calendar,"Year offsets from stablebound-india docs/RUNNING.md: 'Kharif, Autumn and Winter are sown and harvested within the first calendar year' and 'year is the harvest year'. Months are the standard Indian sowing/harvest window.",407,253
IN_735f1a63a9bb,IN,India,Black gram,Rabi,-1,4,supplied_season_calendar,"RUNNING.md: 'Rabi and Summer are sown in the first and harvested in the second'; year is the harvest year, so sowing falls in the previous calendar year.",230,36
IN_6380976b2e4f,IN,India,Black gram,Summer,3,6,supplied_season_calendar,"UNRESOLVED - see docs/SEASONS.md. RUNNING.md groups Summer with Rabi as sown-in-first/harvested-in-second, which would make planting_year_offset -1. But the zaid season runs March-June, which is the SECOND calendar year of a July-June agricultural year, giving 0. Recorded as 0 on the agronomy; needs Michael's call.",164,32
IN_8f4960fddd00,IN,India,Black gram,Whole Year,13,24,annual_following_year_assumption,January–December following reported sowing year. Crop-dependent harvest assignment remains unresolved.,30,0
IN_0ab4fbd6c91a,IN,India,Black gram,Winter,7,12,supplied_season_calendar,"RUNNING.md: sown and harvested within the first calendar year. Winter is aman rice, harvested Nov-Dec of the same year.",30,25
IN_501e899eb51f,IN,India,Black pepper,Kharif,6,10,supplied_season_calendar,"Year offsets from stablebound-india docs/RUNNING.md: 'Kharif, Autumn and Winter are sown and harvested within the first calendar year' and 'year is the harvest year'. Months are the standard Indian sowing/harvest window.",11,0
IN_0a5a55c4f7d2,IN,India,Black pepper,Rabi,-1,4,supplied_season_calendar,"RUNNING.md: 'Rabi and Summer are sown in the first and harvested in the second'; year is the harvest year, so sowing falls in the previous calendar year.",9,0
IN_8ecbe57e2586,IN,India,Black pepper,Whole Year,13,24,annual_following_year_assumption,January–December following reported sowing year. Crop-dependent harvest assignment remains unresolved.,80,23
IN_a329e4571bf6,IN,India,Cardamom,Kharif,6,10,supplied_season_calendar,"Year offsets from stablebound-india docs/RUNNING.md: 'Kharif, Autumn and Winter are sown and harvested within the first calendar year' and 'year is the harvest year'. Months are the standard Indian sowing/harvest window.",7,0
IN_af3b0568ec33,IN,India,Cardamom,Whole Year,13,24,annual_following_year_assumption,January–December following reported sowing year. Crop-dependent harvest assignment remains unresolved.,47,15
IN_acd61266785e,IN,India,Cashew nut,Kharif,6,10,supplied_season_calendar,"Year offsets from stablebound-india docs/RUNNING.md: 'Kharif, Autumn and Winter are sown and harvested within the first calendar year' and 'year is the harvest year'. Months are the standard Indian sowing/harvest window.",16,0
IN_ddd2aa1f979d,IN,India,Cashew nut,Rabi,-1,4,supplied_season_calendar,"RUNNING.md: 'Rabi and Summer are sown in the first and harvested in the second'; year is the harvest year, so sowing falls in the previous calendar year.",5,0
IN_c4e0be0500ec,IN,India,Cashew nut,Whole Year,13,24,annual_following_year_assumption,January–December following reported sowing year. Crop-dependent harvest assignment remains unresolved.,83,28
IN_4e18519f69dc,IN,India,Cassava,Autumn,5,9,supplied_season_calendar,RUNNING.md: sown and harvested within the first calendar year. Autumn is aus rice.,1,0
IN_cf10ca5118d5,IN,India,Cassava,Kharif,6,10,supplied_season_calendar,"Year offsets from stablebound-india docs/RUNNING.md: 'Kharif, Autumn and Winter are sown and harvested within the first calendar year' and 'year is the harvest year'. Months are the standard Indian sowing/harvest window.",25,0
IN_3e770d3345a6,IN,India,Cassava,Rabi,-1,4,supplied_season_calendar,"RUNNING.md: 'Rabi and Summer are sown in the first and harvested in the second'; year is the harvest year, so sowing falls in the previous calendar year.",7,0
IN_1d9b697186fc,IN,India,Cassava,Whole Year,13,24,annual_following_year_assumption,January–December following reported sowing year. Crop-dependent harvest assignment remains unresolved.,116,54
IN_fb2793226fbd,IN,India,Castor,Kharif,6,10,supplied_season_calendar,"Year offsets from stablebound-india docs/RUNNING.md: 'Kharif, Autumn and Winter are sown and harvested within the first calendar year' and 'year is the harvest year'. Months are the standard Indian sowing/harvest window.",271,49
IN_23de25279b86,IN,India,Castor,Rabi,-1,4,supplied_season_calendar,"RUNNING.md: 'Rabi and Summer are sown in the first and harvested in the second'; year is the harvest year, so sowing falls in the previous calendar year.",59,0
IN_00d3789090f4,IN,India,Castor,Whole Year,13,24,annual_following_year_assumption,January–December following reported sowing year. Crop-dependent harvest assignment remains unresolved.,45,0
IN_6f4064c5c75c,IN,India,Chickpea,Kharif,6,10,supplied_season_calendar,"Year offsets from stablebound-india docs/RUNNING.md: 'Kharif, Autumn and Winter are sown and harvested within the first calendar year' and 'year is the harvest year'. Months are the standard Indian sowing/harvest window.",10,0
IN_705e0026c94e,IN,India,Chickpea,Rabi,-1,4,supplied_season_calendar,"RUNNING.md: 'Rabi and Summer are sown in the first and harvested in the second'; year is the harvest year, so sowing falls in the previous calendar year.",335,0
IN_065cfe3261ba,IN,India,"Chilli pepper, dry",Autumn,5,9,supplied_season_calendar,RUNNING.md: sown and harvested within the first calendar year. Autumn is aus rice.,22,0
IN_134ced5ebc05,IN,India,"Chilli pepper, dry",Kharif,6,10,supplied_season_calendar,"Year offsets from stablebound-india docs/RUNNING.md: 'Kharif, Autumn and Winter are sown and harvested within the first calendar year' and 'year is the harvest year'. Months are the standard Indian sowing/harvest window.",165,11
IN_7ad683684daa,IN,India,"Chilli pepper, dry",Rabi,-1,4,supplied_season_calendar,"RUNNING.md: 'Rabi and Summer are sown in the first and harvested in the second'; year is the harvest year, so sowing falls in the previous calendar year.",120,10
IN_8dab6f7e05f2,IN,India,"Chilli pepper, dry",Summer,3,6,supplied_season_calendar,"UNRESOLVED - see docs/SEASONS.md. RUNNING.md groups Summer with Rabi as sown-in-first/harvested-in-second, which would make planting_year_offset -1. But the zaid season runs March-June, which is the SECOND calendar year of a July-June agricultural year, giving 0. Recorded as 0 on the agronomy; needs Michael's call.",23,0
IN_61ae2785dcc9,IN,India,"Chilli pepper, dry",Whole Year,13,24,annual_following_year_assumption,January–December following reported sowing year. Crop-dependent harvest assignment remains unresolved.,374,80
IN_c6dc949a9c28,IN,India,"Chilli pepper, dry",Winter,7,12,supplied_season_calendar,"RUNNING.md: sown and harvested within the first calendar year. Winter is aman rice, harvested Nov-Dec of the same year.",6,0
IN_b5b0c83c3d55,IN,India,Coconut,Kharif,6,10,supplied_season_calendar,"Year offsets from stablebound-india docs/RUNNING.md: 'Kharif, Autumn and Winter are sown and harvested within the first calendar year' and 'year is the harvest year'. Months are the standard Indian sowing/harvest window.",5,0
IN_52e7a2f292b8,IN,India,Coconut,Whole Year,13,24,annual_following_year_assumption,January–December following reported sowing year. Crop-dependent harvest assignment remains unresolved.,113,79
IN_dc9e7e11100e,IN,India,Coriander,Kharif,6,10,supplied_season_calendar,"Year offsets from stablebound-india docs/RUNNING.md: 'Kharif, Autumn and Winter are sown and harvested within the first calendar year' and 'year is the harvest year'. Months are the standard Indian sowing/harvest window.",11,0
IN_fd07bbbea2e7,IN,India,Coriander,Rabi,-1,4,supplied_season_calendar,"RUNNING.md: 'Rabi and Summer are sown in the first and harvested in the second'; year is the harvest year, so sowing falls in the previous calendar year.",106,0
IN_2fd855227022,IN,India,Coriander,Whole Year,13,24,annual_following_year_assumption,January–December following reported sowing year. Crop-dependent harvest assignment remains unresolved.,273,40
IN_d8b1a7a45cef,IN,India,Coriander,Winter,7,12,supplied_season_calendar,"RUNNING.md: sown and harvested within the first calendar year. Winter is aman rice, harvested Nov-Dec of the same year.",1,0
IN_2aa0c0876bec,IN,India,"Cotton, lint",Autumn,5,9,supplied_season_calendar,RUNNING.md: sown and harvested within the first calendar year. Autumn is aus rice.,1,0
IN_cd1685e1e259,IN,India,"Cotton, lint",Kharif,6,10,supplied_season_calendar,"Year offsets from stablebound-india docs/RUNNING.md: 'Kharif, Autumn and Winter are sown and harvested within the first calendar year' and 'year is the harvest year'. Months are the standard Indian sowing/harvest window.",292,141
IN_7193b8ab0f0d,IN,India,"Cotton, lint",Rabi,-1,4,supplied_season_calendar,"RUNNING.md: 'Rabi and Summer are sown in the first and harvested in the second'; year is the harvest year, so sowing falls in the previous calendar year.",45,0
IN_2c66b842cf9a,IN,India,"Cotton, lint",Summer,3,6,supplied_season_calendar,"UNRESOLVED - see docs/SEASONS.md. RUNNING.md groups Summer with Rabi as sown-in-first/harvested-in-second, which would make planting_year_offset -1. But the zaid season runs March-June, which is the SECOND calendar year of a July-June agricultural year, giving 0. Recorded as 0 on the agronomy; needs Michael's call.",9,0
IN_c0b3aafdcf92,IN,India,"Cotton, lint",Whole Year,13,24,annual_following_year_assumption,January–December following reported sowing year. Crop-dependent harvest assignment remains unresolved.,117,0
IN_697b03efd2ab,IN,India,"Cotton, lint",Winter,7,12,supplied_season_calendar,"RUNNING.md: sown and harvested within the first calendar year. Winter is aman rice, harvested Nov-Dec of the same year.",1,0
IN_08e7f94b20c3,IN,India,Cowpea,Kharif,6,10,supplied_season_calendar,"Year offsets from stablebound-india docs/RUNNING.md: 'Kharif, Autumn and Winter are sown and harvested within the first calendar year' and 'year is the harvest year'. Months are the standard Indian sowing/harvest window.",117,0
IN_42399c649683,IN,India,Cowpea,Rabi,-1,4,supplied_season_calendar,"RUNNING.md: 'Rabi and Summer are sown in the first and harvested in the second'; year is the harvest year, so sowing falls in the previous calendar year.",114,0
IN_04094380c252,IN,India,Cowpea,Summer,3,6,supplied_season_calendar,"UNRESOLVED - see docs/SEASONS.md. RUNNING.md groups Summer with Rabi as sown-in-first/harvested-in-second, which would make planting_year_offset -1. But the zaid season runs March-June, which is the SECOND calendar year of a July-June agricultural year, giving 0. Recorded as 0 on the agronomy; needs Michael's call.",18,0
IN_2c40c93fb658,IN,India,Cowpea,Whole Year,13,24,annual_following_year_assumption,January–December following reported sowing year. Crop-dependent harvest assignment remains unresolved.,13,0
IN_42f5902c6a0f,IN,India,Finger millet,Autumn,5,9,supplied_season_calendar,RUNNING.md: sown and harvested within the first calendar year. Autumn is aus rice.,51,9
IN_4c21e9521725,IN,India,Finger millet,Kharif,6,10,supplied_season_calendar,"Year offsets from stablebound-india docs/RUNNING.md: 'Kharif, Autumn and Winter are sown and harvested within the first calendar year' and 'year is the harvest year'. Months are the standard Indian sowing/harvest window.",250,71
IN_8e2591a1de25,IN,India,Finger millet,Rabi,-1,4,supplied_season_calendar,"RUNNING.md: 'Rabi and Summer are sown in the first and harvested in the second'; year is the harvest year, so sowing falls in the previous calendar year.",111,11
IN_af1d95280cff,IN,India,Finger millet,Summer,3,6,supplied_season_calendar,"UNRESOLVED - see docs/SEASONS.md. RUNNING.md groups Summer with Rabi as sown-in-first/harvested-in-second, which would make planting_year_offset -1. But the zaid season runs March-June, which is the SECOND calendar year of a July-June agricultural year, giving 0. Recorded as 0 on the agronomy; needs Michael's call.",40,12
IN_69303d96f2f4,IN,India,Finger millet,Whole Year,13,24,annual_following_year_assumption,January–December following reported sowing year. Crop-dependent harvest assignment remains unresolved.,84,0
IN_e4c874ca9247,IN,India,Finger millet,Winter,7,12,supplied_season_calendar,"RUNNING.md: sown and harvested within the first calendar year. Winter is aman rice, harvested Nov-Dec of the same year.",26,4
IN_50399de3b997,IN,India,Garlic,Kharif,6,10,supplied_season_calendar,"Year offsets from stablebound-india docs/RUNNING.md: 'Kharif, Autumn and Winter are sown and harvested within the first calendar year' and 'year is the harvest year'. Months are the standard Indian sowing/harvest window.",25,0
IN_971164c9129e,IN,India,Garlic,Rabi,-1,4,supplied_season_calendar,"RUNNING.md: 'Rabi and Summer are sown in the first and harvested in the second'; year is the harvest year, so sowing falls in the previous calendar year.",107,0
IN_11be26b406bd,IN,India,Garlic,Whole Year,13,24,annual_following_year_assumption,January–December following reported sowing year. Crop-dependent harvest assignment remains unresolved.,300,28
IN_cdef5596d106,IN,India,Ginger,Autumn,5,9,supplied_season_calendar,RUNNING.md: sown and harvested within the first calendar year. Autumn is aus rice.,6,0
IN_cf3e333f596f,IN,India,Ginger,Kharif,6,10,supplied_season_calendar,"Year offsets from stablebound-india docs/RUNNING.md: 'Kharif, Autumn and Winter are sown and harvested within the first calendar year' and 'year is the harvest year'. Months are the standard Indian sowing/harvest window.",246,7
IN_6df8f033d84a,IN,India,Ginger,Rabi,-1,4,supplied_season_calendar,"RUNNING.md: 'Rabi and Summer are sown in the first and harvested in the second'; year is the harvest year, so sowing falls in the previous calendar year.",13,0
IN_ded43fd573f1,IN,India,Ginger,Summer,3,6,supplied_season_calendar,"UNRESOLVED - see docs/SEASONS.md. RUNNING.md groups Summer with Rabi as sown-in-first/harvested-in-second, which would make planting_year_offset -1. But the zaid season runs March-June, which is the SECOND calendar year of a July-June agricultural year, giving 0. Recorded as 0 on the agronomy; needs Michael's call.",5,0
IN_27f9f76c12c5,IN,India,Ginger,Whole Year,13,24,annual_following_year_assumption,January–December following reported sowing year. Crop-dependent harvest assignment remains unresolved.,188,30
IN_47cbfc22115e,IN,India,Ginger,Winter,7,12,supplied_season_calendar,"RUNNING.md: sown and harvested within the first calendar year. Winter is aman rice, harvested Nov-Dec of the same year.",5,0
IN_defb5497bc67,IN,India,Grass pea,Kharif,6,10,supplied_season_calendar,"Year offsets from stablebound-india docs/RUNNING.md: 'Kharif, Autumn and Winter are sown and harvested within the first calendar year' and 'year is the harvest year'. Months are the standard Indian sowing/harvest window.",1,0
IN_2dfe8065af85,IN,India,Grass pea,Rabi,-1,4,supplied_season_calendar,"RUNNING.md: 'Rabi and Summer are sown in the first and harvested in the second'; year is the harvest year, so sowing falls in the previous calendar year.",92,49
IN_1a9ddc933cfb,IN,India,Grass pea,Whole Year,13,24,annual_following_year_assumption,January–December following reported sowing year. Crop-dependent harvest assignment remains unresolved.,24,0
IN_25aaa46042c1,IN,India,Groundnut,Autumn,5,9,supplied_season_calendar,RUNNING.md: sown and harvested within the first calendar year. Autumn is aus rice.,41,16
IN_800e84b66ba0,IN,India,Groundnut,Kharif,6,10,supplied_season_calendar,"Year offsets from stablebound-india docs/RUNNING.md: 'Kharif, Autumn and Winter are sown and harvested within the first calendar year' and 'year is the harvest year'. Months are the standard Indian sowing/harvest window.",377,187
IN_4015c4ec03c8,IN,India,Groundnut,Rabi,-1,4,supplied_season_calendar,"RUNNING.md: 'Rabi and Summer are sown in the first and harvested in the second'; year is the harvest year, so sowing falls in the previous calendar year.",121,16
IN_4a01b3761526,IN,India,Groundnut,Summer,3,6,supplied_season_calendar,"UNRESOLVED - see docs/SEASONS.md. RUNNING.md groups Summer with Rabi as sown-in-first/harvested-in-second, which would make planting_year_offset -1. But the zaid season runs March-June, which is the SECOND calendar year of a July-June agricultural year, giving 0. Recorded as 0 on the agronomy; needs Michael's call.",123,62
IN_b5e4619d0f97,IN,India,Groundnut,Whole Year,13,24,annual_following_year_assumption,January–December following reported sowing year. Crop-dependent harvest assignment remains unresolved.,82,0
IN_801358059626,IN,India,Groundnut,Winter,7,12,supplied_season_calendar,"RUNNING.md: sown and harvested within the first calendar year. Winter is aman rice, harvested Nov-Dec of the same year.",29,6
IN_752798ed25e7,IN,India,Guar,Kharif,6,10,supplied_season_calendar,"Year offsets from stablebound-india docs/RUNNING.md: 'Kharif, Autumn and Winter are sown and harvested within the first calendar year' and 'year is the harvest year'. Months are the standard Indian sowing/harvest window.",90,0
IN_1d4de25fe4c7,IN,India,Guar,Rabi,-1,4,supplied_season_calendar,"RUNNING.md: 'Rabi and Summer are sown in the first and harvested in the second'; year is the harvest year, so sowing falls in the previous calendar year.",2,0
IN_76bcaf3f0457,IN,India,Guar,Whole Year,13,24,annual_following_year_assumption,January–December following reported sowing year. Crop-dependent harvest assignment remains unresolved.,128,20
IN_fbbfb29889b3,IN,India,Horse gram,Kharif,6,10,supplied_season_calendar,"Year offsets from stablebound-india docs/RUNNING.md: 'Kharif, Autumn and Winter are sown and harvested within the first calendar year' and 'year is the harvest year'. Months are the standard Indian sowing/harvest window.",210,58
IN_77bf589f2a93,IN,India,Horse gram,Rabi,-1,4,supplied_season_calendar,"RUNNING.md: 'Rabi and Summer are sown in the first and harvested in the second'; year is the harvest year, so sowing falls in the previous calendar year.",107,24
IN_a75f94541015,IN,India,Horse gram,Summer,3,6,supplied_season_calendar,"UNRESOLVED - see docs/SEASONS.md. RUNNING.md groups Summer with Rabi as sown-in-first/harvested-in-second, which would make planting_year_offset -1. But the zaid season runs March-June, which is the SECOND calendar year of a July-June agricultural year, giving 0. Recorded as 0 on the agronomy; needs Michael's call.",31,0
IN_c657f18b2cf5,IN,India,Horse gram,Whole Year,13,24,annual_following_year_assumption,January–December following reported sowing year. Crop-dependent harvest assignment remains unresolved.,25,0
IN_3604819b05b0,IN,India,Horse gram,Winter,7,12,supplied_season_calendar,"RUNNING.md: sown and harvested within the first calendar year. Winter is aman rice, harvested Nov-Dec of the same year.",30,28
IN_6999298fb65f,IN,India,Jute,Autumn,5,9,supplied_season_calendar,RUNNING.md: sown and harvested within the first calendar year. Autumn is aus rice.,19,6
IN_e27f73f1643d,IN,India,Jute,Kharif,6,10,supplied_season_calendar,"Year offsets from stablebound-india docs/RUNNING.md: 'Kharif, Autumn and Winter are sown and harvested within the first calendar year' and 'year is the harvest year'. Months are the standard Indian sowing/harvest window.",142,50
IN_2fa81b9def0c,IN,India,Jute,Rabi,-1,4,supplied_season_calendar,"RUNNING.md: 'Rabi and Summer are sown in the first and harvested in the second'; year is the harvest year, so sowing falls in the previous calendar year.",6,0
IN_96e01c6d749b,IN,India,Jute,Summer,3,6,supplied_season_calendar,"UNRESOLVED - see docs/SEASONS.md. RUNNING.md groups Summer with Rabi as sown-in-first/harvested-in-second, which would make planting_year_offset -1. But the zaid season runs March-June, which is the SECOND calendar year of a July-June agricultural year, giving 0. Recorded as 0 on the agronomy; needs Michael's call.",1,0
IN_7cca3d51e9e1,IN,India,Kenaf,Kharif,6,10,supplied_season_calendar,"Year offsets from stablebound-india docs/RUNNING.md: 'Kharif, Autumn and Winter are sown and harvested within the first calendar year' and 'year is the harvest year'. Months are the standard Indian sowing/harvest window.",191,45
IN_96e9b333aabe,IN,India,Kenaf,Rabi,-1,4,supplied_season_calendar,"RUNNING.md: 'Rabi and Summer are sown in the first and harvested in the second'; year is the harvest year, so sowing falls in the previous calendar year.",2,0
IN_993be1c1c999,IN,India,Kenaf,Whole Year,13,24,annual_following_year_assumption,January–December following reported sowing year. Crop-dependent harvest assignment remains unresolved.,26,0
IN_5f8ff90a6545,IN,India,Lentil,Kharif,6,10,supplied_season_calendar,"Year offsets from stablebound-india docs/RUNNING.md: 'Kharif, Autumn and Winter are sown and harvested within the first calendar year' and 'year is the harvest year'. Months are the standard Indian sowing/harvest window.",66,0
IN_1f02df6b9808,IN,India,Lentil,Rabi,-1,4,supplied_season_calendar,"RUNNING.md: 'Rabi and Summer are sown in the first and harvested in the second'; year is the harvest year, so sowing falls in the previous calendar year.",310,134
IN_106b6d7fe9cd,IN,India,Lentil,Whole Year,13,24,annual_following_year_assumption,January–December following reported sowing year. Crop-dependent harvest assignment remains unresolved.,38,0
IN_aa977820b161,IN,India,Linseed,Kharif,6,10,supplied_season_calendar,"Year offsets from stablebound-india docs/RUNNING.md: 'Kharif, Autumn and Winter are sown and harvested within the first calendar year' and 'year is the harvest year'. Months are the standard Indian sowing/harvest window.",5,0
IN_92967d9b307b,IN,India,Linseed,Rabi,-1,4,supplied_season_calendar,"RUNNING.md: 'Rabi and Summer are sown in the first and harvested in the second'; year is the harvest year, so sowing falls in the previous calendar year.",316,132
IN_39aee17ee705,IN,India,Linseed,Whole Year,13,24,annual_following_year_assumption,January–December following reported sowing year. Crop-dependent harvest assignment remains unresolved.,51,0
IN_1a2abb6ce654,IN,India,Maize,Autumn,5,9,supplied_season_calendar,RUNNING.md: sown and harvested within the first calendar year. Autumn is aus rice.,109,22
IN_6069958784e7,IN,India,Maize,Kharif,6,10,prior_panel_window,Established panel window; see original report for calendar caveats.,448,264
IN_c1395cfbb6a8,IN,India,Maize,Rabi,-1,4,supplied_season_calendar,"RUNNING.md: 'Rabi and Summer are sown in the first and harvested in the second'; year is the harvest year, so sowing falls in the previous calendar year.",277,82
IN_608ab85a838e,IN,India,Maize,Summer,3,6,supplied_season_calendar,"UNRESOLVED - see docs/SEASONS.md. RUNNING.md groups Summer with Rabi as sown-in-first/harvested-in-second, which would make planting_year_offset -1. But the zaid season runs March-June, which is the SECOND calendar year of a July-June agricultural year, giving 0. Recorded as 0 on the agronomy; needs Michael's call.",237,64
IN_584bd85bfdf2,IN,India,Maize,Whole Year,13,24,annual_following_year_assumption,January–December following reported sowing year. Crop-dependent harvest assignment remains unresolved.,98,0
IN_a651c22ae187,IN,India,Maize,Winter,7,12,supplied_season_calendar,"RUNNING.md: sown and harvested within the first calendar year. Winter is aman rice, harvested Nov-Dec of the same year.",30,3
IN_fe8748c01f1e,IN,India,Moth bean,Kharif,6,10,supplied_season_calendar,"Year offsets from stablebound-india docs/RUNNING.md: 'Kharif, Autumn and Winter are sown and harvested within the first calendar year' and 'year is the harvest year'. Months are the standard Indian sowing/harvest window.",118,15
IN_461da74fe971,IN,India,Moth bean,Rabi,-1,4,supplied_season_calendar,"RUNNING.md: 'Rabi and Summer are sown in the first and harvested in the second'; year is the harvest year, so sowing falls in the previous calendar year.",5,0
IN_751909fb4b5b,IN,India,Moth bean,Whole Year,13,24,annual_following_year_assumption,January–December following reported sowing year. Crop-dependent harvest assignment remains unresolved.,19,0
IN_9b30da304c84,IN,India,Mung bean,Autumn,5,9,supplied_season_calendar,RUNNING.md: sown and harvested within the first calendar year. Autumn is aus rice.,22,6
IN_38e2cad0f42b,IN,India,Mung bean,Kharif,6,10,supplied_season_calendar,"Year offsets from stablebound-india docs/RUNNING.md: 'Kharif, Autumn and Winter are sown and harvested within the first calendar year' and 'year is the harvest year'. Months are the standard Indian sowing/harvest window.",410,180
IN_2f10cec1c3db,IN,India,Mung bean,Rabi,-1,4,supplied_season_calendar,"RUNNING.md: 'Rabi and Summer are sown in the first and harvested in the second'; year is the harvest year, so sowing falls in the previous calendar year.",278,32
IN_4356fa7a7bb5,IN,India,Mung bean,Summer,3,6,supplied_season_calendar,"UNRESOLVED - see docs/SEASONS.md. RUNNING.md groups Summer with Rabi as sown-in-first/harvested-in-second, which would make planting_year_offset -1. But the zaid season runs March-June, which is the SECOND calendar year of a July-June agricultural year, giving 0. Recorded as 0 on the agronomy; needs Michael's call.",253,73
IN_cd0563d6e7ba,IN,India,Mung bean,Whole Year,13,24,annual_following_year_assumption,January–December following reported sowing year. Crop-dependent harvest assignment remains unresolved.,45,0
IN_b3d9c912762a,IN,India,Mung bean,Winter,7,12,supplied_season_calendar,"RUNNING.md: sown and harvested within the first calendar year. Winter is aman rice, harvested Nov-Dec of the same year.",30,15
IN_be86e5d44297,IN,India,Niger seed,Kharif,6,10,supplied_season_calendar,"Year offsets from stablebound-india docs/RUNNING.md: 'Kharif, Autumn and Winter are sown and harvested within the first calendar year' and 'year is the harvest year'. Months are the standard Indian sowing/harvest window.",165,47
IN_277a0d5ac3fd,IN,India,Niger seed,Rabi,-1,4,supplied_season_calendar,"RUNNING.md: 'Rabi and Summer are sown in the first and harvested in the second'; year is the harvest year, so sowing falls in the previous calendar year.",20,0
IN_bdfa6335dcfc,IN,India,Niger seed,Whole Year,13,24,annual_following_year_assumption,January–December following reported sowing year. Crop-dependent harvest assignment remains unresolved.,41,0
IN_0d3b64a1dd14,IN,India,Niger seed,Winter,7,12,supplied_season_calendar,"RUNNING.md: sown and harvested within the first calendar year. Winter is aman rice, harvested Nov-Dec of the same year.",13,0
IN_f42d3a66ad98,IN,India,Onion,Autumn,5,9,supplied_season_calendar,RUNNING.md: sown and harvested within the first calendar year. Autumn is aus rice.,4,0
IN_adfc2e924f18,IN,India,Onion,Kharif,6,10,supplied_season_calendar,"Year offsets from stablebound-india docs/RUNNING.md: 'Kharif, Autumn and Winter are sown and harvested within the first calendar year' and 'year is the harvest year'. Months are the standard Indian sowing/harvest window.",125,2
IN_f072f170bbe2,IN,India,Onion,Rabi,-1,4,supplied_season_calendar,"RUNNING.md: 'Rabi and Summer are sown in the first and harvested in the second'; year is the harvest year, so sowing falls in the previous calendar year.",238,4
IN_2877dcb013a3,IN,India,Onion,Summer,3,6,supplied_season_calendar,"UNRESOLVED - see docs/SEASONS.md. RUNNING.md groups Summer with Rabi as sown-in-first/harvested-in-second, which would make planting_year_offset -1. But the zaid season runs March-June, which is the SECOND calendar year of a July-June agricultural year, giving 0. Recorded as 0 on the agronomy; needs Michael's call.",88,0
IN_50feb8553ea8,IN,India,Onion,Whole Year,13,24,annual_following_year_assumption,January–December following reported sowing year. Crop-dependent harvest assignment remains unresolved.,373,92
IN_1b7eec71c4a2,IN,India,Onion,Winter,7,12,supplied_season_calendar,"RUNNING.md: sown and harvested within the first calendar year. Winter is aman rice, harvested Nov-Dec of the same year.",2,0
IN_8795466666f5,IN,India,Other cereals,Kharif,6,10,supplied_season_calendar,"Year offsets from stablebound-india docs/RUNNING.md: 'Kharif, Autumn and Winter are sown and harvested within the first calendar year' and 'year is the harvest year'. Months are the standard Indian sowing/harvest window.",134,0
IN_dc480e7b5a5c,IN,India,Other cereals,Rabi,-1,4,supplied_season_calendar,"RUNNING.md: 'Rabi and Summer are sown in the first and harvested in the second'; year is the harvest year, so sowing falls in the previous calendar year.",115,0
IN_f316ff7ab21d,IN,India,Other cereals,Summer,3,6,supplied_season_calendar,"UNRESOLVED - see docs/SEASONS.md. RUNNING.md groups Summer with Rabi as sown-in-first/harvested-in-second, which would make planting_year_offset -1. But the zaid season runs March-June, which is the SECOND calendar year of a July-June agricultural year, giving 0. Recorded as 0 on the agronomy; needs Michael's call.",22,0
IN_46a5ac6ffdee,IN,India,Other pulses,Kharif,6,10,supplied_season_calendar,"Year offsets from stablebound-india docs/RUNNING.md: 'Kharif, Autumn and Winter are sown and harvested within the first calendar year' and 'year is the harvest year'. Months are the standard Indian sowing/harvest window.",10,0
IN_a1a4f47963b7,IN,India,Other pulses,Rabi,-1,4,supplied_season_calendar,"RUNNING.md: 'Rabi and Summer are sown in the first and harvested in the second'; year is the harvest year, so sowing falls in the previous calendar year.",30,0
IN_90e9d21715f2,IN,India,Pearl millet,Kharif,6,10,supplied_season_calendar,"Year offsets from stablebound-india docs/RUNNING.md: 'Kharif, Autumn and Winter are sown and harvested within the first calendar year' and 'year is the harvest year'. Months are the standard Indian sowing/harvest window.",342,151
IN_ff02e5cf0d70,IN,India,Pearl millet,Rabi,-1,4,supplied_season_calendar,"RUNNING.md: 'Rabi and Summer are sown in the first and harvested in the second'; year is the harvest year, so sowing falls in the previous calendar year.",52,3
IN_33940b6e39da,IN,India,Pearl millet,Summer,3,6,supplied_season_calendar,"UNRESOLVED - see docs/SEASONS.md. RUNNING.md groups Summer with Rabi as sown-in-first/harvested-in-second, which would make planting_year_offset -1. But the zaid season runs March-June, which is the SECOND calendar year of a July-June agricultural year, giving 0. Recorded as 0 on the agronomy; needs Michael's call.",43,5
IN_17badfd7bd98,IN,India,Pearl millet,Whole Year,13,24,annual_following_year_assumption,January–December following reported sowing year. Crop-dependent harvest assignment remains unresolved.,50,0
IN_9dc370209de7,IN,India,Peas and beans,Autumn,5,9,supplied_season_calendar,RUNNING.md: sown and harvested within the first calendar year. Autumn is aus rice.,5,0
IN_fc3fadb80f93,IN,India,Peas and beans,Kharif,6,10,supplied_season_calendar,"Year offsets from stablebound-india docs/RUNNING.md: 'Kharif, Autumn and Winter are sown and harvested within the first calendar year' and 'year is the harvest year'. Months are the standard Indian sowing/harvest window.",79,5
IN_528feb839e29,IN,India,Peas and beans,Rabi,-1,4,supplied_season_calendar,"RUNNING.md: 'Rabi and Summer are sown in the first and harvested in the second'; year is the harvest year, so sowing falls in the previous calendar year.",351,125
IN_cc07bbf8706f,IN,India,Peas and beans,Summer,3,6,supplied_season_calendar,"UNRESOLVED - see docs/SEASONS.md. RUNNING.md groups Summer with Rabi as sown-in-first/harvested-in-second, which would make planting_year_offset -1. But the zaid season runs March-June, which is the SECOND calendar year of a July-June agricultural year, giving 0. Recorded as 0 on the agronomy; needs Michael's call.",17,0
IN_1ae181e3ef3f,IN,India,Peas and beans,Whole Year,13,24,annual_following_year_assumption,January–December following reported sowing year. Crop-dependent harvest assignment remains unresolved.,110,0
IN_0021a708919e,IN,India,Peas and beans,Winter,7,12,supplied_season_calendar,"RUNNING.md: sown and harvested within the first calendar year. Winter is aman rice, harvested Nov-Dec of the same year.",4,0
IN_cf70d13a5271,IN,India,Pigeon pea,Autumn,5,9,supplied_season_calendar,RUNNING.md: sown and harvested within the first calendar year. Autumn is aus rice.,18,0
IN_0d64bd33c6fd,IN,India,Pigeon pea,Kharif,6,10,supplied_season_calendar,"Year offsets from stablebound-india docs/RUNNING.md: 'Kharif, Autumn and Winter are sown and harvested within the first calendar year' and 'year is the harvest year'. Months are the standard Indian sowing/harvest window.",418,252
IN_e24d66224708,IN,India,Pigeon pea,Rabi,-1,4,supplied_season_calendar,"RUNNING.md: 'Rabi and Summer are sown in the first and harvested in the second'; year is the harvest year, so sowing falls in the previous calendar year.",80,1
IN_35179a7340f3,IN,India,Pigeon pea,Summer,3,6,supplied_season_calendar,"UNRESOLVED - see docs/SEASONS.md. RUNNING.md groups Summer with Rabi as sown-in-first/harvested-in-second, which would make planting_year_offset -1. But the zaid season runs March-June, which is the SECOND calendar year of a July-June agricultural year, giving 0. Recorded as 0 on the agronomy; needs Michael's call.",28,0
IN_a0508ff50aa2,IN,India,Pigeon pea,Whole Year,13,24,annual_following_year_assumption,January–December following reported sowing year. Crop-dependent harvest assignment remains unresolved.,80,0
IN_7e284b110cd8,IN,India,Pigeon pea,Winter,7,12,supplied_season_calendar,"RUNNING.md: sown and harvested within the first calendar year. Winter is aman rice, harvested Nov-Dec of the same year.",33,0
IN_e435fd0ba4b5,IN,India,Potato,Autumn,5,9,supplied_season_calendar,RUNNING.md: sown and harvested within the first calendar year. Autumn is aus rice.,5,0
IN_28dde9dbd4f2,IN,India,Potato,Kharif,6,10,supplied_season_calendar,"Year offsets from stablebound-india docs/RUNNING.md: 'Kharif, Autumn and Winter are sown and harvested within the first calendar year' and 'year is the harvest year'. Months are the standard Indian sowing/harvest window.",117,3
IN_85c929c2f4ab,IN,India,Potato,Rabi,-1,4,supplied_season_calendar,"RUNNING.md: 'Rabi and Summer are sown in the first and harvested in the second'; year is the harvest year, so sowing falls in the previous calendar year.",218,0
IN_3cf96baf2b33,IN,India,Potato,Summer,3,6,supplied_season_calendar,"UNRESOLVED - see docs/SEASONS.md. RUNNING.md groups Summer with Rabi as sown-in-first/harvested-in-second, which would make planting_year_offset -1. But the zaid season runs March-June, which is the SECOND calendar year of a July-June agricultural year, giving 0. Recorded as 0 on the agronomy; needs Michael's call.",25,0
IN_b316fae93493,IN,India,Potato,Whole Year,13,24,annual_following_year_assumption,January–December following reported sowing year. Crop-dependent harvest assignment remains unresolved.,394,60
IN_c8287a9f74f5,IN,India,Potato,Winter,7,12,supplied_season_calendar,"RUNNING.md: sown and harvested within the first calendar year. Winter is aman rice, harvested Nov-Dec of the same year.",114,22
IN_30a1b6d4f292,IN,India,Rapeseed and mustard,Kharif,6,10,supplied_season_calendar,"Year offsets from stablebound-india docs/RUNNING.md: 'Kharif, Autumn and Winter are sown and harvested within the first calendar year' and 'year is the harvest year'. Months are the standard Indian sowing/harvest window.",28,0
IN_c73a17658db7,IN,India,Rapeseed and mustard,Rabi,-1,4,supplied_season_calendar,"RUNNING.md: 'Rabi and Summer are sown in the first and harvested in the second'; year is the harvest year, so sowing falls in the previous calendar year.",439,275
IN_2bd8615ce89b,IN,India,Rapeseed and mustard,Whole Year,13,24,annual_following_year_assumption,January–December following reported sowing year. Crop-dependent harvest assignment remains unresolved.,70,0
IN_fbcf8b0c9b41,IN,India,Rapeseed and mustard,Winter,7,12,supplied_season_calendar,"RUNNING.md: sown and harvested within the first calendar year. Winter is aman rice, harvested Nov-Dec of the same year.",32,22
IN_5a91a2c6dd28,IN,India,"Rice, milled",Autumn,5,9,supplied_season_calendar,RUNNING.md: sown and harvested within the first calendar year. Autumn is aus rice.,182,94
IN_235e099bfa4e,IN,India,"Rice, milled",Kharif,6,10,prior_panel_window,Established panel window; see original report for calendar caveats.,408,258
IN_239d0ea7b99a,IN,India,"Rice, milled",Rabi,-1,4,supplied_season_calendar,"RUNNING.md: 'Rabi and Summer are sown in the first and harvested in the second'; year is the harvest year, so sowing falls in the previous calendar year.",56,20
IN_fed0922e84fd,IN,India,"Rice, milled",Summer,3,6,supplied_season_calendar,"UNRESOLVED - see docs/SEASONS.md. RUNNING.md groups Summer with Rabi as sown-in-first/harvested-in-second, which would make planting_year_offset -1. But the zaid season runs March-June, which is the SECOND calendar year of a July-June agricultural year, giving 0. Recorded as 0 on the agronomy; needs Michael's call.",278,112
IN_4497f98bdf82,IN,India,"Rice, milled",Whole Year,13,24,annual_following_year_assumption,January–December following reported sowing year. Crop-dependent harvest assignment remains unresolved.,74,0
IN_dd914227d919,IN,India,"Rice, milled",Winter,7,12,supplied_season_calendar,"RUNNING.md: sown and harvested within the first calendar year. Winter is aman rice, harvested Nov-Dec of the same year.",177,116
IN_014dd337f00e,IN,India,Safflower,Kharif,6,10,supplied_season_calendar,"Year offsets from stablebound-india docs/RUNNING.md: 'Kharif, Autumn and Winter are sown and harvested within the first calendar year' and 'year is the harvest year'. Months are the standard Indian sowing/harvest window.",22,0
IN_2d437d031f4a,IN,India,Safflower,Rabi,-1,4,supplied_season_calendar,"RUNNING.md: 'Rabi and Summer are sown in the first and harvested in the second'; year is the harvest year, so sowing falls in the previous calendar year.",176,24
IN_6b8f2ba6df6f,IN,India,Safflower,Whole Year,13,24,annual_following_year_assumption,January–December following reported sowing year. Crop-dependent harvest assignment remains unresolved.,12,0
IN_5df1ce06127e,IN,India,Sesame,Autumn,5,9,supplied_season_calendar,RUNNING.md: sown and harvested within the first calendar year. Autumn is aus rice.,41,5
IN_ea7b51faef5a,IN,India,Sesame,Kharif,6,10,supplied_season_calendar,"Year offsets from stablebound-india docs/RUNNING.md: 'Kharif, Autumn and Winter are sown and harvested within the first calendar year' and 'year is the harvest year'. Months are the standard Indian sowing/harvest window.",423,190
IN_06a5fb706df4,IN,India,Sesame,Rabi,-1,4,supplied_season_calendar,"RUNNING.md: 'Rabi and Summer are sown in the first and harvested in the second'; year is the harvest year, so sowing falls in the previous calendar year.",107,14
IN_5c7245ffd11a,IN,India,Sesame,Summer,3,6,supplied_season_calendar,"UNRESOLVED - see docs/SEASONS.md. RUNNING.md groups Summer with Rabi as sown-in-first/harvested-in-second, which would make planting_year_offset -1. But the zaid season runs March-June, which is the SECOND calendar year of a July-June agricultural year, giving 0. Recorded as 0 on the agronomy; needs Michael's call.",82,10
IN_13ef5b192fce,IN,India,Sesame,Whole Year,13,24,annual_following_year_assumption,January–December following reported sowing year. Crop-dependent harvest assignment remains unresolved.,120,0
IN_b8d7750392df,IN,India,Sesame,Winter,7,12,supplied_season_calendar,"RUNNING.md: sown and harvested within the first calendar year. Winter is aman rice, harvested Nov-Dec of the same year.",50,13
IN_9e72236cea37,IN,India,Small millets,Autumn,5,9,supplied_season_calendar,RUNNING.md: sown and harvested within the first calendar year. Autumn is aus rice.,4,0
IN_413c5ce52df0,IN,India,Small millets,Kharif,6,10,supplied_season_calendar,"Year offsets from stablebound-india docs/RUNNING.md: 'Kharif, Autumn and Winter are sown and harvested within the first calendar year' and 'year is the harvest year'. Months are the standard Indian sowing/harvest window.",377,92
IN_e83d17c4b3ae,IN,India,Small millets,Rabi,-1,4,supplied_season_calendar,"RUNNING.md: 'Rabi and Summer are sown in the first and harvested in the second'; year is the harvest year, so sowing falls in the previous calendar year.",128,2
IN_f592b314ccb6,IN,India,Small millets,Summer,3,6,supplied_season_calendar,"UNRESOLVED - see docs/SEASONS.md. RUNNING.md groups Summer with Rabi as sown-in-first/harvested-in-second, which would make planting_year_offset -1. But the zaid season runs March-June, which is the SECOND calendar year of a July-June agricultural year, giving 0. Recorded as 0 on the agronomy; needs Michael's call.",25,0
IN_5010ca5c1e25,IN,India,Small millets,Whole Year,13,24,annual_following_year_assumption,January–December following reported sowing year. Crop-dependent harvest assignment remains unresolved.,58,0
IN_9445510c8fb9,IN,India,Sorghum,Autumn,5,9,supplied_season_calendar,RUNNING.md: sown and harvested within the first calendar year. Autumn is aus rice.,2,0
IN_7ef8ee62676c,IN,India,Sorghum,Kharif,6,10,supplied_season_calendar,"Year offsets from stablebound-india docs/RUNNING.md: 'Kharif, Autumn and Winter are sown and harvested within the first calendar year' and 'year is the harvest year'. Months are the standard Indian sowing/harvest window.",342,154
IN_87531e87e0bd,IN,India,Sorghum,Rabi,-1,4,supplied_season_calendar,"RUNNING.md: 'Rabi and Summer are sown in the first and harvested in the second'; year is the harvest year, so sowing falls in the previous calendar year.",121,43
IN_b58881ae0aa9,IN,India,Sorghum,Summer,3,6,supplied_season_calendar,"UNRESOLVED - see docs/SEASONS.md. RUNNING.md groups Summer with Rabi as sown-in-first/harvested-in-second, which would make planting_year_offset -1. But the zaid season runs March-June, which is the SECOND calendar year of a July-June agricultural year, giving 0. Recorded as 0 on the agronomy; needs Michael's call.",29,2
IN_91ab6fb5e5de,IN,India,Sorghum,Whole Year,13,24,annual_following_year_assumption,January–December following reported sowing year. Crop-dependent harvest assignment remains unresolved.,34,0
IN_7ddce4f66b8f,IN,India,Soybean,Autumn,5,9,supplied_season_calendar,RUNNING.md: sown and harvested within the first calendar year. Autumn is aus rice.,5,0
IN_4121b003c11d,IN,India,Soybean,Kharif,6,10,prior_panel_window,Established panel window; see original report for calendar caveats.,275,114
IN_b510c212efd9,IN,India,Soybean,Rabi,-1,4,supplied_season_calendar,"RUNNING.md: 'Rabi and Summer are sown in the first and harvested in the second'; year is the harvest year, so sowing falls in the previous calendar year.",14,0
IN_51f2920deab7,IN,India,Soybean,Summer,3,6,supplied_season_calendar,"UNRESOLVED - see docs/SEASONS.md. RUNNING.md groups Summer with Rabi as sown-in-first/harvested-in-second, which would make planting_year_offset -1. But the zaid season runs March-June, which is the SECOND calendar year of a July-June agricultural year, giving 0. Recorded as 0 on the agronomy; needs Michael's call.",25,0
IN_edb0eb0906f1,IN,India,Soybean,Whole Year,13,24,annual_following_year_assumption,January–December following reported sowing year. Crop-dependent harvest assignment remains unresolved.,39,0
IN_831333b83072,IN,India,Soybean,Winter,7,12,supplied_season_calendar,"RUNNING.md: sown and harvested within the first calendar year. Winter is aman rice, harvested Nov-Dec of the same year.",2,0
IN_eb88c8203e7c,IN,India,Sugarcane,Autumn,5,9,supplied_season_calendar,RUNNING.md: sown and harvested within the first calendar year. Autumn is aus rice.,5,0
IN_fb421d627088,IN,India,Sugarcane,Kharif,6,10,supplied_season_calendar,"Year offsets from stablebound-india docs/RUNNING.md: 'Kharif, Autumn and Winter are sown and harvested within the first calendar year' and 'year is the harvest year'. Months are the standard Indian sowing/harvest window.",143,1
IN_c1ab31c1aaba,IN,India,Sugarcane,Rabi,-1,4,supplied_season_calendar,"RUNNING.md: 'Rabi and Summer are sown in the first and harvested in the second'; year is the harvest year, so sowing falls in the previous calendar year.",10,0
IN_17b6096f14b0,IN,India,Sugarcane,Summer,3,6,supplied_season_calendar,"UNRESOLVED - see docs/SEASONS.md. RUNNING.md groups Summer with Rabi as sown-in-first/harvested-in-second, which would make planting_year_offset -1. But the zaid season runs March-June, which is the SECOND calendar year of a July-June agricultural year, giving 0. Recorded as 0 on the agronomy; needs Michael's call.",2,0
IN_7f62c1599c9a,IN,India,Sugarcane,Whole Year,13,24,annual_following_year_assumption,January–December following reported sowing year. Crop-dependent harvest assignment remains unresolved.,438,217
IN_2868b0c8fa19,IN,India,Sugarcane,Winter,7,12,supplied_season_calendar,"RUNNING.md: sown and harvested within the first calendar year. Winter is aman rice, harvested Nov-Dec of the same year.",33,19
IN_821481f6b77a,IN,India,Sunn hemp,Autumn,5,9,supplied_season_calendar,RUNNING.md: sown and harvested within the first calendar year. Autumn is aus rice.,5,0
IN_9d04dbf21b31,IN,India,Sunn hemp,Kharif,6,10,supplied_season_calendar,"Year offsets from stablebound-india docs/RUNNING.md: 'Kharif, Autumn and Winter are sown and harvested within the first calendar year' and 'year is the harvest year'. Months are the standard Indian sowing/harvest window.",205,0
IN_3cc056d745f4,IN,India,Sunn hemp,Rabi,-1,4,supplied_season_calendar,"RUNNING.md: 'Rabi and Summer are sown in the first and harvested in the second'; year is the harvest year, so sowing falls in the previous calendar year.",6,0
IN_65a4ebc17fb9,IN,India,Sunn hemp,Whole Year,13,24,annual_following_year_assumption,January–December following reported sowing year. Crop-dependent harvest assignment remains unresolved.,245,0
IN_8a22b158071e,IN,India,Sunn hemp,Winter,7,12,supplied_season_calendar,"RUNNING.md: sown and harvested within the first calendar year. Winter is aman rice, harvested Nov-Dec of the same year.",1,0
IN_4d3e383ac725,IN,India,Sweet potato,Autumn,5,9,supplied_season_calendar,RUNNING.md: sown and harvested within the first calendar year. Autumn is aus rice.,1,0
IN_26e8f924b3d0,IN,India,Sweet potato,Kharif,6,10,supplied_season_calendar,"Year offsets from stablebound-india docs/RUNNING.md: 'Kharif, Autumn and Winter are sown and harvested within the first calendar year' and 'year is the harvest year'. Months are the standard Indian sowing/harvest window.",133,0
IN_3c192f8c772d,IN,India,Sweet potato,Rabi,-1,4,supplied_season_calendar,"RUNNING.md: 'Rabi and Summer are sown in the first and harvested in the second'; year is the harvest year, so sowing falls in the previous calendar year.",70,0
IN_f3ff0897848b,IN,India,Sweet potato,Whole Year,13,24,annual_following_year_assumption,January–December following reported sowing year. Crop-dependent harvest assignment remains unresolved.,307,60
IN_3f522ecfd1c8,IN,India,Sweet potato,Winter,7,12,supplied_season_calendar,"RUNNING.md: sown and harvested within the first calendar year. Winter is aman rice, harvested Nov-Dec of the same year.",1,0
IN_962dc7982a86,IN,India,Tobacco,Kharif,6,10,supplied_season_calendar,"Year offsets from stablebound-india docs/RUNNING.md: 'Kharif, Autumn and Winter are sown and harvested within the first calendar year' and 'year is the harvest year'. Months are the standard Indian sowing/harvest window.",43,0
IN_0663cbba7811,IN,India,Tobacco,Rabi,-1,4,supplied_season_calendar,"RUNNING.md: 'Rabi and Summer are sown in the first and harvested in the second'; year is the harvest year, so sowing falls in the previous calendar year.",107,0
IN_818b3f8c0c7b,IN,India,Tobacco,Summer,3,6,supplied_season_calendar,"UNRESOLVED - see docs/SEASONS.md. RUNNING.md groups Summer with Rabi as sown-in-first/harvested-in-second, which would make planting_year_offset -1. But the zaid season runs March-June, which is the SECOND calendar year of a July-June agricultural year, giving 0. Recorded as 0 on the agronomy; needs Michael's call.",25,0
IN_9822de53fb52,IN,India,Tobacco,Whole Year,13,24,annual_following_year_assumption,January–December following reported sowing year. Crop-dependent harvest assignment remains unresolved.,228,26
IN_55004bc9432b,IN,India,Turmeric,Autumn,5,9,supplied_season_calendar,RUNNING.md: sown and harvested within the first calendar year. Autumn is aus rice.,6,0
IN_655ac2c8df15,IN,India,Turmeric,Kharif,6,10,supplied_season_calendar,"Year offsets from stablebound-india docs/RUNNING.md: 'Kharif, Autumn and Winter are sown and harvested within the first calendar year' and 'year is the harvest year'. Months are the standard Indian sowing/harvest window.",64,0
IN_e491aa71a710,IN,India,Turmeric,Rabi,-1,4,supplied_season_calendar,"RUNNING.md: 'Rabi and Summer are sown in the first and harvested in the second'; year is the harvest year, so sowing falls in the previous calendar year.",70,0
IN_7f0d7bc8d97a,IN,India,Turmeric,Summer,3,6,supplied_season_calendar,"UNRESOLVED - see docs/SEASONS.md. RUNNING.md groups Summer with Rabi as sown-in-first/harvested-in-second, which would make planting_year_offset -1. But the zaid season runs March-June, which is the SECOND calendar year of a July-June agricultural year, giving 0. Recorded as 0 on the agronomy; needs Michael's call.",1,0
IN_cbd10d800ea9,IN,India,Turmeric,Whole Year,13,24,annual_following_year_assumption,January–December following reported sowing year. Crop-dependent harvest assignment remains unresolved.,330,75
IN_65d29e37be23,IN,India,Turmeric,Winter,7,12,supplied_season_calendar,"RUNNING.md: sown and harvested within the first calendar year. Winter is aman rice, harvested Nov-Dec of the same year.",2,0
IN_116e9e26590c,IN,India,Wheat,Kharif,6,10,supplied_season_calendar,"Year offsets from stablebound-india docs/RUNNING.md: 'Kharif, Autumn and Winter are sown and harvested within the first calendar year' and 'year is the harvest year'. Months are the standard Indian sowing/harvest window.",12,0
IN_9e47afcdbfd4,IN,India,Wheat,Rabi,-1,4,prior_panel_window,Established panel window; see original report for calendar caveats.,421,326
IN_c3fc9bcf65f9,IN,India,Wheat,Summer,3,6,supplied_season_calendar,"UNRESOLVED - see docs/SEASONS.md. RUNNING.md groups Summer with Rabi as sown-in-first/harvested-in-second, which would make planting_year_offset -1. But the zaid season runs March-June, which is the SECOND calendar year of a July-June agricultural year, giving 0. Recorded as 0 on the agronomy; needs Michael's call.",30,0
IN_772719f788f4,IN,India,Wheat,Whole Year,13,24,annual_following_year_assumption,January–December following reported sowing year. Crop-dependent harvest assignment remains unresolved.,39,0
IN_0bd90b8e1f75,IN,India,Wheat,Winter,7,12,supplied_season_calendar,"RUNNING.md: sown and harvested within the first calendar year. Winter is aman rice, harvested Nov-Dec of the same year.",11,0
TH_7785ce924857,TH,Thailand,Asparagus,Unspecified,1,12,calendar_year_assumption,January–December of reported year. Annual aggregation or missing crop calendar; crop-specific window remains unresolved.,20,0
TH_d75a6de322eb,TH,Thailand,Black pepper,Unspecified,1,12,calendar_year_assumption,January–December of reported year. Annual aggregation or missing crop calendar; crop-specific window remains unresolved.,8,5
TH_34339d1c40bb,TH,Thailand,Cassava,Unspecified,1,12,calendar_year_assumption,January–December of reported year. Annual aggregation or missing crop calendar; crop-specific window remains unresolved.,50,44
TH_de5884f5687d,TH,Thailand,"Coconut, dry",Unspecified,1,12,calendar_year_assumption,January–December of reported year. Annual aggregation or missing crop calendar; crop-specific window remains unresolved.,57,0
TH_eb6c3468106a,TH,Thailand,Coffee,Unspecified,1,12,calendar_year_assumption,January–December of reported year. Annual aggregation or missing crop calendar; crop-specific window remains unresolved.,36,18
TH_9046a0f07ada,TH,Thailand,Garlic,Unspecified,1,12,calendar_year_assumption,January–December of reported year. Annual aggregation or missing crop calendar; crop-specific window remains unresolved.,20,14
TH_113725398248,TH,Thailand,Lime,Unspecified,1,12,calendar_year_assumption,January–December of reported year. Annual aggregation or missing crop calendar; crop-specific window remains unresolved.,33,0
TH_a97345accb72,TH,Thailand,Longkong,Unspecified,1,12,calendar_year_assumption,January–December of reported year. Annual aggregation or missing crop calendar; crop-specific window remains unresolved.,26,0
TH_e3b9ba56a983,TH,Thailand,Lychee,Unspecified,1,12,calendar_year_assumption,January–December of reported year. Annual aggregation or missing crop calendar; crop-specific window remains unresolved.,20,16
TH_591d88755a3a,TH,Thailand,"Maize, baby",Unspecified,1,12,calendar_year_assumption,January–December of reported year. Annual aggregation or missing crop calendar; crop-specific window remains unresolved.,18,0
TH_5f891729b5b5,TH,Thailand,"Maize, feed",All Year,1,12,calendar_year_assumption,January–December of reported year. Annual aggregation or missing crop calendar; crop-specific window remains unresolved.,48,38
TH_39b430bc30e5,TH,Thailand,"Maize, feed",Dry,1,5,supplied_season_calendar,"No date fields in the source. Months are the second, largely irrigated season. Same caveats as 'Wet'.",48,19
TH_850f48c2d3bf,TH,Thailand,"Maize, feed",Wet,6,11,supplied_season_calendar,"NO date fields exist anywhere in the Thai source - Start and End Period are empty on all 32,779 rows. These months are the main rainfed (southwest monsoon) season. Thailand applies 'Wet' across many crops, so this describes a growing regime, not a crop calendar, and whether `year` is the harvest year is UNVERIFIED for Thailand.",46,35
TH_1ac376e96225,TH,Thailand,"Maize, sweet",Unspecified,1,12,calendar_year_assumption,January–December of reported year. Annual aggregation or missing crop calendar; crop-specific window remains unresolved.,62,0
TH_c8330ac361b9,TH,Thailand,Mandarin orange,Unspecified,1,12,calendar_year_assumption,January–December of reported year. Annual aggregation or missing crop calendar; crop-specific window remains unresolved.,53,0
TH_2d4597d23069,TH,Thailand,Mangosteen,Unspecified,1,12,calendar_year_assumption,January–December of reported year. Annual aggregation or missing crop calendar; crop-specific window remains unresolved.,25,20
TH_86b4575fafa5,TH,Thailand,Oil palm,Unspecified,1,12,calendar_year_assumption,January–December of reported year. Annual aggregation or missing crop calendar; crop-specific window remains unresolved.,71,20
TH_8285d099e58d,TH,Thailand,Okra,Unspecified,1,12,calendar_year_assumption,January–December of reported year. Annual aggregation or missing crop calendar; crop-specific window remains unresolved.,11,0
TH_0261378c5cbb,TH,Thailand,"Onion, bulb",Unspecified,1,12,calendar_year_assumption,January–December of reported year. Annual aggregation or missing crop calendar; crop-specific window remains unresolved.,6,4
TH_bbad3e58e15d,TH,Thailand,Pineapple,Unspecified,1,12,calendar_year_assumption,January–December of reported year. Annual aggregation or missing crop calendar; crop-specific window remains unresolved.,31,17
TH_416775388043,TH,Thailand,Potato,Unspecified,1,12,calendar_year_assumption,January–December of reported year. Annual aggregation or missing crop calendar; crop-specific window remains unresolved.,14,6
TH_31a3e0615704,TH,Thailand,"Potato, consumption",Unspecified,1,12,calendar_year_assumption,January–December of reported year. Annual aggregation or missing crop calendar; crop-specific window remains unresolved.,14,1
TH_b10d19037529,TH,Thailand,"Potato, industrial",Unspecified,1,12,calendar_year_assumption,January–December of reported year. Annual aggregation or missing crop calendar; crop-specific window remains unresolved.,14,6
TH_72dc93d60c7d,TH,Thailand,Rambutan,Unspecified,1,12,calendar_year_assumption,January–December of reported year. Annual aggregation or missing crop calendar; crop-specific window remains unresolved.,41,22
TH_7367f69dfcec,TH,Thailand,"Rice, paddy",Dry,1,5,prior_panel_window,Established panel window; see original report for calendar caveats.,71,67
TH_3174b20d0dff,TH,Thailand,"Rice, paddy",Wet,6,11,prior_panel_window,Established panel window; see original report for calendar caveats.,72,72
TH_5edb1fa08829,TH,Thailand,Rubber,Unspecified,1,12,calendar_year_assumption,January–December of reported year. Annual aggregation or missing crop calendar; crop-specific window remains unresolved.,64,44
TH_e7b95e0d042b,TH,Thailand,Shallot,Unspecified,1,12,calendar_year_assumption,January–December of reported year. Annual aggregation or missing crop calendar; crop-specific window remains unresolved.,27,16
TH_f86766e280ec,TH,Thailand,Soybean,All Year,1,12,calendar_year_assumption,January–December of reported year. Annual aggregation or missing crop calendar; crop-specific window remains unresolved.,47,31
TH_adad08031615,TH,Thailand,Soybean,Dry,1,5,supplied_season_calendar,"No date fields in the source. Months are the second, largely irrigated season. Same caveats as 'Wet'.",46,25
TH_70e0986f5100,TH,Thailand,Soybean,Wet,6,11,supplied_season_calendar,"NO date fields exist anywhere in the Thai source - Start and End Period are empty on all 32,779 rows. These months are the main rainfed (southwest monsoon) season. Thailand applies 'Wet' across many crops, so this describes a growing regime, not a crop calendar, and whether `year` is the harvest year is UNVERIFIED for Thailand.",41,27
VN_9a7afb8fef26,VN,Viet Nam,Cassava,Calendar Year,1,12,calendar_year_assumption,January–December of reported year. Annual aggregation or missing crop calendar; crop-specific window remains unresolved.,37,20
VN_9f5f3e821821,VN,Viet Nam,Coffee,Calendar Year,1,12,calendar_year_assumption,January–December of reported year. Annual aggregation or missing crop calendar; crop-specific window remains unresolved.,19,0
VN_227f39865d73,VN,Viet Nam,"Groundnut, in shell",Calendar Year,1,12,calendar_year_assumption,January–December of reported year. Annual aggregation or missing crop calendar; crop-specific window remains unresolved.,36,9
VN_1f31d1ca4251,VN,Viet Nam,Maize,Calendar Year,1,12,calendar_year_assumption,January–December of reported year. Annual aggregation or missing crop calendar; crop-specific window remains unresolved.,37,37
VN_f5ea44406f74,VN,Viet Nam,"Rice, paddy",Northern Autumn Rice,6,10,prior_panel_window,Established panel window; see original report for calendar caveats.,7,5
VN_da9898accc36,VN,Viet Nam,"Rice, paddy",Northern Spring Rice,-1,5,prior_panel_window,Established panel window; see original report for calendar caveats.,21,21
VN_203f4d16e19a,VN,Viet Nam,"Rice, paddy",Northern Winter Rice,7,11,prior_panel_window,Established panel window; see original report for calendar caveats.,21,21
VN_05bf8d63aaa2,VN,Viet Nam,"Rice, paddy",Southern Autumn Rice,6,10,prior_panel_window,Established panel window; see original report for calendar caveats.,14,13
VN_5ed8a80062ef,VN,Viet Nam,"Rice, paddy",Southern Spring Rice,-1,5,prior_panel_window,Established panel window; see original report for calendar caveats.,16,15
VN_5c9b2397ad8e,VN,Viet Nam,"Rice, paddy",Southern Winter Rice,8,12,prior_panel_window,Established panel window; see original report for calendar caveats.,16,16
VN_63c34e8ecb6e,VN,Viet Nam,Soybean,Calendar Year,1,12,calendar_year_assumption,January–December of reported year. Annual aggregation or missing crop calendar; crop-specific window remains unresolved.,34,14
VN_912f8fdd5a2c,VN,Viet Nam,Sugarcane,Calendar Year,1,12,calendar_year_assumption,January–December of reported year. Annual aggregation or missing crop calendar; crop-specific window remains unresolved.,37,16
VN_23b0af8564dc,VN,Viet Nam,Sweet potato,Calendar Year,1,12,calendar_year_assumption,January–December of reported year. Annual aggregation or missing crop calendar; crop-specific window remains unresolved.,37,37
VN_1f0628970d5a,VN,Viet Nam,Tea,Calendar Year,1,12,calendar_year_assumption,January–December of reported year. Annual aggregation or missing crop calendar; crop-specific window remains unresolved.,22,0
ID_31e96e41e860,ID,Indonesia,Aloe vera,Annual,1,12,calendar_year_assumption,January–December of reported year. Annual aggregation or missing crop calendar; crop-specific window remains unresolved.,26,0
ID_e4b7a08ed91e,ID,Indonesia,Apple,Annual,1,12,calendar_year_assumption,January–December of reported year. Annual aggregation or missing crop calendar; crop-specific window remains unresolved.,26,0
ID_3e54b7c390c5,ID,Indonesia,Avocado,Annual,1,12,calendar_year_assumption,January–December of reported year. Annual aggregation or missing crop calendar; crop-specific window remains unresolved.,26,26
ID_76e8aa4fe866,ID,Indonesia,Banana,Annual,1,12,calendar_year_assumption,January–December of reported year. Annual aggregation or missing crop calendar; crop-specific window remains unresolved.,26,26
ID_059c28b06ad2,ID,Indonesia,Breadfruit,Annual,1,12,calendar_year_assumption,January–December of reported year. Annual aggregation or missing crop calendar; crop-specific window remains unresolved.,26,26
ID_6b72a92fac48,ID,Indonesia,Cabbage,Annual,1,12,calendar_year_assumption,January–December of reported year. Annual aggregation or missing crop calendar; crop-specific window remains unresolved.,26,24
ID_51f464382daa,ID,Indonesia,Cantaloupe,Annual,1,12,calendar_year_assumption,January–December of reported year. Annual aggregation or missing crop calendar; crop-specific window remains unresolved.,26,0
ID_aa351d799d40,ID,Indonesia,Cardamom,Annual,1,12,calendar_year_assumption,January–December of reported year. Annual aggregation or missing crop calendar; crop-specific window remains unresolved.,26,4
ID_22c58a39548f,ID,Indonesia,Carrot,Annual,1,12,calendar_year_assumption,January–December of reported year. Annual aggregation or missing crop calendar; crop-specific window remains unresolved.,26,17
ID_a0e8795125c5,ID,Indonesia,Cassava,Annual,1,12,calendar_year_assumption,January–December of reported year. Annual aggregation or missing crop calendar; crop-specific window remains unresolved.,26,26
ID_3894526a3d20,ID,Indonesia,Chayote,Annual,1,12,calendar_year_assumption,January–December of reported year. Annual aggregation or missing crop calendar; crop-specific window remains unresolved.,26,25
ID_c328edfd7b1a,ID,Indonesia,Chilli pepper,Annual,1,12,calendar_year_assumption,January–December of reported year. Annual aggregation or missing crop calendar; crop-specific window remains unresolved.,26,0
ID_f153c275fbee,ID,Indonesia,Cucumber,Annual,1,12,calendar_year_assumption,January–December of reported year. Annual aggregation or missing crop calendar; crop-specific window remains unresolved.,26,26
ID_a21b60205de1,ID,Indonesia,Durian,Annual,1,12,calendar_year_assumption,January–December of reported year. Annual aggregation or missing crop calendar; crop-specific window remains unresolved.,26,26
ID_a244ac126e2a,ID,Indonesia,Eggplant,Annual,1,12,calendar_year_assumption,January–December of reported year. Annual aggregation or missing crop calendar; crop-specific window remains unresolved.,26,26
ID_b76affd5c5c3,ID,Indonesia,Garlic,Annual,1,12,calendar_year_assumption,January–December of reported year. Annual aggregation or missing crop calendar; crop-specific window remains unresolved.,26,15
ID_ff5ab0390fc3,ID,Indonesia,Ginger,Annual,1,12,calendar_year_assumption,January–December of reported year. Annual aggregation or missing crop calendar; crop-specific window remains unresolved.,26,12
ID_89a57a937219,ID,Indonesia,Grape,Annual,1,12,calendar_year_assumption,January–December of reported year. Annual aggregation or missing crop calendar; crop-specific window remains unresolved.,26,0
ID_76c7f9dbba65,ID,Indonesia,Green bean,Annual,1,12,calendar_year_assumption,January–December of reported year. Annual aggregation or missing crop calendar; crop-specific window remains unresolved.,26,25
ID_e739f50507f5,ID,Indonesia,Groundnut,Annual,1,12,calendar_year_assumption,January–December of reported year. Annual aggregation or missing crop calendar; crop-specific window remains unresolved.,26,26
ID_4c6d7607c487,ID,Indonesia,Guava,Annual,1,12,calendar_year_assumption,January–December of reported year. Annual aggregation or missing crop calendar; crop-specific window remains unresolved.,26,26
ID_f18e18c90895,ID,Indonesia,Jackfruit,Annual,1,12,calendar_year_assumption,January–December of reported year. Annual aggregation or missing crop calendar; crop-specific window remains unresolved.,26,26
ID_74406c88c8e1,ID,Indonesia,Kidney bean,Annual,1,12,calendar_year_assumption,January–December of reported year. Annual aggregation or missing crop calendar; crop-specific window remains unresolved.,26,22
ID_5427bb7dca49,ID,Indonesia,Leek,Annual,1,12,calendar_year_assumption,January–December of reported year. Annual aggregation or missing crop calendar; crop-specific window remains unresolved.,26,25
ID_184d523db96f,ID,Indonesia,Longkong,Annual,1,12,calendar_year_assumption,January–December of reported year. Annual aggregation or missing crop calendar; crop-specific window remains unresolved.,26,26
ID_e43ce8f351a9,ID,Indonesia,Maize,Annual,-2,9,prior_panel_window,Established panel window; see original report for calendar caveats.,26,26
ID_7f3a39a50227,ID,Indonesia,Mango,Annual,1,12,calendar_year_assumption,January–December of reported year. Annual aggregation or missing crop calendar; crop-specific window remains unresolved.,26,26
ID_ea5b953d535d,ID,Indonesia,Mangosteen,Annual,1,12,calendar_year_assumption,January–December of reported year. Annual aggregation or missing crop calendar; crop-specific window remains unresolved.,26,23
ID_458e088e7621,ID,Indonesia,Melon,Annual,1,12,calendar_year_assumption,January–December of reported year. Annual aggregation or missing crop calendar; crop-specific window remains unresolved.,26,24
ID_0f031cbc9792,ID,Indonesia,Mung bean,Annual,1,12,calendar_year_assumption,January–December of reported year. Annual aggregation or missing crop calendar; crop-specific window remains unresolved.,26,25
ID_4eb165fa592b,ID,Indonesia,Mushrooms,Annual,1,12,calendar_year_assumption,January–December of reported year. Annual aggregation or missing crop calendar; crop-specific window remains unresolved.,26,0
ID_f5c445db014e,ID,Indonesia,Mustard greens,Annual,1,12,calendar_year_assumption,January–December of reported year. Annual aggregation or missing crop calendar; crop-specific window remains unresolved.,26,26
ID_a5a58e284e00,ID,Indonesia,Orange,Annual,1,12,calendar_year_assumption,January–December of reported year. Annual aggregation or missing crop calendar; crop-specific window remains unresolved.,26,0
ID_f11fd2c156e7,ID,Indonesia,Papaya,Annual,1,12,calendar_year_assumption,January–December of reported year. Annual aggregation or missing crop calendar; crop-specific window remains unresolved.,26,26
ID_0108f412d3e0,ID,Indonesia,Passion fruit,Annual,1,12,calendar_year_assumption,January–December of reported year. Annual aggregation or missing crop calendar; crop-specific window remains unresolved.,26,0
ID_38294433166f,ID,Indonesia,Pineapple,Annual,1,12,calendar_year_assumption,January–December of reported year. Annual aggregation or missing crop calendar; crop-specific window remains unresolved.,26,25
ID_baa13a090bbc,ID,Indonesia,Pitaya,Annual,1,12,calendar_year_assumption,January–December of reported year. Annual aggregation or missing crop calendar; crop-specific window remains unresolved.,26,0
ID_383b2bdc1f20,ID,Indonesia,Potato,Annual,1,12,calendar_year_assumption,January–December of reported year. Annual aggregation or missing crop calendar; crop-specific window remains unresolved.,26,19
ID_ffa51015d27d,ID,Indonesia,Radish,Annual,1,12,calendar_year_assumption,January–December of reported year. Annual aggregation or missing crop calendar; crop-specific window remains unresolved.,26,17
ID_5aa8c27848d0,ID,Indonesia,Rambutan,Annual,1,12,calendar_year_assumption,January–December of reported year. Annual aggregation or missing crop calendar; crop-specific window remains unresolved.,26,26
ID_85b2ed365fd2,ID,Indonesia,"Rice, paddy",Annual,-2,9,prior_panel_window,Established panel window; see original report for calendar caveats.,26,26
ID_8a4e7c82c724,ID,Indonesia,"Rice, paddy, dryland",Annual,-2,9,rice_family_window,"Same climate window as the corresponding paddy-rice panel; processed forms and rice components remain separate, overlapping views.",26,25
ID_fc85e76a88b0,ID,Indonesia,"Rice, paddy, wetland",Annual,-2,9,rice_family_window,"Same climate window as the corresponding paddy-rice panel; processed forms and rice components remain separate, overlapping views.",26,26
ID_e83ad8e9cca2,ID,Indonesia,Sapodilla,Annual,1,12,calendar_year_assumption,January–December of reported year. Annual aggregation or missing crop calendar; crop-specific window remains unresolved.,26,23
ID_9ab72d103f18,ID,Indonesia,Shallot,Annual,1,12,calendar_year_assumption,January–December of reported year. Annual aggregation or missing crop calendar; crop-specific window remains unresolved.,26,23
ID_932bdabc6549,ID,Indonesia,Soursop,Annual,1,12,calendar_year_assumption,January–December of reported year. Annual aggregation or missing crop calendar; crop-specific window remains unresolved.,26,26
ID_000771a02ee3,ID,Indonesia,Soybean,Annual,1,12,calendar_year_assumption,January–December of reported year. Annual aggregation or missing crop calendar; crop-specific window remains unresolved.,26,25
ID_e10d9a6a1e7b,ID,Indonesia,Spinach,Annual,1,12,calendar_year_assumption,January–December of reported year. Annual aggregation or missing crop calendar; crop-specific window remains unresolved.,26,26
ID_6563b71c2811,ID,Indonesia,Star fruit,Annual,1,12,calendar_year_assumption,January–December of reported year. Annual aggregation or missing crop calendar; crop-specific window remains unresolved.,26,26
ID_23a7ac002c6e,ID,Indonesia,Sweet potato,Annual,1,12,calendar_year_assumption,January–December of reported year. Annual aggregation or missing crop calendar; crop-specific window remains unresolved.,26,25
ID_26c36ce1b23c,ID,Indonesia,Tomato,Annual,1,12,calendar_year_assumption,January–December of reported year. Annual aggregation or missing crop calendar; crop-specific window remains unresolved.,26,26
ID_18519fdf4744,ID,Indonesia,Water spinach,Annual,1,12,calendar_year_assumption,January–December of reported year. Annual aggregation or missing crop calendar; crop-specific window remains unresolved.,26,26
ID_c8be58eb5f5f,ID,Indonesia,Watermelon,Annual,1,12,calendar_year_assumption,January–December of reported year. Annual aggregation or missing crop calendar; crop-specific window remains unresolved.,26,25
ID_6907e6f2bd97,ID,Indonesia,Yardlong bean,Annual,1,12,calendar_year_assumption,January–December of reported year. Annual aggregation or missing crop calendar; crop-specific window remains unresolved.,26,26
JP_c019fc59ef06,JP,Japan,Adzuki bean,Annual,1,12,calendar_year_assumption,January–December of reported year. Annual aggregation or missing crop calendar; crop-specific window remains unresolved.,34,0
JP_139f49910dc5,JP,Japan,Ash gourd,Annual,1,12,calendar_year_assumption,January–December of reported year. Annual aggregation or missing crop calendar; crop-specific window remains unresolved.,4,0
JP_d5b9508dd984,JP,Japan,Asparagus,Annual,1,12,calendar_year_assumption,January–December of reported year. Annual aggregation or missing crop calendar; crop-specific window remains unresolved.,13,0
JP_57e0339d409b,JP,Japan,Bamboo shoot,Annual,1,12,calendar_year_assumption,January–December of reported year. Annual aggregation or missing crop calendar; crop-specific window remains unresolved.,47,0
JP_d34537fc7e83,JP,Japan,"Barley, naked",Annual,1,12,calendar_year_assumption,January–December of reported year. Annual aggregation or missing crop calendar; crop-specific window remains unresolved.,11,0
JP_ab4a1b8aade2,JP,Japan,"Barley, six-row",Annual,1,12,calendar_year_assumption,January–December of reported year. Annual aggregation or missing crop calendar; crop-specific window remains unresolved.,21,0
JP_71678e574e31,JP,Japan,"Barley, two-row",Annual,1,12,calendar_year_assumption,January–December of reported year. Annual aggregation or missing crop calendar; crop-specific window remains unresolved.,18,0
JP_5fb563b70d05,JP,Japan,Bell pepper,Main,5,9,supplied_season_calendar,"Japan's main rice season. The source carries NO planting or harvest dates on any of its 129,618 rows, so these months are from the published Japanese calendar.",36,0
JP_d4b6287bb80e,JP,Japan,Bell pepper,Winter/Spring,11,17,supplied_season_calendar,No date fields in the source. Same caveat as Winter.,4,0
JP_c53bbb0a189e,JP,Japan,Bok choy,Annual,1,12,calendar_year_assumption,January–December of reported year. Annual aggregation or missing crop calendar; crop-specific window remains unresolved.,25,0
JP_19136d5c0725,JP,Japan,Broad bean,Annual,1,12,calendar_year_assumption,January–December of reported year. Annual aggregation or missing crop calendar; crop-specific window remains unresolved.,25,0
JP_91a2e6094b76,JP,Japan,Broccoli,Annual,1,12,calendar_year_assumption,January–December of reported year. Annual aggregation or missing crop calendar; crop-specific window remains unresolved.,28,0
JP_55424431129f,JP,Japan,Buckwheat,Annual,1,12,calendar_year_assumption,January–December of reported year. Annual aggregation or missing crop calendar; crop-specific window remains unresolved.,22,0
JP_f0e7750b9a1c,JP,Japan,Burdock,Winter,11,15,supplied_season_calendar,"No date fields in the source. A winter crop sown late in the year is harvested in the following one, hence the +1 harvest offset - UNVERIFIED against the source, which gives no dates.",32,0
JP_ed4fdaa620b7,JP,Japan,Butterbur,Annual,1,12,calendar_year_assumption,January–December of reported year. Annual aggregation or missing crop calendar; crop-specific window remains unresolved.,13,0
JP_6b72a92fac48,JP,Japan,Cabbage,Annual,1,12,calendar_year_assumption,January–December of reported year. Annual aggregation or missing crop calendar; crop-specific window remains unresolved.,1,0
JP_261c11584ea9,JP,Japan,Cabbage,Main,5,9,supplied_season_calendar,"Japan's main rice season. The source carries NO planting or harvest dates on any of its 129,618 rows, so these months are from the published Japanese calendar.",1,0
JP_695f4be06da9,JP,Japan,Cabbage,Spring,3,6,supplied_season_calendar,No date fields in the source.,36,0
JP_0431407cc1f5,JP,Japan,Cabbage,Summer,6,9,supplied_season_calendar,No date fields in the source.,33,0
JP_6d9f288d6a5b,JP,Japan,Cabbage,Winter,11,15,supplied_season_calendar,"No date fields in the source. A winter crop sown late in the year is harvested in the following one, hence the +1 harvest offset - UNVERIFIED against the source, which gives no dates.",32,0
JP_70442d57b448,JP,Japan,Carrot,Autumn,9,11,supplied_season_calendar,No date fields in the source.,11,0
JP_d7a58edf1d1e,JP,Japan,Carrot,Main,5,9,supplied_season_calendar,"Japan's main rice season. The source carries NO planting or harvest dates on any of its 129,618 rows, so these months are from the published Japanese calendar.",22,0
JP_5b742b9e19aa,JP,Japan,Carrot,Winter,11,15,supplied_season_calendar,"No date fields in the source. A winter crop sown late in the year is harvested in the following one, hence the +1 harvest offset - UNVERIFIED against the source, which gives no dates.",28,0
JP_473006d8e29e,JP,Japan,Cauliflower,Annual,1,12,calendar_year_assumption,January–December of reported year. Annual aggregation or missing crop calendar; crop-specific window remains unresolved.,21,0
JP_4c2fae7a9c8e,JP,Japan,Celery,Annual,1,12,calendar_year_assumption,January–December of reported year. Annual aggregation or missing crop calendar; crop-specific window remains unresolved.,4,0
JP_282870500a69,JP,Japan,"Cereals, mixed",Annual,1,12,calendar_year_assumption,January–December of reported year. Annual aggregation or missing crop calendar; crop-specific window remains unresolved.,38,0
JP_ae5e1cb31f8f,JP,Japan,Chervil,Annual,1,12,calendar_year_assumption,January–December of reported year. Annual aggregation or missing crop calendar; crop-specific window remains unresolved.,15,0
JP_fb1f7ce63696,JP,Japan,Chinese milk vetch,Annual,1,12,calendar_year_assumption,January–December of reported year. Annual aggregation or missing crop calendar; crop-specific window remains unresolved.,2,0
JP_25a8a1b233b8,JP,Japan,Chinese onion,Annual,1,12,calendar_year_assumption,January–December of reported year. Annual aggregation or missing crop calendar; crop-specific window remains unresolved.,47,0
JP_96d456da3b77,JP,Japan,Chinese yam,Annual,1,12,calendar_year_assumption,January–December of reported year. Annual aggregation or missing crop calendar; crop-specific window remains unresolved.,47,0
JP_4acf8b4a28d7,JP,Japan,Cucumber,Main,5,9,supplied_season_calendar,"Japan's main rice season. The source carries NO planting or harvest dates on any of its 129,618 rows, so these months are from the published Japanese calendar.",28,0
JP_7d66668cf9c4,JP,Japan,Cucumber,Winter/Spring,11,17,supplied_season_calendar,No date fields in the source. Same caveat as Winter.,25,0
JP_4316521fe3fd,JP,Japan,Eggplant,Main,5,9,supplied_season_calendar,"Japan's main rice season. The source carries NO planting or harvest dates on any of its 129,618 rows, so these months are from the published Japanese calendar.",27,0
JP_11ccc7da759e,JP,Japan,Eggplant,Winter/Spring,11,17,supplied_season_calendar,No date fields in the source. Same caveat as Winter.,16,0
JP_385f05a8f23e,JP,Japan,Elephant foot yam,Annual,1,12,calendar_year_assumption,January–December of reported year. Annual aggregation or missing crop calendar; crop-specific window remains unresolved.,47,0
JP_7ef3d3c940f2,JP,Japan,Fodder grass,Annual,1,12,calendar_year_assumption,January–December of reported year. Annual aggregation or missing crop calendar; crop-specific window remains unresolved.,23,0
JP_890ecb6d1c59,JP,Japan,"Fruit, unspecified",Annual,1,12,calendar_year_assumption,January–December of reported year. Annual aggregation or missing crop calendar; crop-specific window remains unresolved.,47,0
JP_b76affd5c5c3,JP,Japan,Garlic,Annual,1,12,calendar_year_assumption,January–December of reported year. Annual aggregation or missing crop calendar; crop-specific window remains unresolved.,47,0
JP_ff5ab0390fc3,JP,Japan,Ginger,Annual,1,12,calendar_year_assumption,January–December of reported year. Annual aggregation or missing crop calendar; crop-specific window remains unresolved.,13,0
JP_43f68877f8c8,JP,Japan,Green pea,Annual,1,12,calendar_year_assumption,January–December of reported year. Annual aggregation or missing crop calendar; crop-specific window remains unresolved.,39,0
JP_6a309fe887ff,JP,Japan,"Groundnut, in shell",Annual,1,12,calendar_year_assumption,January–December of reported year. Annual aggregation or missing crop calendar; crop-specific window remains unresolved.,47,0
JP_74406c88c8e1,JP,Japan,Kidney bean,Annual,1,12,calendar_year_assumption,January–December of reported year. Annual aggregation or missing crop calendar; crop-specific window remains unresolved.,17,0
JP_9e68dd10bee9,JP,Japan,"Kidney bean, fresh",Annual,1,12,calendar_year_assumption,January–December of reported year. Annual aggregation or missing crop calendar; crop-specific window remains unresolved.,37,0
JP_0e87f3129359,JP,Japan,Komatsuna,Annual,1,12,calendar_year_assumption,January–December of reported year. Annual aggregation or missing crop calendar; crop-specific window remains unresolved.,37,0
JP_68d2a0254dc8,JP,Japan,"Leafy vegetables, other",Annual,1,12,calendar_year_assumption,January–December of reported year. Annual aggregation or missing crop calendar; crop-specific window remains unresolved.,47,0
JP_ee145923298b,JP,Japan,Lettuce,Spring,3,6,supplied_season_calendar,No date fields in the source.,23,0
JP_32a10fc30c6f,JP,Japan,Lettuce,Summer,6,9,supplied_season_calendar,No date fields in the source.,17,0
JP_de3bab0a0cf3,JP,Japan,Lettuce,Winter,11,15,supplied_season_calendar,"No date fields in the source. A winter crop sown late in the year is harvested in the following one, hence the +1 harvest offset - UNVERIFIED against the source, which gives no dates.",17,0
JP_36a6fd3b5146,JP,Japan,Lotus,Winter,11,15,supplied_season_calendar,"No date fields in the source. A winter crop sown late in the year is harvested in the following one, hence the +1 harvest offset - UNVERIFIED against the source, which gives no dates.",10,0
JP_348dd30ceff4,JP,Japan,"Maize, fodder",Annual,1,12,calendar_year_assumption,January–December of reported year. Annual aggregation or missing crop calendar; crop-specific window remains unresolved.,23,0
JP_2a002bd82a43,JP,Japan,"Maize, fresh",Annual,1,12,calendar_year_assumption,January–December of reported year. Annual aggregation or missing crop calendar; crop-specific window remains unresolved.,22,0
JP_458e088e7621,JP,Japan,Melon,Annual,1,12,calendar_year_assumption,January–December of reported year. Annual aggregation or missing crop calendar; crop-specific window remains unresolved.,24,0
JP_52c0f4611a07,JP,Japan,Mizuna,Annual,1,12,calendar_year_assumption,January–December of reported year. Annual aggregation or missing crop calendar; crop-specific window remains unresolved.,16,0
JP_401ac20623ac,JP,Japan,Myoga ginger,Annual,1,12,calendar_year_assumption,January–December of reported year. Annual aggregation or missing crop calendar; crop-specific window remains unresolved.,5,0
JP_df31c2c20b86,JP,Japan,Napa cabbage,Autumn,9,11,supplied_season_calendar,No date fields in the source.,18,0
JP_fd8220d6b4a4,JP,Japan,Napa cabbage,Spring,3,6,supplied_season_calendar,No date fields in the source.,17,0
JP_a129f8ad46ad,JP,Japan,Napa cabbage,Summer,6,9,supplied_season_calendar,No date fields in the source.,6,0
JP_2f37e5d07c5b,JP,Japan,"Oat, fodder",Annual,1,12,calendar_year_assumption,January–December of reported year. Annual aggregation or missing crop calendar; crop-specific window remains unresolved.,24,0
JP_0d5013ccb15b,JP,Japan,Okra,Annual,1,12,calendar_year_assumption,January–December of reported year. Annual aggregation or missing crop calendar; crop-specific window remains unresolved.,7,0
JP_a6807431c37e,JP,Japan,Olive,Annual,1,12,calendar_year_assumption,January–December of reported year. Annual aggregation or missing crop calendar; crop-specific window remains unresolved.,47,0
JP_9de35d8fd5d3,JP,Japan,Onion,Annual,1,12,calendar_year_assumption,January–December of reported year. Annual aggregation or missing crop calendar; crop-specific window remains unresolved.,47,0
JP_6abf72788f84,JP,Japan,Parsley,Annual,1,12,calendar_year_assumption,January–December of reported year. Annual aggregation or missing crop calendar; crop-specific window remains unresolved.,4,0
JP_257098dea44d,JP,Japan,Pea,Annual,1,12,calendar_year_assumption,January–December of reported year. Annual aggregation or missing crop calendar; crop-specific window remains unresolved.,38,0
JP_3cb75c6dd714,JP,Japan,Perilla,Annual,1,12,calendar_year_assumption,January–December of reported year. Annual aggregation or missing crop calendar; crop-specific window remains unresolved.,9,0
JP_383b2bdc1f20,JP,Japan,Potato,Annual,1,12,calendar_year_assumption,January–December of reported year. Annual aggregation or missing crop calendar; crop-specific window remains unresolved.,44,0
JP_e435fd0ba4b5,JP,Japan,Potato,Autumn,9,11,supplied_season_calendar,No date fields in the source.,47,0
JP_019ddcb79492,JP,Japan,Potato,Main,5,9,supplied_season_calendar,"Japan's main rice season. The source carries NO planting or harvest dates on any of its 129,618 rows, so these months are from the published Japanese calendar.",47,0
JP_c467cbfbef7f,JP,Japan,"Pulses, dry",Annual,1,12,calendar_year_assumption,January–December of reported year. Annual aggregation or missing crop calendar; crop-specific window remains unresolved.,27,0
JP_c4311c781ee1,JP,Japan,Pumpkin and squash,Annual,1,12,calendar_year_assumption,January–December of reported year. Annual aggregation or missing crop calendar; crop-specific window remains unresolved.,27,0
JP_606fd518af04,JP,Japan,Radish,Autumn,9,11,supplied_season_calendar,No date fields in the source.,47,0
JP_7136dd9a1bff,JP,Japan,Radish,Main,5,9,supplied_season_calendar,"Japan's main rice season. The source carries NO planting or harvest dates on any of its 129,618 rows, so these months are from the published Japanese calendar.",1,0
JP_a7fccdd22ba6,JP,Japan,Radish,Spring,3,6,supplied_season_calendar,No date fields in the source.,32,0
JP_d833b8cc6451,JP,Japan,Radish,Summer,6,9,supplied_season_calendar,No date fields in the source.,26,0
JP_d1956ae434d1,JP,Japan,Rapeseed,Annual,1,12,calendar_year_assumption,January–December of reported year. Annual aggregation or missing crop calendar; crop-specific window remains unresolved.,47,0
JP_343e6e0d1ede,JP,Japan,"Rapeseed, fodder",Annual,1,12,calendar_year_assumption,January–December of reported year. Annual aggregation or missing crop calendar; crop-specific window remains unresolved.,7,0
JP_85b2ed365fd2,JP,Japan,"Rice, paddy",Annual,5,9,prior_panel_window,Established panel window; see original report for calendar caveats.,46,45
JP_702db31982cf,JP,Japan,Rye,Annual,1,12,calendar_year_assumption,January–December of reported year. Annual aggregation or missing crop calendar; crop-specific window remains unresolved.,9,0
JP_dc56fa41355f,JP,Japan,Scallion,Autumn,9,11,supplied_season_calendar,No date fields in the source.,47,0
JP_4d1b22c445cb,JP,Japan,Scallion,Main,5,9,supplied_season_calendar,"Japan's main rice season. The source carries NO planting or harvest dates on any of its 129,618 rows, so these months are from the published Japanese calendar.",1,0
JP_71988f478c7a,JP,Japan,Scallion,Spring,3,6,supplied_season_calendar,No date fields in the source.,37,0
JP_98e17b73764f,JP,Japan,Scallion,Summer,6,9,supplied_season_calendar,No date fields in the source.,33,0
JP_b06d996cdd72,JP,Japan,Sesame,Annual,1,12,calendar_year_assumption,January–December of reported year. Annual aggregation or missing crop calendar; crop-specific window remains unresolved.,47,0
JP_9ab72d103f18,JP,Japan,Shallot,Annual,1,12,calendar_year_assumption,January–December of reported year. Annual aggregation or missing crop calendar; crop-specific window remains unresolved.,47,0
JP_55a7a146c9c1,JP,Japan,"Sorghum, fodder",Annual,1,12,calendar_year_assumption,January–December of reported year. Annual aggregation or missing crop calendar; crop-specific window remains unresolved.,24,0
JP_000771a02ee3,JP,Japan,Soybean,Annual,1,12,calendar_year_assumption,January–December of reported year. Annual aggregation or missing crop calendar; crop-specific window remains unresolved.,47,0
JP_5041d347bb06,JP,Japan,"Soybean, vegetable",Annual,1,12,calendar_year_assumption,January–December of reported year. Annual aggregation or missing crop calendar; crop-specific window remains unresolved.,47,0
JP_e10d9a6a1e7b,JP,Japan,Spinach,Annual,1,12,calendar_year_assumption,January–December of reported year. Annual aggregation or missing crop calendar; crop-specific window remains unresolved.,23,0
JP_26be0e6e7a2f,JP,Japan,Strawberry,Annual,1,12,calendar_year_assumption,January–December of reported year. Annual aggregation or missing crop calendar; crop-specific window remains unresolved.,47,0
JP_83fc6988b183,JP,Japan,Sugar beet,Annual,1,12,calendar_year_assumption,January–December of reported year. Annual aggregation or missing crop calendar; crop-specific window remains unresolved.,1,0
JP_90d096b8ca19,JP,Japan,Sugarcane,Annual,1,12,calendar_year_assumption,January–December of reported year. Annual aggregation or missing crop calendar; crop-specific window remains unresolved.,2,0
JP_303eb1bc572d,JP,Japan,Sunflower,Annual,1,12,calendar_year_assumption,January–December of reported year. Annual aggregation or missing crop calendar; crop-specific window remains unresolved.,47,0
JP_23a7ac002c6e,JP,Japan,Sweet potato,Annual,1,12,calendar_year_assumption,January–December of reported year. Annual aggregation or missing crop calendar; crop-specific window remains unresolved.,47,0
JP_deb7c2968a1f,JP,Japan,Taro,Autumn,9,11,supplied_season_calendar,No date fields in the source.,47,0
JP_a44a521346aa,JP,Japan,Tea,Annual,1,12,calendar_year_assumption,January–December of reported year. Annual aggregation or missing crop calendar; crop-specific window remains unresolved.,30,0
JP_13fd3f5d1ccb,JP,Japan,Tobacco,Annual,1,12,calendar_year_assumption,January–December of reported year. Annual aggregation or missing crop calendar; crop-specific window remains unresolved.,24,0
JP_a4c53715be89,JP,Japan,Tomato,Main,5,9,supplied_season_calendar,"Japan's main rice season. The source carries NO planting or harvest dates on any of its 129,618 rows, so these months are from the published Japanese calendar.",30,0
JP_d6c4ac211a75,JP,Japan,Tomato,Winter/Spring,11,17,supplied_season_calendar,No date fields in the source. Same caveat as Winter.,30,0
JP_351bbb31f356,JP,Japan,Turnip,Annual,1,12,calendar_year_assumption,January–December of reported year. Annual aggregation or missing crop calendar; crop-specific window remains unresolved.,45,0
JP_c8be58eb5f5f,JP,Japan,Watermelon,Annual,1,12,calendar_year_assumption,January–December of reported year. Annual aggregation or missing crop calendar; crop-specific window remains unresolved.,25,0
JP_b61e4f4ffaeb,JP,Japan,Wheat,Annual,1,12,calendar_year_assumption,January–December of reported year. Annual aggregation or missing crop calendar; crop-specific window remains unresolved.,38,0
KR_4a88d5f1e078,KR,Republic of Korea,Adzuki bean,All (Season),1,12,calendar_year_assumption,January–December of reported year. Annual aggregation or missing crop calendar; crop-specific window remains unresolved.,10,10
KR_dd0081bdb5cc,KR,Republic of Korea,Apple,All (Season),1,12,calendar_year_assumption,January–December of reported year. Annual aggregation or missing crop calendar; crop-specific window remains unresolved.,10,6
KR_44e08cf68e3d,KR,Republic of Korea,Asian pear,All (Season),1,12,calendar_year_assumption,January–December of reported year. Annual aggregation or missing crop calendar; crop-specific window remains unresolved.,10,10
KR_d71cc8ba7b5d,KR,Republic of Korea,Barley,All (Season),1,12,calendar_year_assumption,January–December of reported year. Annual aggregation or missing crop calendar; crop-specific window remains unresolved.,9,6
KR_ce1a1f4cd5a9,KR,Republic of Korea,"Barley, malting",All (Season),1,12,calendar_year_assumption,January–December of reported year. Annual aggregation or missing crop calendar; crop-specific window remains unresolved.,9,1
KR_baafebc3a878,KR,Republic of Korea,"Barley, malting, polished",All (Season),1,12,calendar_year_assumption,January–December of reported year. Annual aggregation or missing crop calendar; crop-specific window remains unresolved.,9,1
KR_1ee4e18815ea,KR,Republic of Korea,"Barley, naked",All (Season),1,12,calendar_year_assumption,January–December of reported year. Annual aggregation or missing crop calendar; crop-specific window remains unresolved.,9,7
KR_f60d6947e9f2,KR,Republic of Korea,"Barley, naked, polished",All (Season),1,12,calendar_year_assumption,January–December of reported year. Annual aggregation or missing crop calendar; crop-specific window remains unresolved.,9,7
KR_39d7a08beb1f,KR,Republic of Korea,"Barley, polished",All (Season),1,12,calendar_year_assumption,January–December of reported year. Annual aggregation or missing crop calendar; crop-specific window remains unresolved.,9,6
KR_eac5b414900b,KR,Republic of Korea,Buckwheat,All (Season),1,12,calendar_year_assumption,January–December of reported year. Annual aggregation or missing crop calendar; crop-specific window remains unresolved.,10,8
KR_83913c575d8d,KR,Republic of Korea,Cabbage,All (Season),1,12,calendar_year_assumption,January–December of reported year. Annual aggregation or missing crop calendar; crop-specific window remains unresolved.,10,9
KR_6ca9ee031f2e,KR,Republic of Korea,Carrot,All (Season),1,12,calendar_year_assumption,January–December of reported year. Annual aggregation or missing crop calendar; crop-specific window remains unresolved.,10,8
KR_2ece318e4738,KR,Republic of Korea,"Cereals, other",All (Season),1,12,calendar_year_assumption,January–December of reported year. Annual aggregation or missing crop calendar; crop-specific window remains unresolved.,10,8
KR_14390c2738cb,KR,Republic of Korea,"Chilli pepper, dry",All (Season),1,12,calendar_year_assumption,January–December of reported year. Annual aggregation or missing crop calendar; crop-specific window remains unresolved.,10,10
KR_2ca0ecb142eb,KR,Republic of Korea,"Chilli pepper, fresh",All (Season),1,12,calendar_year_assumption,January–December of reported year. Annual aggregation or missing crop calendar; crop-specific window remains unresolved.,10,10
KR_d322365e826f,KR,Republic of Korea,"Cucumber, field",All (Season),1,12,calendar_year_assumption,January–December of reported year. Annual aggregation or missing crop calendar; crop-specific window remains unresolved.,10,10
KR_463d0691451f,KR,Republic of Korea,"Cucumber, greenhouse",All (Season),1,12,calendar_year_assumption,January–December of reported year. Annual aggregation or missing crop calendar; crop-specific window remains unresolved.,10,10
KR_97b591275705,KR,Republic of Korea,"Fruit, other",All (Season),1,12,calendar_year_assumption,January–December of reported year. Annual aggregation or missing crop calendar; crop-specific window remains unresolved.,10,10
KR_f0bba89e8653,KR,Republic of Korea,Garlic,All (Season),1,12,calendar_year_assumption,January–December of reported year. Annual aggregation or missing crop calendar; crop-specific window remains unresolved.,10,10
KR_2c106c4cecbe,KR,Republic of Korea,Ginger,All (Season),1,12,calendar_year_assumption,January–December of reported year. Annual aggregation or missing crop calendar; crop-specific window remains unresolved.,10,7
KR_c880b0337f23,KR,Republic of Korea,Grape,All (Season),1,12,calendar_year_assumption,January–December of reported year. Annual aggregation or missing crop calendar; crop-specific window remains unresolved.,10,9
KR_eabdb6da603f,KR,Republic of Korea,"Green onion, field",All (Season),1,12,calendar_year_assumption,January–December of reported year. Annual aggregation or missing crop calendar; crop-specific window remains unresolved.,10,10
KR_a12ba17c5669,KR,Republic of Korea,"Green onion, greenhouse",All (Season),1,12,calendar_year_assumption,January–December of reported year. Annual aggregation or missing crop calendar; crop-specific window remains unresolved.,10,5
KR_d3131e8a8d1b,KR,Republic of Korea,Groundnut,All (Season),1,12,calendar_year_assumption,January–December of reported year. Annual aggregation or missing crop calendar; crop-specific window remains unresolved.,10,10
KR_6389c7ee78c2,KR,Republic of Korea,"Lettuce, field",All (Season),1,12,calendar_year_assumption,January–December of reported year. Annual aggregation or missing crop calendar; crop-specific window remains unresolved.,10,10
KR_e7fc630bc0c6,KR,Republic of Korea,"Lettuce, greenhouse",All (Season),1,12,calendar_year_assumption,January–December of reported year. Annual aggregation or missing crop calendar; crop-specific window remains unresolved.,10,10
KR_075bf60daac1,KR,Republic of Korea,Maize,All (Season),1,12,calendar_year_assumption,January–December of reported year. Annual aggregation or missing crop calendar; crop-specific window remains unresolved.,10,10
KR_f170b58df866,KR,Republic of Korea,"Melon, field",All (Season),1,12,calendar_year_assumption,January–December of reported year. Annual aggregation or missing crop calendar; crop-specific window remains unresolved.,10,9
KR_489b4aee9cc3,KR,Republic of Korea,"Melon, greenhouse",All (Season),1,12,calendar_year_assumption,January–December of reported year. Annual aggregation or missing crop calendar; crop-specific window remains unresolved.,10,7
KR_84eec17d3c46,KR,Republic of Korea,Millet,All (Season),1,12,calendar_year_assumption,January–December of reported year. Annual aggregation or missing crop calendar; crop-specific window remains unresolved.,9,4
KR_e08ef80dbe44,KR,Republic of Korea,Mung bean,All (Season),1,12,calendar_year_assumption,January–December of reported year. Annual aggregation or missing crop calendar; crop-specific window remains unresolved.,10,9
KR_20a499f1d802,KR,Republic of Korea,"Napa cabbage, fall",Fall,8,11,supplied_season_calendar,"Fall plantings (fall potato, fall Napa cabbage and radish), sown around August-September and harvested around October-November. No date fields in the source.",10,10
KR_656712e349de,KR,Republic of Korea,"Napa cabbage, greenhouse",All (Season),1,12,calendar_year_assumption,January–December of reported year. Annual aggregation or missing crop calendar; crop-specific window remains unresolved.,10,10
KR_b834df83d1b8,KR,Republic of Korea,"Napa cabbage, highland spring",Spring,3,7,supplied_season_calendar,"Spring plantings (spring potato, spring Napa cabbage and radish, spring onion), sown around March-April and harvested around June-July. No date fields in the source.",7,2
KR_0136d0276b29,KR,Republic of Korea,"Napa cabbage, spring",Spring,3,7,supplied_season_calendar,"Spring plantings (spring potato, spring Napa cabbage and radish, spring onion), sown around March-April and harvested around June-July. No date fields in the source.",10,10
KR_44f1f57a7b63,KR,Republic of Korea,"Napa cabbage, winter",Winter,9,14,supplied_season_calendar,"Winter Napa cabbage and radish, mostly Jeju, sown in autumn and harvested over the winter. The +1 harvest offset assumes year is the sowing year, which is UNVERIFIED - the source gives no dates. Only 46 rows.",3,0
KR_ec7802bb4f27,KR,Republic of Korea,Onion,All (Season),1,12,calendar_year_assumption,January–December of reported year. Annual aggregation or missing crop calendar; crop-specific window remains unresolved.,10,9
KR_46f54013bf42,KR,Republic of Korea,Peach,All (Season),1,12,calendar_year_assumption,January–December of reported year. Annual aggregation or missing crop calendar; crop-specific window remains unresolved.,10,8
KR_2ad20a746692,KR,Republic of Korea,Perilla,All (Season),1,12,calendar_year_assumption,January–December of reported year. Annual aggregation or missing crop calendar; crop-specific window remains unresolved.,10,10
KR_32579126e4ff,KR,Republic of Korea,Persimmon,All (Season),1,12,calendar_year_assumption,January–December of reported year. Annual aggregation or missing crop calendar; crop-specific window remains unresolved.,10,9
KR_7f8e31511e8e,KR,Republic of Korea,"Persimmon, astringent",All (Season),1,12,calendar_year_assumption,January–December of reported year. Annual aggregation or missing crop calendar; crop-specific window remains unresolved.,10,8
KR_0d01116c40ec,KR,Republic of Korea,"Persimmon, sweet",All (Season),1,12,calendar_year_assumption,January–December of reported year. Annual aggregation or missing crop calendar; crop-specific window remains unresolved.,10,6
KR_77621c98e68f,KR,Republic of Korea,Plum,All (Season),1,12,calendar_year_assumption,January–December of reported year. Annual aggregation or missing crop calendar; crop-specific window remains unresolved.,10,6
KR_f2e11866ea5f,KR,Republic of Korea,"Potato, fall",Fall,8,11,supplied_season_calendar,"Fall plantings (fall potato, fall Napa cabbage and radish), sown around August-September and harvested around October-November. No date fields in the source.",10,7
KR_3a92982b958f,KR,Republic of Korea,"Potato, highland",All (Season),1,12,calendar_year_assumption,January–December of reported year. Annual aggregation or missing crop calendar; crop-specific window remains unresolved.,6,1
KR_2733cfec49f6,KR,Republic of Korea,"Potato, spring",Spring,3,7,supplied_season_calendar,"Spring plantings (spring potato, spring Napa cabbage and radish, spring onion), sown around March-April and harvested around June-July. No date fields in the source.",10,10
KR_392cd2659be0,KR,Republic of Korea,"Pulses, other",All (Season),1,12,calendar_year_assumption,January–December of reported year. Annual aggregation or missing crop calendar; crop-specific window remains unresolved.,10,10
KR_65f87ac7d6b5,KR,Republic of Korea,"Pumpkin, field",All (Season),1,12,calendar_year_assumption,January–December of reported year. Annual aggregation or missing crop calendar; crop-specific window remains unresolved.,10,10
KR_7f51b08f94df,KR,Republic of Korea,"Pumpkin, greenhouse",All (Season),1,12,calendar_year_assumption,January–December of reported year. Annual aggregation or missing crop calendar; crop-specific window remains unresolved.,10,10
KR_ff81d064b060,KR,Republic of Korea,Rapeseed,All (Season),1,12,calendar_year_assumption,January–December of reported year. Annual aggregation or missing crop calendar; crop-specific window remains unresolved.,5,1
KR_65e51b45c111,KR,Republic of Korea,"Rice, brown",All (Season),5,10,rice_family_window,"Same climate window as the corresponding paddy-rice panel; processed forms and rice components remain separate, overlapping views.",10,10
KR_35ca47f63a44,KR,Republic of Korea,"Rice, brown, upland",All (Season),5,10,rice_family_window,"Same climate window as the corresponding paddy-rice panel; processed forms and rice components remain separate, overlapping views.",10,6
KR_58b9697b6b42,KR,Republic of Korea,"Rice, milled",All (Season),5,10,rice_family_window,"Same climate window as the corresponding paddy-rice panel; processed forms and rice components remain separate, overlapping views.",10,10
KR_a30001d2d156,KR,Republic of Korea,"Rice, milled, upland",All (Season),5,10,rice_family_window,"Same climate window as the corresponding paddy-rice panel; processed forms and rice components remain separate, overlapping views.",10,6
KR_b8d6463b6ff0,KR,Republic of Korea,"Rice, paddy",All (Season),5,10,prior_panel_window,Established panel window; see original report for calendar caveats.,10,10
KR_6dea27e48a9e,KR,Republic of Korea,"Rice, paddy, upland",All (Season),5,10,rice_family_window,"Same climate window as the corresponding paddy-rice panel; processed forms and rice components remain separate, overlapping views.",10,6
KR_20d10011352f,KR,Republic of Korea,Rye,All (Season),1,12,calendar_year_assumption,January–December of reported year. Annual aggregation or missing crop calendar; crop-specific window remains unresolved.,8,0
KR_92d7ce7b3198,KR,Republic of Korea,Sesame,All (Season),1,12,calendar_year_assumption,January–December of reported year. Annual aggregation or missing crop calendar; crop-specific window remains unresolved.,10,10
KR_15f22d24ed45,KR,Republic of Korea,"Shallot, field",All (Season),1,12,calendar_year_assumption,January–December of reported year. Annual aggregation or missing crop calendar; crop-specific window remains unresolved.,10,9
KR_d3918c57ec2c,KR,Republic of Korea,"Shallot, greenhouse",All (Season),1,12,calendar_year_assumption,January–December of reported year. Annual aggregation or missing crop calendar; crop-specific window remains unresolved.,10,3
KR_0c5dc3e92c66,KR,Republic of Korea,Sorghum,All (Season),1,12,calendar_year_assumption,January–December of reported year. Annual aggregation or missing crop calendar; crop-specific window remains unresolved.,10,6
KR_9e12296820f4,KR,Republic of Korea,Soybean,All (Season),1,12,calendar_year_assumption,January–December of reported year. Annual aggregation or missing crop calendar; crop-specific window remains unresolved.,10,10
KR_4139af21474c,KR,Republic of Korea,"Spinach, field",All (Season),1,12,calendar_year_assumption,January–December of reported year. Annual aggregation or missing crop calendar; crop-specific window remains unresolved.,10,10
KR_4ab84c4ad317,KR,Republic of Korea,"Spinach, greenhouse",All (Season),1,12,calendar_year_assumption,January–December of reported year. Annual aggregation or missing crop calendar; crop-specific window remains unresolved.,10,9
KR_751dfe59fcbe,KR,Republic of Korea,"Spring onion, field",Spring,3,7,supplied_season_calendar,"Spring plantings (spring potato, spring Napa cabbage and radish, spring onion), sown around March-April and harvested around June-July. No date fields in the source.",10,10
KR_cedd2a7479bc,KR,Republic of Korea,"Spring onion, greenhouse",Spring,3,7,supplied_season_calendar,"Spring plantings (spring potato, spring Napa cabbage and radish, spring onion), sown around March-April and harvested around June-July. No date fields in the source.",10,5
KR_17aaba8b753a,KR,Republic of Korea,"Strawberry, field",All (Season),1,12,calendar_year_assumption,January–December of reported year. Annual aggregation or missing crop calendar; crop-specific window remains unresolved.,10,8
KR_5b61bd02cfd2,KR,Republic of Korea,"Strawberry, greenhouse",All (Season),1,12,calendar_year_assumption,January–December of reported year. Annual aggregation or missing crop calendar; crop-specific window remains unresolved.,10,7
KR_3ec4d516671e,KR,Republic of Korea,Sweet potato,All (Season),1,12,calendar_year_assumption,January–December of reported year. Annual aggregation or missing crop calendar; crop-specific window remains unresolved.,10,10
KR_857377a9ad75,KR,Republic of Korea,Tangerine,All (Season),1,12,calendar_year_assumption,January–December of reported year. Annual aggregation or missing crop calendar; crop-specific window remains unresolved.,9,1
KR_e7fbf9620b8f,KR,Republic of Korea,"Tomato, field",All (Season),1,12,calendar_year_assumption,January–December of reported year. Annual aggregation or missing crop calendar; crop-specific window remains unresolved.,10,8
KR_3d240c4fbeb9,KR,Republic of Korea,"Tomato, greenhouse",All (Season),1,12,calendar_year_assumption,January–December of reported year. Annual aggregation or missing crop calendar; crop-specific window remains unresolved.,10,10
KR_2a6787dcaaf8,KR,Republic of Korea,"Watermelon, field",All (Season),1,12,calendar_year_assumption,January–December of reported year. Annual aggregation or missing crop calendar; crop-specific window remains unresolved.,10,8
KR_fbc6e52e6fa1,KR,Republic of Korea,"Watermelon, greenhouse",All (Season),1,12,calendar_year_assumption,January–December of reported year. Annual aggregation or missing crop calendar; crop-specific window remains unresolved.,10,8
KR_f181fb5a3e7a,KR,Republic of Korea,Wheat,All (Season),1,12,calendar_year_assumption,January–December of reported year. Annual aggregation or missing crop calendar; crop-specific window remains unresolved.,10,5
KR_4bd41c061542,KR,Republic of Korea,"White radish, fall",Fall,8,11,supplied_season_calendar,"Fall plantings (fall potato, fall Napa cabbage and radish), sown around August-September and harvested around October-November. No date fields in the source.",10,10
KR_54ef53c7f68e,KR,Republic of Korea,"White radish, greenhouse",All (Season),1,12,calendar_year_assumption,January–December of reported year. Annual aggregation or missing crop calendar; crop-specific window remains unresolved.,10,10
KR_ef3b9410f63e,KR,Republic of Korea,"White radish, highland spring",Spring,3,7,supplied_season_calendar,"Spring plantings (spring potato, spring Napa cabbage and radish, spring onion), sown around March-April and harvested around June-July. No date fields in the source.",9,2
KR_8c1fe3c7d166,KR,Republic of Korea,"White radish, spring",Spring,3,7,supplied_season_calendar,"Spring plantings (spring potato, spring Napa cabbage and radish, spring onion), sown around March-April and harvested around June-July. No date fields in the source.",10,10
KR_96eacd97d37f,KR,Republic of Korea,"White radish, winter",Winter,9,14,supplied_season_calendar,"Winter Napa cabbage and radish, mostly Jeju, sown in autumn and harvested over the winter. The +1 harvest offset assumes year is the sowing year, which is UNVERIFIED - the source gives no dates. Only 46 rows.",9,0
KR_bb2996170ca6,KR,Republic of Korea,"Young radish, fall",Fall,8,11,supplied_season_calendar,"Fall plantings (fall potato, fall Napa cabbage and radish), sown around August-September and harvested around October-November. No date fields in the source.",10,5
LK_1dc5b0e5f46c,LK,Sri Lanka,Areca nut,Calendar Year,1,12,calendar_year_assumption,January–December of reported year. Annual aggregation or missing crop calendar; crop-specific window remains unresolved.,8,0
LK_4a5caef3c9a3,LK,Sri Lanka,Ash gourd,Maha,-2,3,supplied_season_calendar,"Harvest month DERIVED: the source stamps month 3 on all 43,817 rows. Maha is the northeast-monsoon season, sown around October of the PREVIOUS calendar year - so the planting month and -1 offset come from the published Sri Lankan calendar, not the source, whose planting_year always equals harvest_year and is therefore only a stamp.",8,0
LK_35c2f6067e11,LK,Sri Lanka,Ash gourd,Yala,5,8,supplied_season_calendar,"Harvest month DERIVED: the source stamps month 8 on all 36,779 rows. Yala is the southwest-monsoon season, sown around May, within the same calendar year. Planting month from the published calendar.",8,0
LK_358b5a8d491a,LK,Sri Lanka,"Beans, mixed",Maha,-2,3,supplied_season_calendar,"Harvest month DERIVED: the source stamps month 3 on all 43,817 rows. Maha is the northeast-monsoon season, sown around October of the PREVIOUS calendar year - so the planting month and -1 offset come from the published Sri Lankan calendar, not the source, whose planting_year always equals harvest_year and is therefore only a stamp.",8,6
LK_d3cbe6e0ef40,LK,Sri Lanka,"Beans, mixed",Yala,5,8,supplied_season_calendar,"Harvest month DERIVED: the source stamps month 8 on all 36,779 rows. Yala is the southwest-monsoon season, sown around May, within the same calendar year. Planting month from the published calendar.",8,0
LK_ad4491564a98,LK,Sri Lanka,Betel leaf,Calendar Year,1,12,calendar_year_assumption,January–December of reported year. Annual aggregation or missing crop calendar; crop-specific window remains unresolved.,8,0
LK_c22a69bfd8b8,LK,Sri Lanka,Bitter gourd,Maha,-2,3,supplied_season_calendar,"Harvest month DERIVED: the source stamps month 3 on all 43,817 rows. Maha is the northeast-monsoon season, sown around October of the PREVIOUS calendar year - so the planting month and -1 offset come from the published Sri Lankan calendar, not the source, whose planting_year always equals harvest_year and is therefore only a stamp.",8,0
LK_8b82cd3d7c7e,LK,Sri Lanka,Bitter gourd,Yala,5,8,supplied_season_calendar,"Harvest month DERIVED: the source stamps month 8 on all 36,779 rows. Yala is the southwest-monsoon season, sown around May, within the same calendar year. Planting month from the published calendar.",8,0
LK_a9334bb0a82a,LK,Sri Lanka,Black gram,Maha,-2,3,supplied_season_calendar,"Harvest month DERIVED: the source stamps month 3 on all 43,817 rows. Maha is the northeast-monsoon season, sown around October of the PREVIOUS calendar year - so the planting month and -1 offset come from the published Sri Lankan calendar, not the source, whose planting_year always equals harvest_year and is therefore only a stamp.",7,5
LK_df34b4824d4b,LK,Sri Lanka,Black gram,Yala,5,8,supplied_season_calendar,"Harvest month DERIVED: the source stamps month 8 on all 36,779 rows. Yala is the southwest-monsoon season, sown around May, within the same calendar year. Planting month from the published calendar.",8,0
LK_40e643b62cfd,LK,Sri Lanka,Black pepper,Calendar Year,1,12,calendar_year_assumption,January–December of reported year. Annual aggregation or missing crop calendar; crop-specific window remains unresolved.,8,0
LK_11c6669766df,LK,Sri Lanka,Breadfruit,Calendar Year,1,12,calendar_year_assumption,January–December of reported year. Annual aggregation or missing crop calendar; crop-specific window remains unresolved.,8,0
LK_84874b230fde,LK,Sri Lanka,Cabbage,Maha,-2,3,supplied_season_calendar,"Harvest month DERIVED: the source stamps month 3 on all 43,817 rows. Maha is the northeast-monsoon season, sown around October of the PREVIOUS calendar year - so the planting month and -1 offset come from the published Sri Lankan calendar, not the source, whose planting_year always equals harvest_year and is therefore only a stamp.",8,5
LK_9104e97c69dd,LK,Sri Lanka,Cabbage,Yala,5,8,supplied_season_calendar,"Harvest month DERIVED: the source stamps month 8 on all 36,779 rows. Yala is the southwest-monsoon season, sown around May, within the same calendar year. Planting month from the published calendar.",8,4
LK_1a78de1cf873,LK,Sri Lanka,Cardamom,Calendar Year,1,12,calendar_year_assumption,January–December of reported year. Annual aggregation or missing crop calendar; crop-specific window remains unresolved.,6,0
LK_adac375744b1,LK,Sri Lanka,Carrot,Maha,-2,3,supplied_season_calendar,"Harvest month DERIVED: the source stamps month 3 on all 43,817 rows. Maha is the northeast-monsoon season, sown around October of the PREVIOUS calendar year - so the planting month and -1 offset come from the published Sri Lankan calendar, not the source, whose planting_year always equals harvest_year and is therefore only a stamp.",8,3
LK_4b92d7adafac,LK,Sri Lanka,Carrot,Yala,5,8,supplied_season_calendar,"Harvest month DERIVED: the source stamps month 8 on all 36,779 rows. Yala is the southwest-monsoon season, sown around May, within the same calendar year. Planting month from the published calendar.",8,3
LK_4aa5d8884aff,LK,Sri Lanka,Cassava,Maha,-2,3,supplied_season_calendar,"Harvest month DERIVED: the source stamps month 3 on all 43,817 rows. Maha is the northeast-monsoon season, sown around October of the PREVIOUS calendar year - so the planting month and -1 offset come from the published Sri Lankan calendar, not the source, whose planting_year always equals harvest_year and is therefore only a stamp.",8,0
LK_bbd02531f272,LK,Sri Lanka,Cassava,Yala,5,8,supplied_season_calendar,"Harvest month DERIVED: the source stamps month 8 on all 36,779 rows. Yala is the southwest-monsoon season, sown around May, within the same calendar year. Planting month from the published calendar.",8,0
LK_cc796b0e9ef4,LK,Sri Lanka,Chilli pepper,Maha,-2,3,supplied_season_calendar,"Harvest month DERIVED: the source stamps month 3 on all 43,817 rows. Maha is the northeast-monsoon season, sown around October of the PREVIOUS calendar year - so the planting month and -1 offset come from the published Sri Lankan calendar, not the source, whose planting_year always equals harvest_year and is therefore only a stamp.",8,8
LK_bed72463087b,LK,Sri Lanka,Chilli pepper,Yala,5,8,supplied_season_calendar,"Harvest month DERIVED: the source stamps month 8 on all 36,779 rows. Yala is the southwest-monsoon season, sown around May, within the same calendar year. Planting month from the published calendar.",8,8
LK_8fb22abb1c33,LK,Sri Lanka,Chinese yam,Maha,-2,3,supplied_season_calendar,"Harvest month DERIVED: the source stamps month 3 on all 43,817 rows. Maha is the northeast-monsoon season, sown around October of the PREVIOUS calendar year - so the planting month and -1 offset come from the published Sri Lankan calendar, not the source, whose planting_year always equals harvest_year and is therefore only a stamp.",8,0
LK_0e65a02ec3a4,LK,Sri Lanka,Chinese yam,Yala,5,8,supplied_season_calendar,"Harvest month DERIVED: the source stamps month 8 on all 36,779 rows. Yala is the southwest-monsoon season, sown around May, within the same calendar year. Planting month from the published calendar.",8,0
LK_4047505b8523,LK,Sri Lanka,Cinnamon,Calendar Year,1,12,calendar_year_assumption,January–December of reported year. Annual aggregation or missing crop calendar; crop-specific window remains unresolved.,8,6
LK_98802118e311,LK,Sri Lanka,Clove,Calendar Year,1,12,calendar_year_assumption,January–December of reported year. Annual aggregation or missing crop calendar; crop-specific window remains unresolved.,6,0
LK_0b2c2a51dd08,LK,Sri Lanka,Clove,Cropping Year,1,12,calendar_year_assumption,January–December of reported year. Annual aggregation or missing crop calendar; crop-specific window remains unresolved.,6,0
LK_b07332d4558e,LK,Sri Lanka,Cocoa,Calendar Year,1,12,calendar_year_assumption,January–December of reported year. Annual aggregation or missing crop calendar; crop-specific window remains unresolved.,8,0
LK_9f5f3e821821,LK,Sri Lanka,Coffee,Calendar Year,1,12,calendar_year_assumption,January–December of reported year. Annual aggregation or missing crop calendar; crop-specific window remains unresolved.,8,0
LK_ba00c72363a0,LK,Sri Lanka,Cowpea,Maha,-2,3,supplied_season_calendar,"Harvest month DERIVED: the source stamps month 3 on all 43,817 rows. Maha is the northeast-monsoon season, sown around October of the PREVIOUS calendar year - so the planting month and -1 offset come from the published Sri Lankan calendar, not the source, whose planting_year always equals harvest_year and is therefore only a stamp.",8,7
LK_afe4525f5bf8,LK,Sri Lanka,Cowpea,Yala,5,8,supplied_season_calendar,"Harvest month DERIVED: the source stamps month 8 on all 36,779 rows. Yala is the southwest-monsoon season, sown around May, within the same calendar year. Planting month from the published calendar.",8,0
LK_c8ec04e5e7aa,LK,Sri Lanka,Cucumber,Maha,-2,3,supplied_season_calendar,"Harvest month DERIVED: the source stamps month 3 on all 43,817 rows. Maha is the northeast-monsoon season, sown around October of the PREVIOUS calendar year - so the planting month and -1 offset come from the published Sri Lankan calendar, not the source, whose planting_year always equals harvest_year and is therefore only a stamp.",8,0
LK_41417b9b7fd2,LK,Sri Lanka,Cucumber,Yala,5,8,supplied_season_calendar,"Harvest month DERIVED: the source stamps month 8 on all 36,779 rows. Yala is the southwest-monsoon season, sown around May, within the same calendar year. Planting month from the published calendar.",8,0
LK_157d13c5b986,LK,Sri Lanka,Eggplant,Maha,-2,3,supplied_season_calendar,"Harvest month DERIVED: the source stamps month 3 on all 43,817 rows. Maha is the northeast-monsoon season, sown around October of the PREVIOUS calendar year - so the planting month and -1 offset come from the published Sri Lankan calendar, not the source, whose planting_year always equals harvest_year and is therefore only a stamp.",8,0
LK_be64427a1fa2,LK,Sri Lanka,Eggplant,Yala,5,8,supplied_season_calendar,"Harvest month DERIVED: the source stamps month 8 on all 36,779 rows. Yala is the southwest-monsoon season, sown around May, within the same calendar year. Planting month from the published calendar.",8,0
LK_32c5c57b4866,LK,Sri Lanka,Finger millet,Maha,-2,3,supplied_season_calendar,"Harvest month DERIVED: the source stamps month 3 on all 43,817 rows. Maha is the northeast-monsoon season, sown around October of the PREVIOUS calendar year - so the planting month and -1 offset come from the published Sri Lankan calendar, not the source, whose planting_year always equals harvest_year and is therefore only a stamp.",8,7
LK_996a914f8e4e,LK,Sri Lanka,Finger millet,Yala,5,8,supplied_season_calendar,"Harvest month DERIVED: the source stamps month 8 on all 36,779 rows. Yala is the southwest-monsoon season, sown around May, within the same calendar year. Planting month from the published calendar.",7,6
LK_613868978553,LK,Sri Lanka,Ginger,Maha,-2,3,supplied_season_calendar,"Harvest month DERIVED: the source stamps month 3 on all 43,817 rows. Maha is the northeast-monsoon season, sown around October of the PREVIOUS calendar year - so the planting month and -1 offset come from the published Sri Lankan calendar, not the source, whose planting_year always equals harvest_year and is therefore only a stamp.",8,6
LK_0d8314ebc0b5,LK,Sri Lanka,Ginger,Yala,5,8,supplied_season_calendar,"Harvest month DERIVED: the source stamps month 8 on all 36,779 rows. Yala is the southwest-monsoon season, sown around May, within the same calendar year. Planting month from the published calendar.",8,0
LK_25a944bcdd52,LK,Sri Lanka,"Groundnut, in shell",Maha,-2,3,supplied_season_calendar,"Harvest month DERIVED: the source stamps month 3 on all 43,817 rows. Maha is the northeast-monsoon season, sown around October of the PREVIOUS calendar year - so the planting month and -1 offset come from the published Sri Lankan calendar, not the source, whose planting_year always equals harvest_year and is therefore only a stamp.",8,7
LK_cefc52f10b2d,LK,Sri Lanka,"Groundnut, in shell",Yala,5,8,supplied_season_calendar,"Harvest month DERIVED: the source stamps month 8 on all 36,779 rows. Yala is the southwest-monsoon season, sown around May, within the same calendar year. Planting month from the published calendar.",7,0
LK_c9444f81cf40,LK,Sri Lanka,Guar,Maha,-2,3,supplied_season_calendar,"Harvest month DERIVED: the source stamps month 3 on all 43,817 rows. Maha is the northeast-monsoon season, sown around October of the PREVIOUS calendar year - so the planting month and -1 offset come from the published Sri Lankan calendar, not the source, whose planting_year always equals harvest_year and is therefore only a stamp.",8,0
LK_b3cd4005f083,LK,Sri Lanka,Guar,Yala,5,8,supplied_season_calendar,"Harvest month DERIVED: the source stamps month 8 on all 36,779 rows. Yala is the southwest-monsoon season, sown around May, within the same calendar year. Planting month from the published calendar.",8,0
LK_d0602665fd6f,LK,Sri Lanka,Jackfruit,Yala,5,8,supplied_season_calendar,"Harvest month DERIVED: the source stamps month 8 on all 36,779 rows. Yala is the southwest-monsoon season, sown around May, within the same calendar year. Planting month from the published calendar.",8,0
LK_944cdbfc860a,LK,Sri Lanka,Kohila,Maha,-2,3,supplied_season_calendar,"Harvest month DERIVED: the source stamps month 3 on all 43,817 rows. Maha is the northeast-monsoon season, sown around October of the PREVIOUS calendar year - so the planting month and -1 offset come from the published Sri Lankan calendar, not the source, whose planting_year always equals harvest_year and is therefore only a stamp.",8,0
LK_76dbf39bf29d,LK,Sri Lanka,Kohila,Yala,5,8,supplied_season_calendar,"Harvest month DERIVED: the source stamps month 8 on all 36,779 rows. Yala is the southwest-monsoon season, sown around May, within the same calendar year. Planting month from the published calendar.",8,0
LK_0fa491fa79ba,LK,Sri Lanka,Leek,Maha,-2,3,supplied_season_calendar,"Harvest month DERIVED: the source stamps month 3 on all 43,817 rows. Maha is the northeast-monsoon season, sown around October of the PREVIOUS calendar year - so the planting month and -1 offset come from the published Sri Lankan calendar, not the source, whose planting_year always equals harvest_year and is therefore only a stamp.",6,0
LK_8d51af76b3ad,LK,Sri Lanka,Leek,Yala,5,8,supplied_season_calendar,"Harvest month DERIVED: the source stamps month 8 on all 36,779 rows. Yala is the southwest-monsoon season, sown around May, within the same calendar year. Planting month from the published calendar.",5,0
LK_4ec5ecc722a8,LK,Sri Lanka,Maize,Maha,-2,3,supplied_season_calendar,"Harvest month DERIVED: the source stamps month 3 on all 43,817 rows. Maha is the northeast-monsoon season, sown around October of the PREVIOUS calendar year - so the planting month and -1 offset come from the published Sri Lankan calendar, not the source, whose planting_year always equals harvest_year and is therefore only a stamp.",8,7
LK_6393554c6cd0,LK,Sri Lanka,Maize,Yala,5,8,supplied_season_calendar,"Harvest month DERIVED: the source stamps month 8 on all 36,779 rows. Yala is the southwest-monsoon season, sown around May, within the same calendar year. Planting month from the published calendar.",8,7
LK_30198ea018dd,LK,Sri Lanka,Mango,Calendar Year,1,12,calendar_year_assumption,January–December of reported year. Annual aggregation or missing crop calendar; crop-specific window remains unresolved.,8,0
LK_a8dd731bd01b,LK,Sri Lanka,Millet,Maha,-2,3,supplied_season_calendar,"Harvest month DERIVED: the source stamps month 3 on all 43,817 rows. Maha is the northeast-monsoon season, sown around October of the PREVIOUS calendar year - so the planting month and -1 offset come from the published Sri Lankan calendar, not the source, whose planting_year always equals harvest_year and is therefore only a stamp.",7,0
LK_cf8d2259cb77,LK,Sri Lanka,Millet,Yala,5,8,supplied_season_calendar,"Harvest month DERIVED: the source stamps month 8 on all 36,779 rows. Yala is the southwest-monsoon season, sown around May, within the same calendar year. Planting month from the published calendar.",7,0
LK_c825fa0555c1,LK,Sri Lanka,Mung bean,Maha,-2,3,supplied_season_calendar,"Harvest month DERIVED: the source stamps month 3 on all 43,817 rows. Maha is the northeast-monsoon season, sown around October of the PREVIOUS calendar year - so the planting month and -1 offset come from the published Sri Lankan calendar, not the source, whose planting_year always equals harvest_year and is therefore only a stamp.",8,7
LK_65a210e6e145,LK,Sri Lanka,Mung bean,Yala,5,8,supplied_season_calendar,"Harvest month DERIVED: the source stamps month 8 on all 36,779 rows. Yala is the southwest-monsoon season, sown around May, within the same calendar year. Planting month from the published calendar.",8,0
LK_ff4fb16e1f94,LK,Sri Lanka,Mustard,Maha,-2,3,supplied_season_calendar,"Harvest month DERIVED: the source stamps month 3 on all 43,817 rows. Maha is the northeast-monsoon season, sown around October of the PREVIOUS calendar year - so the planting month and -1 offset come from the published Sri Lankan calendar, not the source, whose planting_year always equals harvest_year and is therefore only a stamp.",8,4
LK_a72dee110d4d,LK,Sri Lanka,Mustard,Yala,5,8,supplied_season_calendar,"Harvest month DERIVED: the source stamps month 8 on all 36,779 rows. Yala is the southwest-monsoon season, sown around May, within the same calendar year. Planting month from the published calendar.",8,0
LK_a5d3561d80ab,LK,Sri Lanka,Okra,Maha,-2,3,supplied_season_calendar,"Harvest month DERIVED: the source stamps month 3 on all 43,817 rows. Maha is the northeast-monsoon season, sown around October of the PREVIOUS calendar year - so the planting month and -1 offset come from the published Sri Lankan calendar, not the source, whose planting_year always equals harvest_year and is therefore only a stamp.",8,0
LK_30e5ea5a93a3,LK,Sri Lanka,Okra,Yala,5,8,supplied_season_calendar,"Harvest month DERIVED: the source stamps month 8 on all 36,779 rows. Yala is the southwest-monsoon season, sown around May, within the same calendar year. Planting month from the published calendar.",8,0
LK_2ed46e33f7b6,LK,Sri Lanka,Onion,Maha,-2,3,supplied_season_calendar,"Harvest month DERIVED: the source stamps month 3 on all 43,817 rows. Maha is the northeast-monsoon season, sown around October of the PREVIOUS calendar year - so the planting month and -1 offset come from the published Sri Lankan calendar, not the source, whose planting_year always equals harvest_year and is therefore only a stamp.",8,0
LK_f641643bb6a5,LK,Sri Lanka,Onion,Yala,5,8,supplied_season_calendar,"Harvest month DERIVED: the source stamps month 8 on all 36,779 rows. Yala is the southwest-monsoon season, sown around May, within the same calendar year. Planting month from the published calendar.",7,0
LK_aea15a174da7,LK,Sri Lanka,"Onion, non-white",Maha,-2,3,supplied_season_calendar,"Harvest month DERIVED: the source stamps month 3 on all 43,817 rows. Maha is the northeast-monsoon season, sown around October of the PREVIOUS calendar year - so the planting month and -1 offset come from the published Sri Lankan calendar, not the source, whose planting_year always equals harvest_year and is therefore only a stamp.",7,7
LK_f74fe9bce313,LK,Sri Lanka,"Onion, non-white",Yala,5,8,supplied_season_calendar,"Harvest month DERIVED: the source stamps month 8 on all 36,779 rows. Yala is the southwest-monsoon season, sown around May, within the same calendar year. Planting month from the published calendar.",7,0
LK_78943b5fdaa5,LK,Sri Lanka,Papaya,Calendar Year,1,12,calendar_year_assumption,January–December of reported year. Annual aggregation or missing crop calendar; crop-specific window remains unresolved.,8,0
LK_187ab633fb70,LK,Sri Lanka,Pineapple,Calendar Year,1,12,calendar_year_assumption,January–December of reported year. Annual aggregation or missing crop calendar; crop-specific window remains unresolved.,8,0
LK_5f54f844fee7,LK,Sri Lanka,Plantain,Calendar Year,1,12,calendar_year_assumption,January–December of reported year. Annual aggregation or missing crop calendar; crop-specific window remains unresolved.,8,0
LK_a5fccce74ec9,LK,Sri Lanka,"Plantain, horse",Maha,-2,3,supplied_season_calendar,"Harvest month DERIVED: the source stamps month 3 on all 43,817 rows. Maha is the northeast-monsoon season, sown around October of the PREVIOUS calendar year - so the planting month and -1 offset come from the published Sri Lankan calendar, not the source, whose planting_year always equals harvest_year and is therefore only a stamp.",8,8
LK_3fc952ca10b0,LK,Sri Lanka,"Plantain, horse",Yala,5,8,supplied_season_calendar,"Harvest month DERIVED: the source stamps month 8 on all 36,779 rows. Yala is the southwest-monsoon season, sown around May, within the same calendar year. Planting month from the published calendar.",8,8
LK_48e0f6667eac,LK,Sri Lanka,Potato,Calendar Year,1,12,calendar_year_assumption,January–December of reported year. Annual aggregation or missing crop calendar; crop-specific window remains unresolved.,2,0
LK_a65cf69e89a7,LK,Sri Lanka,Potato,Maha,-2,3,supplied_season_calendar,"Harvest month DERIVED: the source stamps month 3 on all 43,817 rows. Maha is the northeast-monsoon season, sown around October of the PREVIOUS calendar year - so the planting month and -1 offset come from the published Sri Lankan calendar, not the source, whose planting_year always equals harvest_year and is therefore only a stamp.",5,0
LK_6eb61fda0d54,LK,Sri Lanka,Potato,Yala,5,8,supplied_season_calendar,"Harvest month DERIVED: the source stamps month 8 on all 36,779 rows. Yala is the southwest-monsoon season, sown around May, within the same calendar year. Planting month from the published calendar.",5,0
LK_3214c9ef0e35,LK,Sri Lanka,Proso millet,Maha,-2,3,supplied_season_calendar,"Harvest month DERIVED: the source stamps month 3 on all 43,817 rows. Maha is the northeast-monsoon season, sown around October of the PREVIOUS calendar year - so the planting month and -1 offset come from the published Sri Lankan calendar, not the source, whose planting_year always equals harvest_year and is therefore only a stamp.",6,0
LK_dd106daf5651,LK,Sri Lanka,Proso millet,Yala,5,8,supplied_season_calendar,"Harvest month DERIVED: the source stamps month 8 on all 36,779 rows. Yala is the southwest-monsoon season, sown around May, within the same calendar year. Planting month from the published calendar.",7,0
LK_285ad5e80b3e,LK,Sri Lanka,Pumpkin,Maha,-2,3,supplied_season_calendar,"Harvest month DERIVED: the source stamps month 3 on all 43,817 rows. Maha is the northeast-monsoon season, sown around October of the PREVIOUS calendar year - so the planting month and -1 offset come from the published Sri Lankan calendar, not the source, whose planting_year always equals harvest_year and is therefore only a stamp.",8,0
LK_e3d192b4d1da,LK,Sri Lanka,Pumpkin,Yala,5,8,supplied_season_calendar,"Harvest month DERIVED: the source stamps month 8 on all 36,779 rows. Yala is the southwest-monsoon season, sown around May, within the same calendar year. Planting month from the published calendar.",8,0
LK_a77044a618ef,LK,Sri Lanka,Radish,Maha,-2,3,supplied_season_calendar,"Harvest month DERIVED: the source stamps month 3 on all 43,817 rows. Maha is the northeast-monsoon season, sown around October of the PREVIOUS calendar year - so the planting month and -1 offset come from the published Sri Lankan calendar, not the source, whose planting_year always equals harvest_year and is therefore only a stamp.",8,0
LK_3c3c94bf1f95,LK,Sri Lanka,Radish,Yala,5,8,supplied_season_calendar,"Harvest month DERIVED: the source stamps month 8 on all 36,779 rows. Yala is the southwest-monsoon season, sown around May, within the same calendar year. Planting month from the published calendar.",8,0
LK_07323116cac8,LK,Sri Lanka,"Rice, paddy",Maha,-2,3,prior_panel_window,Established panel window; see original report for calendar caveats.,8,8
LK_28b2cc18bcc7,LK,Sri Lanka,"Rice, paddy",Yala,5,8,prior_panel_window,Established panel window; see original report for calendar caveats.,8,8
LK_360d951634a4,LK,Sri Lanka,Ridge gourd,Maha,-2,3,supplied_season_calendar,"Harvest month DERIVED: the source stamps month 3 on all 43,817 rows. Maha is the northeast-monsoon season, sown around October of the PREVIOUS calendar year - so the planting month and -1 offset come from the published Sri Lankan calendar, not the source, whose planting_year always equals harvest_year and is therefore only a stamp.",8,0
LK_1e11b5b3c4a0,LK,Sri Lanka,Ridge gourd,Yala,5,8,supplied_season_calendar,"Harvest month DERIVED: the source stamps month 8 on all 36,779 rows. Yala is the southwest-monsoon season, sown around May, within the same calendar year. Planting month from the published calendar.",8,0
LK_b6c021ffe8b5,LK,Sri Lanka,Rutabaga,Maha,-2,3,supplied_season_calendar,"Harvest month DERIVED: the source stamps month 3 on all 43,817 rows. Maha is the northeast-monsoon season, sown around October of the PREVIOUS calendar year - so the planting month and -1 offset come from the published Sri Lankan calendar, not the source, whose planting_year always equals harvest_year and is therefore only a stamp.",7,0
LK_de3c8f903dd3,LK,Sri Lanka,Rutabaga,Yala,5,8,supplied_season_calendar,"Harvest month DERIVED: the source stamps month 8 on all 36,779 rows. Yala is the southwest-monsoon season, sown around May, within the same calendar year. Planting month from the published calendar.",8,0
LK_8416d31c94ba,LK,Sri Lanka,Sesame,Maha,-2,3,supplied_season_calendar,"Harvest month DERIVED: the source stamps month 3 on all 43,817 rows. Maha is the northeast-monsoon season, sown around October of the PREVIOUS calendar year - so the planting month and -1 offset come from the published Sri Lankan calendar, not the source, whose planting_year always equals harvest_year and is therefore only a stamp.",7,7
LK_c1544fa7af0e,LK,Sri Lanka,Sesame,Yala,5,8,supplied_season_calendar,"Harvest month DERIVED: the source stamps month 8 on all 36,779 rows. Yala is the southwest-monsoon season, sown around May, within the same calendar year. Planting month from the published calendar.",7,0
LK_21cc240aba13,LK,Sri Lanka,Snake gourd,Maha,-2,3,supplied_season_calendar,"Harvest month DERIVED: the source stamps month 3 on all 43,817 rows. Maha is the northeast-monsoon season, sown around October of the PREVIOUS calendar year - so the planting month and -1 offset come from the published Sri Lankan calendar, not the source, whose planting_year always equals harvest_year and is therefore only a stamp.",8,0
LK_7eecb7378454,LK,Sri Lanka,Snake gourd,Yala,5,8,supplied_season_calendar,"Harvest month DERIVED: the source stamps month 8 on all 36,779 rows. Yala is the southwest-monsoon season, sown around May, within the same calendar year. Planting month from the published calendar.",8,0
LK_46c6c71b7e6f,LK,Sri Lanka,Sorghum,Maha,-2,3,supplied_season_calendar,"Harvest month DERIVED: the source stamps month 3 on all 43,817 rows. Maha is the northeast-monsoon season, sown around October of the PREVIOUS calendar year - so the planting month and -1 offset come from the published Sri Lankan calendar, not the source, whose planting_year always equals harvest_year and is therefore only a stamp.",1,0
LK_1772be665161,LK,Sri Lanka,Soybean,Maha,-2,3,supplied_season_calendar,"Harvest month DERIVED: the source stamps month 3 on all 43,817 rows. Maha is the northeast-monsoon season, sown around October of the PREVIOUS calendar year - so the planting month and -1 offset come from the published Sri Lankan calendar, not the source, whose planting_year always equals harvest_year and is therefore only a stamp.",5,0
LK_2f001213ffac,LK,Sri Lanka,Soybean,Yala,5,8,supplied_season_calendar,"Harvest month DERIVED: the source stamps month 8 on all 36,779 rows. Yala is the southwest-monsoon season, sown around May, within the same calendar year. Planting month from the published calendar.",5,0
LK_912f8fdd5a2c,LK,Sri Lanka,Sugarcane,Calendar Year,1,12,calendar_year_assumption,January–December of reported year. Annual aggregation or missing crop calendar; crop-specific window remains unresolved.,8,0
LK_0264dcc7bc8b,LK,Sri Lanka,Sweet potato,Maha,-2,3,supplied_season_calendar,"Harvest month DERIVED: the source stamps month 3 on all 43,817 rows. Maha is the northeast-monsoon season, sown around October of the PREVIOUS calendar year - so the planting month and -1 offset come from the published Sri Lankan calendar, not the source, whose planting_year always equals harvest_year and is therefore only a stamp.",8,8
LK_b48f8a2c081a,LK,Sri Lanka,Sweet potato,Yala,5,8,supplied_season_calendar,"Harvest month DERIVED: the source stamps month 8 on all 36,779 rows. Yala is the southwest-monsoon season, sown around May, within the same calendar year. Planting month from the published calendar.",8,0
LK_e1c041713e3e,LK,Sri Lanka,Swiss chard,Maha,-2,3,supplied_season_calendar,"Harvest month DERIVED: the source stamps month 3 on all 43,817 rows. Maha is the northeast-monsoon season, sown around October of the PREVIOUS calendar year - so the planting month and -1 offset come from the published Sri Lankan calendar, not the source, whose planting_year always equals harvest_year and is therefore only a stamp.",8,5
LK_820681979099,LK,Sri Lanka,Swiss chard,Yala,5,8,supplied_season_calendar,"Harvest month DERIVED: the source stamps month 8 on all 36,779 rows. Yala is the southwest-monsoon season, sown around May, within the same calendar year. Planting month from the published calendar.",6,4
LK_e6259b82668d,LK,Sri Lanka,Taro,Maha,-2,3,supplied_season_calendar,"Harvest month DERIVED: the source stamps month 3 on all 43,817 rows. Maha is the northeast-monsoon season, sown around October of the PREVIOUS calendar year - so the planting month and -1 offset come from the published Sri Lankan calendar, not the source, whose planting_year always equals harvest_year and is therefore only a stamp.",8,0
LK_9d8fc2c2940e,LK,Sri Lanka,Taro,Yala,5,8,supplied_season_calendar,"Harvest month DERIVED: the source stamps month 8 on all 36,779 rows. Yala is the southwest-monsoon season, sown around May, within the same calendar year. Planting month from the published calendar.",8,0
LK_1f0628970d5a,LK,Sri Lanka,Tea,Calendar Year,1,12,calendar_year_assumption,January–December of reported year. Annual aggregation or missing crop calendar; crop-specific window remains unresolved.,5,0
LK_53f7129a6e99,LK,Sri Lanka,Tomato,Maha,-2,3,supplied_season_calendar,"Harvest month DERIVED: the source stamps month 3 on all 43,817 rows. Maha is the northeast-monsoon season, sown around October of the PREVIOUS calendar year - so the planting month and -1 offset come from the published Sri Lankan calendar, not the source, whose planting_year always equals harvest_year and is therefore only a stamp.",8,8
LK_a42268930ab6,LK,Sri Lanka,Tomato,Yala,5,8,supplied_season_calendar,"Harvest month DERIVED: the source stamps month 8 on all 36,779 rows. Yala is the southwest-monsoon season, sown around May, within the same calendar year. Planting month from the published calendar.",8,8
LK_804a9478c440,LK,Sri Lanka,Turmeric,Maha,-2,3,supplied_season_calendar,"Harvest month DERIVED: the source stamps month 3 on all 43,817 rows. Maha is the northeast-monsoon season, sown around October of the PREVIOUS calendar year - so the planting month and -1 offset come from the published Sri Lankan calendar, not the source, whose planting_year always equals harvest_year and is therefore only a stamp.",8,6
LK_60504e625afb,LK,Sri Lanka,Turmeric,Yala,5,8,supplied_season_calendar,"Harvest month DERIVED: the source stamps month 8 on all 36,779 rows. Yala is the southwest-monsoon season, sown around May, within the same calendar year. Planting month from the published calendar.",8,0
LK_cbce2f04a379,LK,Sri Lanka,Yardlong bean,Maha,-2,3,supplied_season_calendar,"Harvest month DERIVED: the source stamps month 3 on all 43,817 rows. Maha is the northeast-monsoon season, sown around October of the PREVIOUS calendar year - so the planting month and -1 offset come from the published Sri Lankan calendar, not the source, whose planting_year always equals harvest_year and is therefore only a stamp.",8,0
LK_be214839479a,LK,Sri Lanka,Yardlong bean,Yala,5,8,supplied_season_calendar,"Harvest month DERIVED: the source stamps month 8 on all 36,779 rows. Yala is the southwest-monsoon season, sown around May, within the same calendar year. Planting month from the published calendar.",8,0
MY_8035fcff9672,MY,Malaysia,Cash crops,Annual,1,12,calendar_year_assumption,January–December of reported year. Annual aggregation or missing crop calendar; crop-specific window remains unresolved.,13,0
MY_61b651c8681d,MY,Malaysia,"Cash crops, major",Calendar Year,1,12,calendar_year_assumption,January–December of reported year. Annual aggregation or missing crop calendar; crop-specific window remains unresolved.,13,0
MY_043831739c85,MY,Malaysia,Cocoa,Annual,1,12,calendar_year_assumption,January–December of reported year. Annual aggregation or missing crop calendar; crop-specific window remains unresolved.,2,0
MY_9725948841ae,MY,Malaysia,"Coconut, in shell",Annual,1,12,calendar_year_assumption,January–December of reported year. Annual aggregation or missing crop calendar; crop-specific window remains unresolved.,13,0
MY_892b8500d5c7,MY,Malaysia,"Fruit, major",Calendar Year,1,12,calendar_year_assumption,January–December of reported year. Annual aggregation or missing crop calendar; crop-specific window remains unresolved.,13,0
MY_c8b490b675a6,MY,Malaysia,"Fruit, mixed",Annual,1,12,calendar_year_assumption,January–December of reported year. Annual aggregation or missing crop calendar; crop-specific window remains unresolved.,13,0
MY_38294433166f,MY,Malaysia,Pineapple,Annual,1,12,calendar_year_assumption,January–December of reported year. Annual aggregation or missing crop calendar; crop-specific window remains unresolved.,13,0
MY_85b2ed365fd2,MY,Malaysia,"Rice, paddy",Annual,1,12,calendar_year_assumption,January–December of reported year. Annual aggregation or missing crop calendar; crop-specific window remains unresolved.,13,0
MY_76a77baec533,MY,Malaysia,"Rice, paddy",Calendar Year,1,12,calendar_year_assumption,January–December of reported year. Annual aggregation or missing crop calendar; crop-specific window remains unresolved.,13,0
MY_06da241e812e,MY,Malaysia,"Rice, paddy",Main,8,12,supplied_season_calendar,"Malaysia's main rice season (musim utama), planted around the start of the northeast monsoon. No date fields in the source.",2,0
MY_e9edde7ed22b,MY,Malaysia,"Rice, paddy",Off,2,6,supplied_season_calendar,"The off-season (musim luar), largely irrigated. No date fields in the source.",2,0
MY_d6a3cb8ca917,MY,Malaysia,"Vegetables, major",Calendar Year,1,12,calendar_year_assumption,January–December of reported year. Annual aggregation or missing crop calendar; crop-specific window remains unresolved.,13,0
MY_477342d41c44,MY,Malaysia,"Vegetables, mixed",Annual,1,12,calendar_year_assumption,January–December of reported year. Annual aggregation or missing crop calendar; crop-specific window remains unresolved.,13,0
